Run_30002_cycle4_RRA_q_uniform250_rad
version=1
nRows=278
nColumns=40
inDegrees=no
endheader
time	pelvis_tilt	pelvis_list	pelvis_rotation	pelvis_tx	pelvis_ty	pelvis_tz	hip_flexion_r	hip_adduction_r	hip_rotation_r	knee_angle_r	knee_angle_r_beta	ankle_angle_r	subtalar_angle_r	mtp_angle_r	hip_flexion_l	hip_adduction_l	hip_rotation_l	knee_angle_l	knee_angle_l_beta	ankle_angle_l	subtalar_angle_l	mtp_angle_l	lumbar_extension	lumbar_bending	lumbar_rotation	arm_flex_r	arm_add_r	arm_rot_r	elbow_flex_r	pro_sup_r	wrist_flex_r	wrist_dev_r	arm_flex_l	arm_add_l	arm_rot_l	elbow_flex_l	pro_sup_l	wrist_flex_l	wrist_dev_l
      2.47500000000000008882	     -0.28427933806232619229	      0.02843735329117915572	      0.04975871964243672174	      0.94583835547762218354	      0.98837705587563029486	     -0.34452580301967888898	      0.73547456237957220537	     -0.05465313480894240517	      0.09828190975388924333	      1.66369099434780287616	      1.66369099434780265412	      0.02168208209590871682	      0.00000000000000000000	      0.00000000000000000000	      0.39064366115402965329	      0.14293555112481420855	     -0.00141342450835534755	      0.67297700038985397430	      0.67297700038985397430	      0.29938681998942595630	      0.00000000000000000000	      0.00000000000000000000	      0.05073011428682743656	     -0.05818205078124820406	     -0.10440711424065485247	     -0.55493383819708519411	     -0.33586130697688165725	     -0.10997520176639569156	      1.45536344326280064898	      1.43415947444323288451	      0.00000000000000000000	      0.00000000000000000000	     -0.41904427143464040295	     -0.22442834428603511410	     -0.15113840748787449320	      1.88627356068194651506	      1.32357800538515113509	      0.00000000000000000000	      0.00000000000000000000
      2.47900000000000009237	     -0.28844826575514426192	      0.02733724913594538439	      0.04593315010651759234	      0.94623729857143501487	      0.99032036926456878945	     -0.34441569910316022218	      0.75283936311404975328	     -0.05122666478534977641	      0.10174538898548284027	      1.65008578395449045928	      1.65008578395449045928	      0.02701706453083580969	     -0.00000000000000000035	     -0.00000000000000000000	      0.37293521828184400535	      0.14060608618444819795	     -0.00036867835492882829	      0.65472847113910592753	      0.65472847113910592753	      0.29043187420499505524	     -0.00000000000000001046	     -0.00000000000000001590	      0.05865354701413692112	     -0.05532493877214383210	     -0.10911281877519063421	     -0.56860297439140794484	     -0.33961366074917209712	     -0.11181801409096639444	      1.46826929769398706327	      1.43427672808964379314	      0.00000000000000000027	      0.00000000000000000147	     -0.42127762262038220831	     -0.22302845683087674233	     -0.15514402947863234483	      1.90691618321471345610	      1.32336425277982172588	     -0.00000000000000000014	     -0.00000000000000000052
      2.48300000000000009592	     -0.29264899440738045833	      0.02599824200128421706	      0.04198359202862243095	      0.94671160462269532410	      0.99239368528375337952	     -0.34430228682491087477	      0.76935032375618073175	     -0.04772870792935948736	      0.10435203405943468957	      1.63480237312248233295	      1.63480237312248233295	      0.03247057928777223601	     -0.00000000000000000067	      0.00000000000000000006	      0.35520064650532617856	      0.13793267431521061273	      0.00047228544205296018	      0.63600713228257876874	      0.63600713228257876874	      0.27889537753611126636	     -0.00000000000000002349	     -0.00000000000000001382	      0.06677474128379241869	     -0.05208496627379393534	     -0.11371165928788221078	     -0.58226084022302704302	     -0.34356188639246365568	     -0.11398067321033540644	      1.48210128089589687761	      1.43429634337182609904	      0.00000000000000000101	      0.00000000000000000389	     -0.42402205896963268694	     -0.22136832359454008956	     -0.15929090564519676754	      1.92789923815755326331	      1.32309809620774143646	     -0.00000000000000000094	     -0.00000000000000000134
      2.48700000000000009948	     -0.29683817792070360531	      0.02432975608646340687	      0.03792158924835432182	      0.94725813250293078305	      0.99459069208948192031	     -0.34418550648930523739	      0.78493851588145813203	     -0.04409890347544442868	      0.10598628832150895629	      1.61787079804156741503	      1.61787079804156697094	      0.03803779633662963955	     -0.00000000000000000035	     -0.00000000000000000011	      0.33748160704251040087	      0.13480323115166628622	      0.00096973942323516030	      0.61692534465476367433	      0.61692534465476356331	      0.26463189408220905152	     -0.00000000000000003137	     -0.00000000000000000752	      0.07502795298831585469	     -0.04834875913439245360	     -0.11816599858256648936	     -0.59588325530260266572	     -0.34760996270954819254	     -0.11654260642098507317	      1.49653935513272240421	      1.43419786574768504117	      0.00000000000000000224	      0.00000000000000000564	     -0.42710923874457856764	     -0.21948877286002366205	     -0.16340723304823148720	      1.94891863403953302658	      1.32277275976897268350	     -0.00000000000000000214	     -0.00000000000000000279
      2.49100000000000010303	     -0.30096359205886497046	      0.02224586134812605795	      0.03376460003681617389	      0.94787336900182395105	      0.99690512898902006178	     -0.34406535393535520040	      0.79953113827238486699	     -0.04027261351463055916	      0.10655268985384207248	      1.59932140257094324021	      1.59932140257094301816	      0.04367646316173241089	     -0.00000000000000000051	      0.00000000000000000019	      0.31979961753519814405	      0.13111789248005306652	      0.00099740306996596944	      0.59757797640965248931	      0.59757797640965237829	      0.24753510872494768891	     -0.00000000000000003921	     -0.00000000000000001338	      0.08333149168690821840	     -0.04401030669028038050	     -0.12243427452842914338	     -0.60948417278447186707	     -0.35164798700062216419	     -0.11958167579854014906	      1.51130647736592571562	      1.43395799540586965648	      0.00000000000000000382	      0.00000000000000000754	     -0.43037992839555527791	     -0.21743904400090352524	     -0.16732175674840593649	      1.96973674658181630015	      1.32238690414338577739	     -0.00000000000000000309	     -0.00000000000000000470
      2.49500000000000010658	     -0.30496859124128178342	      0.01967767173843102887	      0.02953347126197596040	      0.94855322619684223628	      0.99933027663018325626	     -0.34394169499813592727	      0.81305889247626594862	     -0.03619246986061495919	      0.10598893679749415986	      1.57918644412977493552	      1.57918644412977449143	      0.04931552790470109665	     -0.00000000000000000041	      0.00000000000000000012	      0.30216201242999901622	      0.12680240330139511129	      0.00045274052400231054	      0.57804642559085706033	      0.57804642559085694931	      0.22755856422264383876	     -0.00000000000000004173	     -0.00000000000000002463	      0.09159291504526041738	     -0.03898671594788085532	     -0.12647157957931060013	     -0.62310880739059848477	     -0.35555756757198375695	     -0.12316525796574420704	      1.52617691506039565574	      1.43355290982859506776	      0.00000000000000000532	      0.00000000000000001014	     -0.43369195752519285048	     -0.21527688180824183783	     -0.17087499303542197371	      1.99018558658377475723	      1.32194502122967882940	     -0.00000000000000000387	     -0.00000000000000000656
      2.49900000000000011013	     -0.30879737360937686841	      0.01658500064279111105	      0.02525002530955577223	      0.94929281628991069031	      1.00185841939580622117	     -0.34381412456576271319	      0.82546377053069641683	     -0.03181968391875229785	      0.10427575438882127901	      1.55750142801399582559	      1.55750142801399560355	      0.05486627375256203365	      0.00000000000000000101	     -0.00000000000000000019	      0.28457020179573455643	      0.12182025651649715237	     -0.00073521125801467987	      0.55840571658531423793	      0.55840571658531401589	      0.20473569265324031985	     -0.00000000000000003220	     -0.00000000000000005423	      0.09971581084399691597	     -0.03323282477011601371	     -0.13023065841233352757	     -0.63682301974782462572	     -0.35921855694153881355	     -0.12734163998525396821	      1.54097907734611916375	      1.43296102290851545824	      0.00000000000000000664	      0.00000000000000001243	     -0.43692762790780570459	     -0.21306796448643680608	     -0.17392983521498428523	      2.01016425628303752049	      1.32145734842300899281	     -0.00000000000000000462	     -0.00000000000000000821
      2.50300000000000011369	     -0.31240050439161187734	      0.01296573304777156460	      0.02093505421685196849	      0.95008621947248184103	      1.00448034194510693595	     -0.34368188313850384086	      0.83670634430793167091	     -0.02714357104369608323	      0.10144221255386820513	      1.53430627207571923520	      1.53430627207571923520	      0.06023449869896467523	      0.00000000000000000389	     -0.00000000000000000002	      0.26702912122465716216	      0.11618199953129970670	     -0.00260094849898632585	      0.53873364877026730380	      0.53873364877026697073	      0.17919652943804748046	     -0.00000000000000001567	     -0.00000000000000008805	      0.10760740280485708853	     -0.02675275752219513636	     -0.13366343948252248919	     -0.65070010139249934156	     -0.36251660260018103710	     -0.13213266956819805231	      1.55559309464199357897	      1.43216585874144231028	      0.00000000000000000819	      0.00000000000000001444	     -0.43999973586479340648	     -0.21088446136707378331	     -0.17638060028299243354	      2.02963147983267155894	      1.32093929615326666216	     -0.00000000000000000505	     -0.00000000000000000956
      2.50700000000000011724	     -0.31573990320459188741	      0.00886193720950698843	      0.01660693520660119077	      0.95092628487537689264	      1.00718495308702293833	     -0.34354383673857341597	      0.84677132070372596040	     -0.02218827428456078901	      0.09756587274750327943	      1.50964608914017195396	      1.50964608914017195396	      0.06533201976609646910	      0.00000000000000000706	      0.00000000000000000045	      0.24955614245502802384	      0.10995074758247642965	     -0.00514083567324656251	      0.51911999544867049039	      0.51911999544867026835	      0.15117782996863152190	     -0.00000000000000000357	     -0.00000000000000012415	      0.11518582860047467398	     -0.01960721785545288531	     -0.13672313406909691880	     -0.66480660894444609799	     -0.36535066238040697639	     -0.13752844781679607333	      1.56994409430540415862	      1.43115873016782879645	      0.00000000000000001000	      0.00000000000000001674	     -0.44285544193984355266	     -0.20880270828098637659	     -0.17815979291180131239	      2.04859454155324272051	      1.32041042736154667914	     -0.00000000000000000532	     -0.00000000000000001119
      2.51100000000000012079	     -0.31879252903111249262	      0.00436192267573852748	      0.01228101475812426804	      0.95180452666422543651	      1.00995911540577609777	     -0.34339851930419146298	      0.85567028508540809995	     -0.01701583761559829697	      0.09276763400114426683	      1.48357134685105473970	      1.48357134685105473970	      0.07008594571029225229	      0.00000000000000001070	      0.00000000000000000012	      0.23218781844843389139	      0.10324313176065524900	     -0.00831473732188304018	      0.49967379015271989884	      0.49967379015271967679	      0.12102359041545149299	     -0.00000000000000001543	     -0.00000000000000017716	      0.12238603881751396185	     -0.01191559035716202412	     -0.13936690166435575233	     -0.67918905919057703802	     -0.36763956777911727114	     -0.14348468501641198358	      1.58399236581640434629	      1.42994093622247842035	      0.00000000000000001185	      0.00000000000000001910	     -0.44547733848652992794	     -0.20690009709381559921	     -0.17924198944220462448	      2.06709605938594753738	      1.31989304893983705469	     -0.00000000000000000581	     -0.00000000000000001280
      2.51500000000000012434	     -0.32155231991955141035	     -0.00040253515571759776	      0.00796979436720266117	      0.95271118748993643965	      1.01278770560644759691	     -0.34324422896354794821	      0.86344124608077144067	     -0.01172473069196341630	      0.08720186380382727309	      1.45613738725283270448	      1.45613738725283248243	      0.07444487240783943804	      0.00000000000000001415	     -0.00000000000000000032	      0.21498356642927951565	      0.09622485499835063683	     -0.01205085360495746112	      0.48052753082857901923	      0.48052753082857879718	      0.08917494797107723692	     -0.00000000000000001897	     -0.00000000000000022517	      0.12916380919682016182	     -0.00385198411894098827	     -0.14155905563233200928	     -0.69386332219307833569	     -0.36932694664496978909	     -0.14992305770998648473	      1.59772183159364011829	      1.42852519361679330956	      0.00000000000000001400	      0.00000000000000002124	     -0.44788143621342108025	     -0.20525134410244694205	     -0.17964438603665691674	      2.08519996327859846730	      1.31941052802411507017	     -0.00000000000000000627	     -0.00000000000000001441
      2.51900000000000012790	     -0.32403018538479916311	     -0.00526444360618632829	      0.00368386688119924427	      0.95363553414897472837	      1.01565389736243716357	     -0.34307916161277468570	      0.87014508034444615348	     -0.00644302313346946289	      0.08104292083640020350	      1.42740343656090251656	      1.42740343656090229452	      0.07838164541616869652	      0.00000000000000001767	     -0.00000000000000000039	      0.19802588992341946250	      0.08910017022562487232	     -0.01625343231480835121	      0.46183770141797986231	      0.46183770141797964026	      0.05614972270663878134	     -0.00000000000000001095	     -0.00000000000000024759	      0.13549771604347563003	      0.00436544101811241897	     -0.14327470650825538390	     -0.70880833790118236148	     -0.37038404219224857483	     -0.15673468553538558168	      1.61112838679617187410	      1.42693603437793736788	      0.00000000000000001612	      0.00000000000000002310	     -0.45011217370013884009	     -0.20392434090908298505	     -0.17942373585587811924	      2.10297796539020298567	      1.31898547928702281062	     -0.00000000000000000662	     -0.00000000000000001601
      2.52300000000000013145	     -0.32625206196850670137	     -0.01003505015394371563	     -0.00056661846158135036	      0.95456640112798529785	      1.01853963807193981239	     -0.34290155775305736219	      0.87585935558875416262	     -0.00131637819374876464	      0.07446967467565146492	      1.39743135640823434862	      1.39743135640823412658	      0.08189260970634697212	      0.00000000000000002161	     -0.00000000000000000043	      0.18141703596403649379	      0.08209566967484883959	     -0.02081241893568437293	      0.44378125656817130062	      0.44378125656817107858	      0.02251275009526335774	      0.00000000000000000237	     -0.00000000000000026404	      0.14138905859913716845	      0.01249141504037296936	     -0.14450350101824130378	     -0.72396489646975792365	     -0.37081020090669603029	     -0.16378652372149191119	      1.62420953119316879842	      1.42520901305506941803	      0.00000000000000001815	      0.00000000000000002490	     -0.45223489612603495758	     -0.20297588827480805840	     -0.17866985752109681984	      2.12049756096508623671	      1.31863798160525069747	     -0.00000000000000000693	     -0.00000000000000001737
      2.52700000000000013500	     -0.32825528886714100407	     -0.01452100005352335334	     -0.00477040346863211260	      0.95549293262655576875	      1.02142627289626086728	     -0.34270983690285805601	      0.88067047313551305443	      0.00350766577552607834	      0.06765027857942453038	      1.36628453634905078218	      1.36628453634905056013	      0.08499358515917869450	      0.00000000000000002610	      0.00000000000000000007	      0.16527230392083797073	      0.07544017115006594609	     -0.02561348933838264452	      0.42654786791986359917	      0.42654786791986337713	     -0.01116084528925789798	      0.00000000000000001886	     -0.00000000000000028521	      0.14685983744711000876	      0.02027487610736534301	     -0.14525282371963513239	     -0.73923909583300717596	     -0.37063110981509594932	     -0.17093006127197291066	      1.63695651223657412388	      1.42338870525019678404	      0.00000000000000001996	      0.00000000000000002692	     -0.45432661696386911210	     -0.20244770941535489284	     -0.17749646779649411177	      2.13781236599853974312	      1.31838400555109180878	     -0.00000000000000000729	     -0.00000000000000001894
      2.53100000000000013856	     -0.33008370743681975101	     -0.01854318683472279752	     -0.00891390869181274068	      0.95640543745156569866	      1.02429526200961240612	     -0.34250269653691539640	      0.88466515440862991682	      0.00789716424729596835	      0.06072942339901106490	      1.33402722034770881976	      1.33402722034770859771	      0.08771313640506502030	      0.00000000000000003105	      0.00000000000000000130	      0.14971056343127367438	      0.06934306553717886623	     -0.03054690653542248627	      0.41032822576067079501	      0.41032822576067062847	     -0.04432650650357931182	      0.00000000000000003677	     -0.00000000000000030779	      0.15194900873620126314	      0.02748219571268558162	     -0.14554979144221968923	     -0.75450951738554750126	     -0.36989509669217651711	     -0.17801155213441569036	      1.64934989574669077506	      1.42152559385726684482	      0.00000000000000002144	      0.00000000000000002887	     -0.45646614184416162141	     -0.20236315013140643293	     -0.17603032874559895737	      2.15495536212329952264	      1.31823422059044492727	     -0.00000000000000000762	     -0.00000000000000002079
      2.53500000000000014211	     -0.33178213012802965087	     -0.02195489060536286174	     -0.01298062271877184655	      0.95729623438214139775	      1.02712892211723594293	     -0.34227915972971950653	      0.88792217540688633814	      0.01175260929298134471	      0.05381986702672750256	      1.30072412291624561753	      1.30072412291624539549	      0.09008453727618448426	      0.00000000000000003596	      0.00000000000000000264	      0.13484326393156698121	      0.06397388145841050033	     -0.03551439348532220430	      0.39529985769654613081	      0.39529985769654585326	     -0.07651098351608381920	      0.00000000000000005238	     -0.00000000000000033347	      0.15670744235967179470	      0.03391936592654531957	     -0.14544158823500696887	     -0.76963678187057904534	     -0.36866796007848762207	     -0.18488279441297714167	      1.66135875492080598015	      1.41967215188195150510	      0.00000000000000002320	      0.00000000000000003108	     -0.45872487864915101330	     -0.20272497432611999435	     -0.17439983753014159928	      2.17193520835986886297	      1.31819330428400394162	     -0.00000000000000000774	     -0.00000000000000002339
      2.53900000000000014566	     -0.33339095582061534229	     -0.02465662901664371007	     -0.01695123152666596494	      0.95816034443999964498	      1.02991111437459181843	     -0.34203856841048307924	      0.89050515414918152146	      0.01502063356688519181	      0.04699962096641837478	      1.26643994153668826286	      1.26643994153668781877	      0.09213824010856934421	      0.00000000000000004135	      0.00000000000000000456	      0.12076363649947814694	      0.05944591127979708539	     -0.04043377029309093429	      0.38161263614784890486	      0.38161263614784862730	     -0.10734832941747436685	      0.00000000000000006604	     -0.00000000000000035100	      0.16119212379956918135	      0.03945006367601292668	     -0.14499388095720749936	     -0.78447401803753502580	     -0.36702691084768512830	     -0.19141136847674622423	      1.67294314848980052446	      1.41787855484233782377	      0.00000000000000002495	      0.00000000000000003327	     -0.46115966456839679877	     -0.20351463374535641582	     -0.17272421748216210124	      2.18873551803000054861	      1.31825983077722308501	     -0.00000000000000000771	     -0.00000000000000002625
      2.54300000000000014921	     -0.33494153204003218605	     -0.02660587165653210961	     -0.02080450178978339101	      0.95899589686427477719	      1.03262780482910332402	     -0.34178053277163994439	      0.89245698800553097119	      0.01770278215744532785	      0.04031518352512873660	      1.23123856267023779054	      1.23123856267023734645	      0.09389585974566232174	      0.00000000000000004651	      0.00000000000000000649	      0.10753749843370769002	      0.05580586229822297878	     -0.04524109976887517870	      0.36937613332852387016	      0.36937613332852353709	     -0.13660702250156533943	      0.00000000000000008467	     -0.00000000000000037541	      0.16545998551175966629	      0.04400745714960231647	     -0.14428728487529690616	     -0.79887696188295176380	     -0.36505428379619897505	     -0.19748942304453709351	      1.68405918171032031871	      1.41618845788047131862	      0.00000000000000002722	      0.00000000000000003528	     -0.46380828204766083589	     -0.20469322078222706995	     -0.17110425054706393522	      2.20531678154788979285	      1.31842672101492008885	     -0.00000000000000000805	     -0.00000000000000002922
      2.54700000000000015277	     -0.33645255900609427613	     -0.02782078054819831642	     -0.02451878564032327831	      0.95980416011513691732	      1.03526744762107281161	     -0.34150486030018695205	      0.89379632436799327788	      0.01985847973302907327	      0.03378995851328982225	      1.19518205048520842482	      1.19518205048520798073	      0.09536553631660057984	      0.00000000000000005260	      0.00000000000000000829	      0.09519668770918363054	      0.05303034412842849016	     -0.04988994741580931452	      0.35865089287801060758	      0.35865089287801021900	     -0.16420486395963918014	      0.00000000000000010411	     -0.00000000000000040652	      0.16956158481343977518	      0.04759886270880276521	     -0.14341212434477429438	     -0.81271261358427637767	     -0.36283169248386321071	     -0.20304029971308856783	      1.69466547494286867703	      1.41463529307866298090	      0.00000000000000002938	      0.00000000000000003722	     -0.46668750336100289777	     -0.20620410472106068256	     -0.16961522878909893186	      2.22162035233843768722	      1.31868211927796585847	     -0.00000000000000000900	     -0.00000000000000003170
      2.55100000000000015632	     -0.33792769065991096200	     -0.02837764507266145667	     -0.02807393566845701668	      0.96058917483472172627	      1.03782115959703058472	     -0.34121149458742083826	      0.89451633328800572720	      0.02160181916244431621	      0.02743652684080221532	      1.15832956028488842648	      1.15832956028488776035	      0.09653844908428961535	      0.00000000000000005846	      0.00000000000000001276	      0.08373592946862767894	      0.05102942690225976963	     -0.05434769257078827381	      0.34944522385083531812	      0.34944522385083487404	     -0.19020914837369543027	      0.00000000000000012551	     -0.00000000000000043886	      0.17353496673030893716	      0.05030296860613003851	     -0.14246194433224562692	     -0.82586572186007600749	     -0.36043514284558669791	     -0.20802241071086918778	      1.70472980400949669644	      1.41323948580056946156	      0.00000000000000003124	      0.00000000000000003912	     -0.46979329783386286623	     -0.20797711467179366696	     -0.16830257351774877139	      2.23757383633631734554	      1.31901053339488605332	     -0.00000000000000001037	     -0.00000000000000003392
      2.55500000000000015987	     -0.33935446580930939131	     -0.02840220426254313688	     -0.03145330148227707540	      0.96135706803973097756	      1.04028267714595856752	     -0.34090048576258485946	      0.89458581235942646881	      0.02309238370820248729	      0.02127096957240265374	      1.12073622643079451322	      1.12073622643079384709	      0.09738682473436985343	      0.00000000000000006412	      0.00000000000000001839	      0.07311357137873028544	      0.04965701078484672376	     -0.05858951563304536786	      0.34171813799235167819	      0.34171813799235123410	     -0.21482119294936632969	      0.00000000000000014440	     -0.00000000000000047306	      0.17740044438231136747	      0.05225988065810299732	     -0.14152648691793584534	     -0.83824297223400279222	     -0.35793129458447831004	     -0.21242990508075521028	      1.71423480883595513724	      1.41200689277044411085	      0.00000000000000003283	      0.00000000000000004110	     -0.47310302719447117070	     -0.20993396008914594342	     -0.16718027190896417311	      2.25309711280909041875	      1.31939410280040703149	     -0.00000000000000001189	     -0.00000000000000003665
      2.55900000000000016342	     -0.34070471311340666531	     -0.02805551068008626733	     -0.03464542530504180484	      0.96211517122354461851	      1.04264809343589681667	     -0.34057200390582731409	      0.89395248575724750584	      0.02452076121114031906	      0.01532716568067242144	      1.08245207926840780743	      1.08245207926840736334	      0.09786412817858863855	      0.00000000000000006774	      0.00000000000000002572	      0.06325630680069389833	      0.04872732809702807338	     -0.06259116097686498459	      0.33538834662909317030	      0.33538834662909278173	     -0.23834546788558730324	      0.00000000000000016133	     -0.00000000000000051407	      0.18115718714864989525	      0.05365471051567679422	     -0.14068497367354007577	     -0.84977505728190505518	     -0.35537487706579179436	     -0.21628982472179408836	      1.72318181977570827890	      1.41092866992229115652	      0.00000000000000003447	      0.00000000000000004370	     -0.47657954537715396803	     -0.21199445563711102891	     -0.16623206914658164579	      2.26810814438644747781	      1.31981387924592974414	     -0.00000000000000001340	     -0.00000000000000003916
      2.56300000000000016698	     -0.34193639404101688894	     -0.02751569040153099138	     -0.03764518761658148388	      0.96287103904334003790	      1.04491540483413203333	     -0.34022639952133854058	      0.89254829175758876314	      0.02608998031611066068	      0.00966896272126403951	      1.04352145837644871840	      1.04352145837644827431	      0.09790790653114686548	      0.00000000000000007140	      0.00000000000000003408	      0.05406762245702739084	      0.04803606846515159207	     -0.06632167946284124593	      0.33034877340889623465	      0.33034877340889573505	     -0.26114568238015700707	      0.00000000000000017354	     -0.00000000000000056157	      0.18478207767474888468	      0.05469625774332729368	     -0.14000034119605359040	     -0.86041658949186261562	     -0.35280731437075829593	     -0.21965604807088123795	      1.73159212681882657137	      1.40998261020703541391	      0.00000000000000003594	      0.00000000000000004645	     -0.48017679906923649291	     -0.21408299354263909953	     -0.16541513243706731928	      2.28252790904136437788	      1.32025101234567476816	     -0.00000000000000001516	     -0.00000000000000004134
      2.56700000000000017053	     -0.34299660758280609008	     -0.02695784501508278336	     -0.04045433163466696791	      0.96363143115304994435	      1.04708393494279161651	     -0.33986430477157425489	      0.89029635564630626998	      0.02799481901420627222	      0.00439796400995722935	      1.00398394338814167526	      1.00398394338814123117	      0.09744533317770019687	      0.00000000000000007583	      0.00000000000000004294	      0.04543924292068662885	      0.04738352024602081325	     -0.06973732715630553969	      0.32648559084500278216	      0.32648559084500222705	     -0.28359269204660064734	      0.00000000000000018713	     -0.00000000000000060498	      0.18823070254494145281	      0.05559340018371241449	     -0.13951481383677316606	     -0.87014355737386173129	     -0.35025667909309521342	     -0.22260109306791553418	      1.73950531499632776722	      1.40913580198590393522	      0.00000000000000003762	      0.00000000000000004956	     -0.48384600498345031738	     -0.21613457719236212062	     -0.16466564612397627254	      2.29628399730854226846	      1.32068773289467755738	     -0.00000000000000001715	     -0.00000000000000004377
      2.57100000000000017408	     -0.34382539577551235466	     -0.02653456974585059747	     -0.04308135880697882419	      0.96440132384390808706	      1.04915371704928905849	     -0.33948676254317944334	      0.88711917067025880534	      0.03040120419084734946	     -0.00034486583298274807	      0.96387764432664957415	      0.96387764432664913006	      0.09640108220325022126	      0.00000000000000008085	      0.00000000000000005281	      0.03726444039021541837	      0.04659688948449788870	     -0.07277763337272574740	      0.32370016633138792850	      0.32370016633138731788	     -0.30600996070189423470	      0.00000000000000020278	     -0.00000000000000064620	      0.19144008759649083773	      0.05653207433748326516	     -0.13924708606254426746	     -0.87894834672244326335	     -0.34773898468992608946	     -0.22520698660649565714	      1.74697467312808951689	      1.40834835041595018978	      0.00000000000000003877	      0.00000000000000005345	     -0.48754138469780761156	     -0.21809976630102392847	     -0.16390569971522361836	      2.30931262697127692718	      1.32110804468894849073	     -0.00000000000000001924	     -0.00000000000000004630
      2.57500000000000017764	     -0.34435981703638463003	     -0.02635954565422720525	     -0.04554079514477143292	      0.96518306564132783087	      1.05112491313499223367	     -0.33909535728092171647	      0.88294712495975491429	      0.03342822216500757060	     -0.00438447778659847420	      0.92324485910173648140	      0.92324485910173603731	      0.09470635540431519839	      0.00000000000000008564	      0.00000000000000006274	      0.02945126929727802725	      0.04554910323374197073	     -0.07536416432164631807	      0.32193085124893028315	      0.32193085124892972804	     -0.32862287149148788901	      0.00000000000000021706	     -0.00000000000000069024	      0.19433258651931506478	      0.05765569117470410732	     -0.13919129554005046923	     -0.88683351576045788001	     -0.34526049414358012113	     -0.22755623841720865053	      1.75406054368443409253	      1.40757775051639444364	      0.00000000000000004013	      0.00000000000000005783	     -0.49122464422149919594	     -0.21994804200767656410	     -0.16305075467352825314	      2.32155927122013627795	      1.32149804850683150192	     -0.00000000000000002116	     -0.00000000000000004980
      2.57900000000000018119	     -0.34453772609711175168	     -0.02649653443974355274	     -0.04785189387066142441	      0.96597578543414730490	      1.05299735046040066067	     -0.33869231068218047520	      0.87772631978007820130	      0.03713530540763763238	     -0.00752380508635604531	      0.88213951896243436579	      0.88213951896243392170	      0.09230745302951699760	      0.00000000000000009041	      0.00000000000000007195	      0.02193342631934192336	      0.04417159755999076898	     -0.07740216534935936976	      0.32117083780748034716	      0.32117083780747979205	     -0.35151814664233466123	      0.00000000000000023000	     -0.00000000000000073737	      0.19682027334714355393	      0.05905166986251830091	     -0.13931787640092735403	     -0.89380627202573237344	     -0.34282044861427102278	     -0.22972380125047464627	      1.76082295318655623895	      1.40678341488919023128	      0.00000000000000004211	      0.00000000000000006166	     -0.49486751657655375647	     -0.22166926178161086569	     -0.16201693947078235625	      2.33297833353129391298	      1.32184585930832820821	     -0.00000000000000002305	     -0.00000000000000005357
      2.58300000000000018474	     -0.34430096547010347052	     -0.02695511408812285153	     -0.05003688850790902892	      0.96677514393663777081	      1.05477020107686692008	     -0.33828052053398766086	      0.87142498626915632087	      0.04151613467099899563	     -0.00956163949687002281	      0.84063582772440115232	      0.84063582772440059721	      0.08917319825184609472	      0.00000000000000009573	      0.00000000000000008094	      0.01467730821321944733	      0.04245958210177160769	     -0.07878514469747958937	      0.32147948350045391086	      0.32147948350045335575	     -0.37461803264387644186	      0.00000000000000024225	     -0.00000000000000078535	      0.19880953678733384593	      0.06074565148700096506	     -0.13957626774180653673	     -0.89987482009451569276	     -0.34041373669512053901	     -0.23177070051582054910	      1.76731465356595940364	      1.40593088854291470291	      0.00000000000000004346	      0.00000000000000006542	     -0.49845209259901079868	     -0.22327307301073889834	     -0.16072754071772712980	      2.34353210471714890062	      1.32214118281049231030	     -0.00000000000000002544	     -0.00000000000000005616
      2.58700000000000018829	     -0.34359806601582548735	     -0.02769320572379230586	     -0.05211898492613729200	      0.96757347985714736716	      1.05644177982930664861	     -0.33786354005357527308	      0.86403834420505098990	      0.04649953827105303417	     -0.01031421085735808631	      0.79883752739778057794	      0.79883752739778002283	      0.08530188887556745814	      0.00000000000000010117	      0.00000000000000008971	      0.00768507302445633599	      0.04046954216413363448	     -0.07940245167991655251	      0.32298613316103508275	      0.32298613316103452764	     -0.39767194347441564561	      0.00000000000000025348	     -0.00000000000000083359	      0.20020607853356631178	      0.06270352024505385091	     -0.13989929980938745069	     -0.90504665862251532094	     -0.33803325990922955535	     -0.23373981259249435039	      1.77357538616827881128	      1.40499531553116052685	      0.00000000000000004503	      0.00000000000000006950	     -0.50196920213594342641	     -0.22478636891285280752	     -0.15911818597908114481	      2.35318896454597581425	      1.32237473754839673923	     -0.00000000000000002842	     -0.00000000000000005893
      2.59100000000000019185	     -0.34238662014043924620	     -0.02862581811646207688	     -0.05412032764890186559	      0.96836033292701206854	      1.05800944547551067920	     -0.33744550434418801865	      0.85559188176100153811	      0.05195706732515469745	     -0.00963809278221331757	      0.75688709862751724078	      0.75688709862751668567	      0.08072831324890418492	      0.00000000000000010620	      0.00000000000000009885	      0.00099392028507935826	      0.03830942038815988299	     -0.07914955010888764797	      0.32588621266612066707	      0.32588621266612005645	     -0.42026686100090132614	      0.00000000000000026416	     -0.00000000000000088206	      0.20092048183713834275	      0.06484066347909078765	     -0.14020891122128575912	     -0.90932865188546807556	     -0.33567185127098231323	     -0.23565411187984647290	      1.77962797707633701982	      1.40396379406774385323	      0.00000000000000004577	      0.00000000000000007388	     -0.50541529851309940913	     -0.22624902028634297224	     -0.15714036874503578556	      2.36192087163039676767	      1.32253773207099678544	     -0.00000000000000003179	     -0.00000000000000006055
      2.59500000000000019540	     -0.34063520831502958064	     -0.02963878212308590498	     -0.05606022630743132812	      0.96912329299207300437	      1.05946959733933021575	     -0.33703102503811566137	      0.84614307434543700737	      0.05771633292002408683	     -0.00745175803868845799	      0.71497386526726824929	      0.71497386526726758316	      0.07552991342282723564	      0.00000000000000011124	      0.00000000000000010748	     -0.00532805576670202473	      0.03612277593137793591	     -0.07793980071326649106	      0.33042988473749368428	      0.33042988473749318468	     -0.44185575586564668216	      0.00000000000000027382	     -0.00000000000000093099	      0.20087398964669658796	      0.06703719579399758377	     -0.14042248008686278316	     -0.91272844184007873025	     -0.33332384630067246611	     -0.23751751382277361269	      1.78547672307808058534	      1.40283638853793890533	      0.00000000000000004542	      0.00000000000000007780	     -0.50878851662081514551	     -0.22770827167483445597	     -0.15476328621083562664	      2.36970068683289758482	      1.32262153402519500034	     -0.00000000000000003544	     -0.00000000000000006102
      2.59900000000000019895	     -0.33832469054568065081	     -0.03060579336923754251	     -0.05795395769931263596	      0.96984905320934522432	      1.06081777112584085820	     -0.33662507425878679390	      0.83578154774512614100	      0.06357877202666692429	     -0.00375303801166629574	      0.67333976410261919820	      0.67333976410261853207	      0.06983035889520251838	      0.00000000000000011649	      0.00000000000000011603	     -0.01118898751093423856	      0.03406881058745240415	     -0.07571603233532320232	      0.33690400258260816413	      0.33690400258260760902	     -0.46180197689076407652	      0.00000000000000028241	     -0.00000000000000098142	      0.20000379161091444424	      0.06915736182563846091	     -0.14045885847697636706	     -0.91525671577286804581	     -0.33098650576035620885	     -0.23931825783535184970	      1.79110835045247474007	      1.40162568489636840674	      0.00000000000000004553	      0.00000000000000008095	     -0.51208461670011917732	     -0.22921233167752527726	     -0.15197416183633827291	      2.37650012203769556152	      1.32261761193584659324	     -0.00000000000000003883	     -0.00000000000000006178
      2.60300000000000020250	     -0.33544904927619195734	     -0.03140685764986693440	     -0.05981219344255400000	      0.97052450316111293915	      1.06204878870188079709	     -0.33623287753625119567	      0.82462776955951044844	      0.06934010671508827883	      0.00136962203507252477	      0.63228145957208858885	      0.63228145957208792272	      0.06379926041193748065	      0.00000000000000012235	      0.00000000000000012544	     -0.01648232018776489560	      0.03230058243560082060	     -0.07245979224345090730	      0.34561028973777457862	      0.34561028973777402351	     -0.47941778667504308942	      0.00000000000000029069	     -0.00000000000000103233	      0.19826749401750259905	      0.07107095401768553922	     -0.14024355734426494080	     -0.91692989704950511598	     -0.32866144359328020030	     -0.24103440517673221932	      1.79649555146663475469	      1.40035494044381159107	      0.00000000000000004626	      0.00000000000000008385	     -0.51529354683488504119	     -0.23080375868671615391	     -0.14877726881714745111	      2.38228879320566067079	      1.32251780374571570320	     -0.00000000000000004255	     -0.00000000000000006304
      2.60700000000000020606	     -0.33201610145048354727	     -0.03194467641947521669	     -0.06164149581832208125	      0.97113733203687169215	      1.06315617082921987091	     -0.33585961917285578338	      0.81282827868857143727	      0.07480989536249742222	      0.00773543564155741627	      0.59214755435909360859	      0.59214755435909294246	      0.05764770497075536598	      0.00000000000000012829	      0.00000000000000013570	     -0.02109885626895076360	      0.03094652854816175302	     -0.06820165512047129952	      0.35682915256880159971	      0.35682915256880104460	     -0.49417089867956554006	      0.00000000000000029901	     -0.00000000000000108400	      0.19564486069642972321	      0.07267162396061049856	     -0.13971156520486227581	     -0.91777061737222465077	     -0.32635599703601320121	     -0.24264022336147653136	      1.80160198281563510569	      1.39905546075885567348	      0.00000000000000004581	      0.00000000000000008675	     -0.51839707593029749066	     -0.23251377341986562142	     -0.14519228603210118655	      2.38703251106004543658	      1.32231491231525088992	     -0.00000000000000004636	     -0.00000000000000006352
      2.61100000000000020961	     -0.32804764605589031845	     -0.03216082600763653376	     -0.06344363096406367697	      0.97167786346151319155	      1.06413373264635913173	     -0.33551071844780167019	      0.80055458418553582245	      0.07983355568457563278	      0.01507442658619602069	      0.55332879175151483686	      0.55332879175151405970	      0.05161877583185539575	      0.00000000000000013401	      0.00000000000000014460	     -0.02493329526960162690	      0.03008850545352465683	     -0.06301756592918462963	      0.37081520450584321003	      0.37081520450584259940	     -0.50540081892875676761	      0.00000000000000030753	     -0.00000000000000113481	      0.19214408783954922688	      0.07389851807820750629	     -0.13881239232198433475	     -0.91781391667000999934	     -0.32408468987140198747	     -0.24411332350877049113	      1.80639074351642303640	      1.39776227094582838895	      0.00000000000000004577	      0.00000000000000008971	     -0.52136965577962057772	     -0.23435648656404139967	     -0.14125081397820229978	      2.39069856666769053888	      1.32200362495187873080	     -0.00000000000000005058	     -0.00000000000000006498
      2.61500000000000021316	     -0.32357800912473094757	     -0.03204030151600189419	     -0.06521714516302036524	      0.97213974692171467584	      1.06497598172900231894	     -0.33519167117987680449	      0.78799448089706769505	      0.08430395171807539278	      0.02304532838201180101	      0.51624296890606502508	      0.51624296890606424792	      0.04597437979818073256	      0.00000000000000013985	      0.00000000000000015334	     -0.02789451182833581691	      0.02975456584598881737	     -0.05703332417076376060	      0.38775265595425018050	      0.38775265595424956988	     -0.51270179782224467591	      0.00000000000000031582	     -0.00000000000000118769	      0.18780095551480724403	      0.07474252694614839931	     -0.13750979294015286403	     -0.91710700101818343200	     -0.32186895528210229811	     -0.24543951173059430637	      1.81082986598529704914	      1.39651095563867322369	      0.00000000000000004742	      0.00000000000000009294	     -0.52417976195278648266	     -0.23632654954494583532	     -0.13699356944312046647	      2.39325680096767445804	      1.32158161033037169219	     -0.00000000000000005581	     -0.00000000000000006642
      2.61900000000000021672	     -0.31865546478159439969	     -0.03161551420328272827	     -0.06695777301190146413	      0.97251980411770089230	      1.06567730232808410840	     -0.33490777053848924671	      0.77534419148247657461	      0.08817026156679348692	      0.03125737716578518011	      0.48131454659783173833	      0.48131454659783073913	      0.04097752565889697940	      0.00000000000000014535	      0.00000000000000016241	     -0.02991165205479476979	      0.02991481869648522293	     -0.05041714719578169884	      0.40774421194261867285	      0.40774421194261800672	     -0.51584788613789078759	      0.00000000000000032385	     -0.00000000000000124087	      0.18267841827041900182	      0.07525054216356240333	     -0.13578272883763378709	     -0.91570799951259984617	     -0.31973774089447920543	     -0.24661719747995425323	      1.81489977830779292134	      1.39533363365146723112	      0.00000000000000004978	      0.00000000000000009627	     -0.52679293930270931767	     -0.23839822363871859823	     -0.13246758473533218337	      2.39468159211457498614	      1.32105064610901745681	     -0.00000000000000006147	     -0.00000000000000006851
      2.62300000000000022027	     -0.31334117859401627859	     -0.03096149763633429877	     -0.06865926446958814378	      0.97281810410744384843	      1.06623212495663688415	     -0.33466390841157422908	      0.76279924235426077583	      0.09143886529855152490	      0.03929864085353056841	      0.44895038332866221698	      0.44895038332866121777	      0.03687138942661891128	      0.00000000000000015083	      0.00000000000000017122	     -0.03093714499100571128	      0.03048543069449912921	     -0.04336983959764723062	      0.43080033098923375956	      0.43080033098923320445	     -0.51482164087118609253	      0.00000000000000033149	     -0.00000000000000129427	      0.17686434035475800952	      0.07552043153673748677	     -0.13362507566100093048	     -0.91368385473985047618	     -0.31772664950658585648	     -0.24765923457977331856	      1.81859826773436017433	      1.39425575570729742836	      0.00000000000000005351	      0.00000000000000009977	     -0.52917603018515324553	     -0.24052685605638982058	     -0.12772372974203136109	      2.39495541602719308472	      1.32041757233953838124	     -0.00000000000000006892	     -0.00000000000000007129
      2.62700000000000022382	     -0.30770760617705772422	     -0.03018549021757430117	     -0.07031418641332506936	      0.97303772501094609737	      1.06663503363862144369	     -0.33446429118738807418	      0.75054479026553300169	      0.09416732230128195547	      0.04676699241539237356	      0.41951357996359339708	      0.41951357996359234237	      0.03385655622577043999	      0.00000000000000015664	      0.00000000000000018031	     -0.03094677326563201672	      0.03133923629292887508	     -0.03611196096967850960	      0.45683673418212467077	      0.45683673418212406014	     -0.50981973938865421392	      0.00000000000000033914	     -0.00000000000000134932	      0.17046777295737369773	      0.07568889886284402291	     -0.13104470950847882382	     -0.91110738606799668293	     -0.31587580755508037900	     -0.24859233596392699139	      1.82194287182889058663	      1.39329381733752466488	      0.00000000000000005876	      0.00000000000000010341	     -0.53130170778389940178	     -0.24265263002679970938	     -0.12281467209036844856	      2.39407234512518485303	      1.31969489387506788702	     -0.00000000000000007750	     -0.00000000000000007671
      2.63100000000000022737	     -0.30183636878343494958	     -0.02941225767197673535	     -0.07191456878048475831	      0.97318428455412508971	      1.06688081773343923508	     -0.33431207947123164903	      0.73874610028112441817	      0.09645228610712811013	      0.05330070028113436525	      0.39329763828372599210	      0.39329763828372493739	      0.03206833903703940059	      0.00000000000000016183	      0.00000000000000018957	     -0.02993702899263981504	      0.03232156305649818567	     -0.02886931180036146280	      0.48567982046471952495	      0.48567982046471891433	     -0.50123851972969180046	      0.00000000000000034699	     -0.00000000000000140614	      0.16361425013830965813	      0.07591364790012759822	     -0.12806210984984950363	     -0.90805422532204038699	     -0.31422632413036205579	     -0.24945402749393189024	      1.82497007623029561252	      1.39245429167951684235	      0.00000000000000006261	      0.00000000000000010722	     -0.53315279932887960079	     -0.24470629452438022455	     -0.11779322699824051890	      2.39204100605004033042	      1.31890086912371828909	     -0.00000000000000008647	     -0.00000000000000008208
      2.63500000000000023093	     -0.29581551672678429998	     -0.02876722880702935539	     -0.07345232069796729657	      0.97326531656796888559	      1.06696450201639447819	     -0.33420899488195077165	      0.72753992948239365468	      0.09841312517051351016	      0.05860545010894292056	      0.37050374711895289748	      0.37050374711895167623	      0.03155669521070768313	      0.00000000000000016687	      0.00000000000000019907	     -0.02792037643576320005	      0.03326903089931330937	     -0.02185816378634590496	      0.51707925750948635635	      0.51707925750948580124	     -0.48964139727680894287	      0.00000000000000035482	     -0.00000000000000146242	      0.15644037270521418681	      0.07635227245691425524	     -0.12470865000968846259	     -0.90459976203291270203	     -0.31281583157127462735	     -0.25028762123206843571	      1.82773149514456934028	      1.39173382655112054529	      0.00000000000000006499	      0.00000000000000011124	     -0.53472593178179428364	     -0.24661620239243242647	     -0.11271109277522997627	      2.38888664383835491734	      1.31805899806306414668	     -0.00000000000000009640	     -0.00000000000000008590
      2.63900000000000023448	     -0.28973605345313535597	     -0.02835982002219951392	     -0.07491934969776316289	      0.97328956420736767452	      1.06688139280719718194	     -0.33415496921641452133	      0.71702751722624746833	      0.10017355591827198369	      0.06247472907087706084	      0.35122426930201094963	      0.35122426930200967288	      0.03227148556319776179	      0.00000000000000017197	      0.00000000000000020849	     -0.02491933295694064368	      0.03402866166908293660	     -0.01527169056502941137	      0.55072658281005570924	      0.55072658281005515413	     -0.47571211610439856354	      0.00000000000000036279	     -0.00000000000000151911	      0.14908777381465149192	      0.07714083865487450509	     -0.12102474314137229294	     -0.90081575587075346512	     -0.31167406632655514365	     -0.25113601412806224600	      1.83028773064893424127	      1.39112057897646201887	      0.00000000000000006710	      0.00000000000000011534	     -0.53603410903697923384	     -0.24831570933374386145	     -0.10761799473281108419	      2.38465200733374604880	      1.31719688446606619792	     -0.00000000000000010695	     -0.00000000000000008963
      2.64300000000000023803	     -0.28368771818492471981	     -0.02826905537976207028	     -0.07630733410807684358	      0.97326624922350890579	      1.06662716447352012850	     -0.33414791062888349327	      0.70726971257308535179	      0.10184368986660498335	      0.06480141379586358552	      0.33543469631450234525	      0.33543469631450106849	      0.03405511106533241211	      0.00000000000000017736	      0.00000000000000021761	     -0.02096044375092687845	      0.03447487729743066442	     -0.00926883383613190913	      0.58627797637950751497	      0.58627797637950684884	     -0.46019865092639422599	      0.00000000000000037055	     -0.00000000000000157552	      0.14169655453180765581	      0.07837492721371262794	     -0.11705792296774190919	     -0.89676640619652170372	     -0.31081940686171583010	     -0.25203514414034905444	      1.83270083015722762276	      1.39059647222111060216	      0.00000000000000006998	      0.00000000000000011949	     -0.53710800375209566404	     -0.24974996041275671077	     -0.10256126003566287674	      2.37939688961653228461	      1.31634451238415217666	     -0.00000000000000011764	     -0.00000000000000009424
      2.64700000000000024158	     -0.27775417644824501595	     -0.02853329747665283786	     -0.07760718230056844191	      0.97320437942855375635	      1.06619800246987561643	     -0.33418363372399512157	      0.69828460239565914858	      0.10350494904858970058	      0.06557945903639592067	      0.32299525261528388986	      0.32299525261528255760	      0.03664369367398179200	      0.00000000000000018268	      0.00000000000000022627	     -0.01606939990160607262	      0.03452224776230113784	     -0.00396659771202920956	      0.62337842982125901692	      0.62337842982125835078	     -0.44385378582305873296	      0.00000000000000037792	     -0.00000000000000163102	      0.13439833260728459297	      0.08009562163354423669	     -0.11286088399702981500	     -0.89250421876174157454	     -0.31025695487216453650	     -0.25300791921827214814	      1.83502646724880524864	      1.39014005931103645786	      0.00000000000000007321	      0.00000000000000012351	     -0.53799578731870034698	     -0.25088116877814725658	     -0.09758582477271326994	      2.37319631819993936972	      1.31553205727915534240	     -0.00000000000000012859	     -0.00000000000000009907
      2.65100000000000024514	     -0.27200798177951368562	     -0.02914547225822175860	     -0.07880829026919083935	      0.97311214399645129536	      1.06559078620030955875	     -0.33425598237080295094	      0.69004799395339322388	      0.10519989790760321535	      0.06489552943877435753	      0.31366269628655557566	      0.31366269628655424340	      0.03967755019178778597	      0.00000000000000018829	      0.00000000000000023447	     -0.01026827531273186329	      0.03413229223493189496	      0.00056351411535775523	      0.66168452276559552860	      0.66168452276559452940	     -0.42737827070918699146	      0.00000000000000038569	     -0.00000000000000168609	      0.12730923967936275121	      0.08228245350383407708	     -0.10848947505355355236	     -0.88806618197882292165	     -0.30997851323799957557	     -0.25405937357953406464	      1.83730687724934282912	      1.38972962614407080650	      0.00000000000000007655	      0.00000000000000012737	     -0.53876132014420341498	     -0.25169168292993365776	     -0.09273456135605558093	      2.36613741589508119745	      1.31478742025690009676	     -0.00000000000000014015	     -0.00000000000000010429
      2.65500000000000024869	     -0.26650617534416887189	     -0.03005441386350595975	     -0.07989789792586854400	      0.97299642897535421060	      1.06480325450499591078	     -0.33435713492995139395	      0.68249739781003382344	      0.10692831950043261979	      0.06291200658832198089	      0.30711208867185285643	      0.30711208867185141314	      0.04272201606656070988	      0.00000000000000019430	      0.00000000000000024228	     -0.00357489610073293300	      0.03331343823865089843	      0.00429486838205249324	      0.70088362901156575635	      0.70088362901156486817	     -0.41137139414947182514	      0.00000000000000039379	     -0.00000000000000174079	      0.12052382260105856671	      0.08485440347564313091	     -0.10400045262798586487	     -0.88347073871161996284	     -0.30996451764965338160	     -0.25517371401827987354	      1.83956519393971573706	      1.38934609183340396221	      0.00000000000000008004	      0.00000000000000013103	     -0.53948062071792934891	     -0.25218458260591902764	     -0.08804851176058020590	      2.35831490211848970873	      1.31413379207256775238	     -0.00000000000000015200	     -0.00000000000000010930
      2.65900000000000025224	     -0.26128760038519821540	     -0.03117234680765888777	     -0.08086093623176782152	      0.97286248633997962632	      1.06383408282378821852	     -0.33447805335523622672	      0.67554021737727187880	      0.10865015426235005713	      0.05984383339755045689	      0.30296760075998602213	      0.30296760075998452333	      0.04529944096553582822	      0.00000000000000020092	      0.00000000000000025045	      0.00399625763872005647	      0.03211395015333714381	      0.00724128789890105939	      0.74070785992657439678	      0.74070785992657339758	     -0.39629306052557322637	      0.00000000000000040236	     -0.00000000000000179525	      0.11411111390004602395	      0.08767925846796752187	     -0.09944877106032565250	     -0.87871609194514233021	     -0.31018766964119182106	     -0.25631379377642227180	      1.84180157983412517986	      1.38897524413510242702	      0.00000000000000008373	      0.00000000000000013465	     -0.54023656965178212808	     -0.25238189355492590682	     -0.08356647983453548145	      2.34982523550930100242	      1.31358761638724841347	     -0.00000000000000016393	     -0.00000000000000011398
      2.66300000000000025580	     -0.25637237414513608380	     -0.03238760990008255486	     -0.08168055451331547590	      0.97271376858506108931	      1.06268284737268570161	     -0.33460903325679780540	      0.66906579510280372869	      0.11029472280457343347	      0.05593195968856608247	      0.30083985668235380118	      0.30083985668235224686	      0.04693057954726592013	      0.00000000000000020765	      0.00000000000000025818	      0.01243211608173570501	      0.03060880114031412635	      0.00944954719939095078	      0.78094187862970998459	      0.78094187862970909642	     -0.38244033972924440512	      0.00000000000000041155	     -0.00000000000000184953	      0.10811334027219117460	      0.09059032521031927521	     -0.09488452359432457406	     -0.87378031858827009959	     -0.31061765943918440147	     -0.25742313332861033182	      1.84399150285222690471	      1.38860902501727934144	      0.00000000000000008747	      0.00000000000000013784	     -0.54111193232859033930	     -0.25232078023561993474	     -0.07932385562162855286	      2.34075975261501367797	      1.31315722522245215131	     -0.00000000000000017579	     -0.00000000000000011862
      2.66700000000000025935	     -0.25176308545557668506	     -0.03358061365827265388	     -0.08233917224779545296	      0.97255190063669627598	      1.06134989437460736106	     -0.33474031516560348587	      0.66295956409114942254	      0.11177425339095449497	      0.05141643102739187898	      0.30036529273429907194	      0.30036529273429751763	      0.04718019153784028946	      0.00000000000000021386	      0.00000000000000026648	      0.02171839564778452539	      0.02888289517075838184	      0.01098996762496152503	      0.82142489040306643222	      0.82142489040306554404	     -0.36993984235889054712	      0.00000000000000042120	     -0.00000000000000190388	      0.10254663350409166933	      0.09340789138338878583	     -0.09035006028712311288	     -0.86862348879664386114	     -0.31122606619423121010	     -0.25843009005423311919	      1.84608653833902169872	      1.38824580681072307087	      0.00000000000000009130	      0.00000000000000014160	     -0.54218112493739767377	     -0.25204833222048755870	     -0.07535114484790811362	      2.33119764194551448711	      1.31284228134897995588	     -0.00000000000000018785	     -0.00000000000000012328
      2.67100000000000026290	     -0.24744716382666384624	     -0.03464074988430674434	     -0.08281986639380667370	      0.97237674606516311115	      1.05983618607024210334	     -0.33486272065889666205	      0.65711736974029932856	      0.11299945065931425725	      0.04651205687666565280	      0.30124283345892971520	      0.30124283345892821639	      0.04570114334976828341	      0.00000000000000022047	      0.00000000000000027472	      0.03183659974580227425	      0.02701337122542456573	      0.01194638571784674419	      0.86204737546905574330	      0.86204737546905485512	     -0.35875625558393547943	      0.00000000000000043086	     -0.00000000000000195891	      0.09740297382773835388	      0.09596245206114335791	     -0.08587776968095647834	     -0.86319176669254227274	     -0.31199061478038908612	     -0.25925364086328273050	      1.84801785971569620948	      1.38788969625231883853	      0.00000000000000009486	      0.00000000000000014526	     -0.54350138511842582822	     -0.25161562432539968936	     -0.07167270870953085238	      2.32119965890941504227	      1.31263409799843455694	     -0.00000000000000019988	     -0.00000000000000012788
      2.67500000000000026645	     -0.24340015817409046961	     -0.03548207951772876928	     -0.08310783119068057556	      0.97218654015111860556	      1.05814314377287432833	     -0.33496827833911080319	      0.65145832972165895747	      0.11389494110375893154	      0.04139025327599757387	      0.30326347183196816770	      0.30326347183196661339	      0.04227607392476654541	      0.00000000000000022669	      0.00000000000000028233	      0.04276121891009537768	      0.02505353927051243851	      0.01240708526406768958	      0.90274337981588193003	      0.90274337981588093083	     -0.34871494865451496681	      0.00000000000000044040	     -0.00000000000000201404	      0.09265313251905217540	      0.09811680276082955510	     -0.08148884565029748672	     -0.85742305134719298820	     -0.31289821090847119711	     -0.25981019694968110478	      1.84970185064256997798	      1.38754898836145379448	      0.00000000000000009850	      0.00000000000000014846	     -0.54510430768231099563	     -0.25107179487331304779	     -0.06830582515503033636	      2.31080322540629268246	      1.31251681721173985018	     -0.00000000000000021215	     -0.00000000000000013277
      2.67900000000000027001	     -0.23959349699902285358	     -0.03605597293695600447	     -0.08319402151350162311	      0.97197719317139674722	      1.05627370783350316152	     -0.33505100683974364806	      0.64593897281397583132	      0.11441409046546707762	      0.03615325871412959635	      0.30633466615766580254	      0.30633466615766419272	      0.03676229983167858539	      0.00000000000000023304	      0.00000000000000028932	      0.05445928581571399946	      0.02301871272688365416	      0.01245601853145259647	      0.94348020749525995932	      0.94348020749525896012	     -0.33953510924199759025	      0.00000000000000044985	     -0.00000000000000206927	      0.08825143296855685049	      0.09978653204351441153	     -0.07719082671372858029	     -0.85125471797815577268	     -0.31394777416161900874	     -0.26002122915260339475	      1.85104683723511409532	      1.38723378881205694491	      0.00000000000000010204	      0.00000000000000015146	     -0.54698827201310706858	     -0.25045848346233429149	     -0.06525941691133888001	      2.30001923793139839702	      1.31246987396635272916	     -0.00000000000000022462	     -0.00000000000000013735
      2.68300000000000027356	     -0.23599484692688282861	     -0.03635844057153722608	     -0.08307210952852926711	      0.97174337820830913870	      1.05423143959540910330	     -0.33510721830218781481	      0.64055396542325548914	      0.11455031308084018260	      0.03086799407926209618	      0.31048363616824070643	      0.31048363616823904110	      0.02936584707069300054	      0.00000000000000023855	      0.00000000000000029673	      0.06688722596191969127	      0.02088254401032904259	      0.01217267169429298371	      0.98424426729688552218	      0.98424426729688463400	     -0.33086877334824310593	      0.00000000000000045918	     -0.00000000000000212432	      0.08413931798205263879	      0.10094924285999530567	     -0.07298099637492341807	     -0.84462609828054047156	     -0.31515099609818680859	     -0.25982003917271284665	      1.85196123610706719909	      1.38695369400242562996	      0.00000000000000010572	      0.00000000000000015402	     -0.54911822833747181427	     -0.24980615867764205396	     -0.06253462181801376640	      2.28883221870376774021	      1.31246960102622889366	     -0.00000000000000023721	     -0.00000000000000014204
      2.68700000000000027711	     -0.23257710295707842429	     -0.03643504092442897968	     -0.08274535160867102501	      0.97147849118420481762	      1.05202016783189522542	     -0.33513554916403920370	      0.63535045097829356830	      0.11434175319039270591	      0.02553428215509043198	      0.31585911805832200816	      0.31585911805832039834	      0.02037920746193292582	      0.00000000000000024362	      0.00000000000000030335	      0.07999926584552519149	      0.01857406549880656968	      0.01162656757927688425	      1.02502890509266308960	      1.02502890509266220143	     -0.32234233672484813304	      0.00000000000000046871	     -0.00000000000000217912	      0.08025577261346800162	      0.10165388895662993973	     -0.06884251353920178840	     -0.83748401768618130347	     -0.31653071987316072633	     -0.25915861185703253922	      1.85235846521162694778	      1.38671455969530854624	      0.00000000000000010962	      0.00000000000000015643	     -0.55142246423811303035	     -0.24913001404683352003	     -0.06012254026056733369	      2.27719857157730398711	      1.31249353306368465866	     -0.00000000000000025020	     -0.00000000000000014731
      2.69100000000000028066	     -0.22932331700414454456	     -0.03637692078415145913	     -0.08222626161102991604	      0.97117459448329179761	      1.04964476511039039863	     -0.33513719554496196329	      0.63042536148491945536	      0.11387245861964964688	      0.02011213962745278180	      0.32271420817749979504	      0.32271420817749807419	      0.01027958849204797798	      0.00000000000000024881	      0.00000000000000031012	      0.09375087216300154180	      0.01598380541955793030	      0.01088102543279603589	      1.06582313173457809974	      1.06582313173457721156	     -0.31359527635764605780	      0.00000000000000047771	     -0.00000000000000223354	      0.07654306737469784849	      0.10201779046659247008	     -0.06474722022046390524	     -0.82978845697176595309	     -0.31811746343562963268	     -0.25801194054315074178	      1.85216211424475818426	      1.38651596892646167269	      0.00000000000000011364	      0.00000000000000015899	     -0.55379484775387799456	     -0.24843047722639180486	     -0.05800352532858570748	      2.26505050306180022446	      1.31252314130148461935	     -0.00000000000000026362	     -0.00000000000000015293
      2.69500000000000028422	     -0.22623074427298139888	     -0.03631210281367625720	     -0.08153719230295562725	      0.97082262300983412917	      1.04711160074760933902	     -0.33511582251860627668	      0.62592128186353634955	      0.11326727310090774214	      0.01454017034908737169	      0.33137822952679873989	      0.33137822952679696353	     -0.00030175207215730495	      0.00000000000000025468	      0.00000000000000031669	      0.10810580085288448715	      0.01297626722450508606	      0.00999718764309053161	      1.10660297795432560619	      1.10660297795432471801	     -0.30431353229860519383	      0.00000000000000048680	     -0.00000000000000228852	      0.07295363659658077315	      0.10221657378925401438	     -0.06065695057859627620	     -0.82151406246712810333	     -0.31994577609585173050	     -0.25638063638600222527	      1.85130932811290427331	      1.38634921077882089513	      0.00000000000000011778	      0.00000000000000016126	     -0.55610160604055003386	     -0.24769408541411253033	     -0.05614643934148032256	      2.25230060424451261625	      1.31254665253195779151	     -0.00000000000000027710	     -0.00000000000000015805
      2.69900000000000028777	     -0.22331219698909565707	     -0.03639155001504065789	     -0.08070963636878165925	      0.97041277148556748244	      1.04442917253108502607	     -0.33507726833008472100	      0.62201596552404880835	      0.11268088477175340623	      0.00875720005414804860	      0.34221767972382144407	      0.34221767972381961220	     -0.01061954973610988728	      0.00000000000000025991	      0.00000000000000032365	      0.12304255473329318848	      0.00940807107156977837	      0.00903923721982014157	      1.14732527078715462743	      1.14732527078715373925	     -0.29425516982067306815	      0.00000000000000049674	     -0.00000000000000234364	      0.06945514119652622387	      0.10246621731548190282	     -0.05652570290510582768	     -0.81264921990562499765	     -0.32204956080076829750	     -0.25429090534990272943	      1.84975239698455529158	      1.38619646784701711084	      0.00000000000000012275	      0.00000000000000016323	     -0.55819173203857685994	     -0.24689570372283173305	     -0.05450878544407008336	      2.23884802947831174080	      1.31256105430588498884	     -0.00000000000000029052	     -0.00000000000000016347
      2.70300000000000029132	     -0.22059454128650088367	     -0.03677157390472265280	     -0.07978228157108124829	      0.96993505424603176923	      1.04160883094225709122	     -0.33502904811533507079	      0.61890582744333078047	      0.11228209663873831015	      0.00272337662558678334	      0.35558949961600316847	      0.35558949961600144762	     -0.01986876050631357013	      0.00000000000000026467	      0.00000000000000033060	      0.13855897195051211646	      0.00514956068297104438	      0.00807954608158153835	      1.18792392969474969178	      1.18792392969474880360	     -0.28326683903502608564	      0.00000000000000050697	     -0.00000000000000239923	      0.06603299347461789870	      0.10299910264377883096	     -0.05230259713462653837	     -0.80319290789566089028	     -0.32445671387445346179	     -0.25179188910521554945	      1.84745844188686247911	      1.38603140836428906368	      0.00000000000000012841	      0.00000000000000016510	     -0.55990995017786593380	     -0.24600176971800100101	     -0.05303781144273846115	      2.22458570688734669218	      1.31257303909651934504	     -0.00000000000000030463	     -0.00000000000000016874
      2.70700000000000029488	     -0.21811509696455083640	     -0.03759536429680562092	     -0.07879810669588475924	      0.96937995290095180234	      1.03866541141318124986	     -0.33497969490307444307	      0.61678508108756324724	      0.11223599464660341529	     -0.00356197851086222225	      0.37179234017520579325	      0.37179234017520401689	     -0.02724641248182822426	      0.00000000000000026878	      0.00000000000000033596	      0.15467424598352086385	      0.00010616290667904516	      0.00720240718555801261	      1.22830900158846345605	      1.22830900158846256787	     -0.27129052207785514517	      0.00000000000000051692	     -0.00000000000000245538	      0.06269024254448103683	      0.10403778286304775358	     -0.04793537613460650132	     -0.79315007327567133011	     -0.32718382518372568502	     -0.24895096708405664576	      1.84440727727084463616	      1.38582094014152512607	      0.00000000000000013403	      0.00000000000000016707	     -0.56111054971389773272	     -0.24497433425311393451	     -0.05167215182420052677	      2.20940788142748711920	      1.31259878424781639694	     -0.00000000000000031902	     -0.00000000000000017375
      2.71100000000000029843	     -0.21591691398581017158	     -0.03897633638531618205	     -0.07780090142001336306	      0.96873902984516091497	      1.03561754398887284623	     -0.33493800569613985108	      0.61582263596979058828	      0.11268677712593021256	     -0.01004808240969295302	      0.39102174341812595548	      0.39102174341812417913	     -0.03201410298151877165	      0.00000000000000027311	      0.00000000000000033936	      0.17142795806027535943	     -0.00576409611028594338	      0.00650521523479611653	      1.26836842112018333140	      1.26836842112018244322	     -0.25836073555042066152	      0.00000000000000052665	     -0.00000000000000251186	      0.05944494157418342417	      0.10577026570290025409	     -0.04337412738555311564	     -0.78252633015826988938	     -0.33023169925572176675	     -0.24584771169498825794	      1.84058764722737233654	      1.38552779671827908103	      0.00000000000000014001	      0.00000000000000016900	     -0.56167024994331260501	     -0.24377562029551205769	     -0.05034356569850097218	      2.19321727421460144214	      1.31266256576431872283	     -0.00000000000000033377	     -0.00000000000000017856
      2.71500000000000030198	     -0.21404353646952173351	     -0.04098484027137154484	     -0.07683154329618689660	      0.96800540756981701129	      1.03248747209576907657	     -0.33491229009030720754	      0.61613892301057715528	      0.11374287802174316842	     -0.01662753557768517979	      0.41333386125380572329	      0.41333386125380383591	     -0.03355626838323916283	      0.00000000000000027520	      0.00000000000000034129	      0.18887576875529465958	     -0.01243888887437842247	      0.00609678579636500819	      1.30797164676866906063	      1.30797164676866817246	     -0.24459359186596846270	      0.00000000000000053639	     -0.00000000000000256869	      0.05632517217701767109	      0.10832928742895739371	     -0.03857487486894205231	     -0.77132258018005150912	     -0.33358220981812941597	     -0.24256695745250891894	      1.83599243365025710517	      1.38511375825879934354	      0.00000000000000014545	      0.00000000000000017093	     -0.56149851853277676916	     -0.24237263248841728336	     -0.04897883363968449227	      2.17593119162064496663	      1.31279433157219349582	     -0.00000000000000034886	     -0.00000000000000018277
      2.71900000000000030553	     -0.21253341091579702749	     -0.04363906657540992523	     -0.07592433191475922438	      0.96717409937138698606	      1.02930034927562319425	     -0.33490972113820188794	      0.61778496187262277317	      0.11546530517758968326	     -0.02313926131455073046	      0.43862122266695635631	      0.43862122266695452444	     -0.03143027835113336443	      0.00000000000000027722	      0.00000000000000034541	      0.20708168896120687785	     -0.01982654252943652148	      0.00609294839762896182	      1.34697386387164064203	      1.34697386387163975385	     -0.23016996651923829487	      0.00000000000000054705	     -0.00000000000000262502	      0.05336216600765916751	      0.11177714460904436544	     -0.03350269906780279500	     -0.75953015357535991203	     -0.33719677531788766478	     -0.23919133746062076762	      1.83061375411160609517	      1.38454337948610106679	      0.00000000000000015036	      0.00000000000000017303	     -0.56054425669996377213	     -0.24074121560210262616	     -0.04750217990324345774	      2.15748610768031179319	      1.31302643937236496186	     -0.00000000000000036443	     -0.00000000000000018646
      2.72300000000000030909	     -0.21141405025683138175	     -0.04690088920576687692	     -0.07510370728283899400	      0.96624224904758626575	      1.02608316295530688222	     -0.33493584836846584940	      0.62072590390228954416	      0.11786019297689030727	     -0.02937952480846438286	      0.46660268570396773447	      0.46660268570396584709	     -0.02540421429877998821	      0.00000000000000027976	      0.00000000000000035047	      0.22610755549791022867	     -0.02776813804570267205	      0.00660962549494176991	      1.38521981686165052139	      1.38521981686164985526	     -0.21531521439386969163	      0.00000000000000055759	     -0.00000000000000268129	      0.05058247727487436701	      0.11609735143101808374	     -0.02813414743179226338	     -0.74712736499492793385	     -0.34101655279024961631	     -0.23579386724174805634	      1.82443889652641444421	      1.38378794831755813632	      0.00000000000000015517	      0.00000000000000017539	     -0.55879859000309695105	     -0.23886910296092722650	     -0.04583836103444453858	      2.13784073588935896737	      1.31338985674974462192	     -0.00000000000000038029	     -0.00000000000000019001
      2.72700000000000031264	     -0.21069640159244071298	     -0.05067731854112626083	     -0.07438169343477418760	      0.96520935770118887476	      1.02286362104179584520	     -0.33499428528606445266	      0.62483100979572192557	      0.12087665177532921912	     -0.03511982003532558572	      0.49682821115710529281	      0.49682821115710334992	     -0.01547841224018854482	      0.00000000000000028153	      0.00000000000000035190	      0.24600111129087220974	     -0.03604690372453655395	      0.00775390813918225806	      1.42254692898665657808	      1.42254692898665568990	     -0.20027817403695130638	      0.00000000000000056878	     -0.00000000000000273717	      0.04800059796628620978	      0.12119411378970373905	     -0.02245886617444453615	     -0.73407874080683355178	     -0.34496428536125678388	     -0.23243148437222688196	      1.81744803069242677473	      1.38282916211441397891	      0.00000000000000016013	      0.00000000000000017794	     -0.55629421522472466410	     -0.23675779908982591548	     -0.04391620272551659959	      2.11697814401508566107	      1.31391027634154866632	     -0.00000000000000039653	     -0.00000000000000019352
      2.73099999999999987210	     -0.21037019138928897410	     -0.05482785818128674965	     -0.07375643121115690870	      0.96407752090593690220	      1.01966939535955147811	     -0.33508655010915228134	      0.62987165685173229779	      0.12441061049966958829	     -0.04012976999978312698	      0.52869838044570471869	      0.52869838044570283131	     -0.00188788557297932627	      0.00000000000000028298	      0.00000000000000035766	      0.26678428627729833256	     -0.04440449920407538859	      0.00961372342417486127	      1.45878773256062643782	      1.45878773256062554964	     -0.18531177518254790537	      0.00000000000000058010	     -0.00000000000000279258	      0.04561329935506798494	      0.12690002865238037000	     -0.01648039801821897174	     -0.72033807315324038800	     -0.34894766976909924461	     -0.22914042456868216613	      1.80961449479432934240	      1.38166200344570588854	      0.00000000000000016492	      0.00000000000000018059	     -0.55310176896696805482	     -0.23442338794332878704	     -0.04167231863110139323	      2.09490752412473257849	      1.31460459243456506684	     -0.00000000000000041280	     -0.00000000000000019715
      2.73499999999999987566	     -0.21040106710275222057	     -0.05917693655802026137	     -0.07321202786210848079	      0.96285164163070557919	      1.01652794407872559823	     -0.33521203363165141820	      0.63552819150816730609	      0.12831407174109510372	     -0.04420213650880551459	      0.56149727263099080687	      0.56149727263098858643	      0.01491479948558782631	      0.00000000000000028104	      0.00000000000000035940	      0.28844339875229946246	     -0.05256239471906514610	      0.01224724097265915065	      1.49377217633226622162	      1.49377217633226533344	     -0.17065613380809740995	      0.00000000000000059133	     -0.00000000000000284704	      0.04339658852460971661	      0.13299099022384736069	     -0.01021603596244858615	     -0.70585543513487025713	     -0.35286411667748435184	     -0.22593393813479981103	      1.80090796397252472794	      1.38029643758885889326	      0.00000000000000016944	      0.00000000000000018287	     -0.54932376023174145363	     -0.23189650592584634681	     -0.03905481348391288271	      2.07166601799793603789	      1.31547815019062430686	     -0.00000000000000042907	     -0.00000000000000019987
      2.73899999999999987921	     -0.21073014832785114114	     -0.06352980728392254584	     -0.07271980463213502388	      0.96153960942226790465	      1.01346680729367655260	     -0.33536807660032408318	      0.64140582469674722876	      0.13240835574450710022	     -0.04717642152279526851	      0.59443620066746560848	      0.59443620066746349906	      0.03429533275887837462	      0.00000000000000028047	      0.00000000000000036662	      0.31092305294322847287	     -0.06024564828496851293	      0.01567352753275938135	      1.52733061463607544539	      1.52733061463607455721	     -0.15652417077975791515	      0.00000000000000060179	     -0.00000000000000290101	      0.04130593330552988912	      0.13920633792806522133	     -0.00369560380522290484	     -0.69058717886228482286	     -0.35660675106424388758	     -0.22280254414813602248	      1.79130036397451841701	      1.37875767560355422248	      0.00000000000000017403	      0.00000000000000018498	     -0.54508676228433239341	     -0.22922164191052468718	     -0.03602681176998590029	      2.04732070510357555548	      1.31652312875035382156	     -0.00000000000000044531	     -0.00000000000000020235
      2.74299999999999988276	     -0.21127619134661221323	     -0.06769009509801741931	     -0.07224088927349318900	      0.96015247348533228067	      1.01051402507449439305	     -0.33555013686284340668	      0.64705876038267995387	      0.13649972036797461405	     -0.04895808183795939683	      0.62670449834025299118	      0.62670449834025088176	      0.05548938518454721303	      0.00000000000000028000	      0.00000000000000037368	      0.33412481538079730203	     -0.06720630629822778312	      0.01986590720522136630	      1.55929750492395458039	      1.55929750492395369221	     -0.14309023170550563830	      0.00000000000000061103	     -0.00000000000000295577	      0.03928000990854764451	      0.14527195425141714580	      0.00304085884927298442	     -0.67450721174686512072	     -0.36007132865536056743	     -0.21971671812777485155	      1.78077412592104411537	      1.37708495917674245135	      0.00000000000000017806	      0.00000000000000018743	     -0.54053268741919013873	     -0.22645571398688008058	     -0.03256968716885381282	      2.02197058954559016897	      1.31771826380371903653	     -0.00000000000000046152	     -0.00000000000000020433
      2.74699999999999988631	     -0.21194030215373124704	     -0.07147691406233427913	     -0.07172991886054891353	      0.95870458668111324663	      1.00769828894270396802	     -0.33575202468572196146	      0.65202030725818038714	      0.14039545659102894981	     -0.04953127918737467578	      0.65752194018020537758	      0.65752194018020326816	      0.07766405702828679813	      0.00000000000000028206	      0.00000000000000038981	      0.35791066674487359567	     -0.07324357702206961418	      0.02474955947702995110	      1.58951473990792058189	      1.58951473990791969371	     -0.13048296345168827748	      0.00000000000000062029	     -0.00000000000000301102	      0.03724756049525370510	      0.15092360217435046854	      0.00994629565284782351	     -0.65761756935590354178	     -0.36316348800938647035	     -0.21663154631947023621	      1.76933218551098403459	      1.37532908502601802780	      0.00000000000000018192	      0.00000000000000019003	     -0.53581002477201045142	     -0.22366582966351555850	     -0.02868590004295174314	      1.99574831049714074283	      1.31902994803068063234	     -0.00000000000000047780	     -0.00000000000000020600
      2.75099999999999988987	     -0.21261327264511392654	     -0.07473960771604139242	     -0.07113951179717499518	      0.95721355884242353973	      1.00504856558469146677	     -0.33596620117763970059	      0.65583604410106066673	      0.14391869528663284172	     -0.04896368772047618445	      0.68618753269578758314	      0.68618753269578525167	      0.09998170325329429342	      0.00000000000000028279	      0.00000000000000040986	      0.38211070131789148796	     -0.07821842099963652317	      0.03020445427755033552	      1.61783378947047196128	      1.61783378947047085106	     -0.11878334291372860676	      0.00000000000000062928	     -0.00000000000000306644	      0.03513644435661820303	      0.15592797252271475839	      0.01697039085576743794	     -0.63995671372669615806	     -0.36580569089736436617	     -0.21349276474829731454	      1.75700887626676394149	      1.37354894150436024347	      0.00000000000000018590	      0.00000000000000019278	     -0.53106566434115787256	     -0.22092633565056971068	     -0.02440126513204064762	      1.96882129221514334816	      1.32041463534153402648	     -0.00000000000000049436	     -0.00000000000000020739
      2.75499999999999989342	     -0.21318532006238080645	     -0.07736876585821891861	     -0.07042494620431577479	      0.95569982249397744667	      1.00259311143846496783	     -0.33618414813755109760	      0.65809656450179943032	      0.14692087060276673438	     -0.04740283581302771887	      0.71212049717437542196	      0.71212049717437320151	      0.12166069292318285044	      0.00000000000000028639	      0.00000000000000043941	      0.40653430501058851476	     -0.08206148745048248705	      0.03607319567232727259	      1.64411734459490910254	      1.64411734459490777027	     -0.10802727660988641067	      0.00000000000000063849	     -0.00000000000000312143	      0.03288356559940434909	      0.16009964685581967725	      0.02406340087257996530	     -0.62160477094019161992	     -0.36794318717309293376	     -0.21024361948161812697	      1.74388030846734576329	      1.37180729715114901879	      0.00000000000000018980	      0.00000000000000019670	     -0.52643776581362400346	     -0.21831552442117382884	     -0.01976619775944803842	      1.94139209356917774585	      1.32182226276924974506	     -0.00000000000000051138	     -0.00000000000000020881
      2.75899999999999989697	     -0.21355733891470457531	     -0.07930266079363132437	     -0.06954834923514031930	      0.95418573496932235223	      1.00035799217417986640	     -0.33639682303009799114	      0.65846628550164254534	      0.14929127203100026056	     -0.04506418163684607764	      0.73488989198392606905	      0.73488989198392395963	      0.14202902321782182038	      0.00000000000000029234	      0.00000000000000047767	      0.43098397614990796578	     -0.08477419942509949180	      0.04217243953214733221	      1.66824191283448253209	      1.66824191283448119982	     -0.09821129401100212042	      0.00000000000000064797	     -0.00000000000000317691	      0.03044440945836663845	      0.16331273946344271319	      0.03117954247123559328	     -0.60268525301332043220	     -0.36954841558807860480	     -0.20683199474753480307	      1.73007263933203558892	      1.37016607430682979540	      0.00000000000000019348	      0.00000000000000020101	     -0.52205052910656857268	     -0.21591235183739954095	     -0.01485535865376375921	      1.91369785234398426255	      1.32320029499660218875	     -0.00000000000000052896	     -0.00000000000000021046
      2.76299999999999990052	     -0.21365215824705383052	     -0.08052868435406632108	     -0.06848192344998882408	      0.95269433368050382427	      0.99836538220834913915	     -0.33659520527880265606	      0.65670573423752365283	      0.15096322677204271345	     -0.04221197184867678948	      0.75423059130149727736	      0.75423059130149516793	      0.16056724234447750099	      0.00000000000000030479	      0.00000000000000052955	      0.45527050176748046217	     -0.08642329547745207508	      0.04830670071695255391	      1.69010160359245831252	      1.69010160359245720230	     -0.08930005674778049296	      0.00000000000000065765	     -0.00000000000000323265	      0.02780124855165486825	      0.16550651890944331757	      0.03827969094823287233	     -0.58336265801354469929	     -0.37062352032886702879	     -0.20321716289315475135	      1.71576710074878979739	      1.36868147436670573036	      0.00000000000000019704	      0.00000000000000020627	     -0.51801190395311025316	     -0.21379319609750910280	     -0.00976544954484939026	      1.88600877046038672979	      1.32449798116937711434	     -0.00000000000000054726	     -0.00000000000000021231
      2.76699999999999990408	     -0.21342403301698401052	     -0.08107990563570076359	     -0.06721014300313733758	      0.95124796653080734288	      0.99663202593403554808	     -0.33677090719026514520	      0.65268565252485144512	      0.15191645857158647681	     -0.03913494320619592681	      0.77004504780656268803	      0.77004504780656046758	      0.17693678306369214903	      0.00000000000000031313	      0.00000000000000055791	      0.47922734129068295106	     -0.08712972385666545305	      0.05428350620657251824	      1.70961157754774095707	      1.70961157754773984685	     -0.08123482834923707874	      0.00000000000000066783	     -0.00000000000000328877	      0.02496914106467956404	      0.16668489627286095511	      0.04533344787423240763	     -0.56383547760392127568	     -0.37120081847523211938	     -0.19937538593160339384	      1.70120113759023827704	      1.36739952579663182064	      0.00000000000000020148	      0.00000000000000021102	     -0.51441459958733604108	     -0.21202850100182027426	     -0.00461137437555856310	      1.85862546052198163160	      1.32567034401797378962	     -0.00000000000000056553	     -0.00000000000000021435
      2.77099999999999990763	     -0.21286492723356842394	     -0.08102729936066771499	     -0.06573093859284696860	      0.94986699623193071584	      0.99516819989647054001	     -0.33691678816048908907	      0.64639170478975571665	      0.15217525167774414996	     -0.03611933909402827853	      0.78239121997368965555	      0.78239121997368754613	      0.19099022969437651209	      0.00000000000000031970	      0.00000000000000058381	      0.50272210087294177949	     -0.08705307432037603932	      0.05992880241487442972	      1.72670966050780561041	      1.72670966050780427814	     -0.07394216165372939631	      0.00000000000000067826	     -0.00000000000000334483	      0.02199887832921807937	      0.16691002813626740209	      0.05232054399201426648	     -0.54432494642811812824	     -0.37134093851042343504	     -0.19530366126822903960	      1.68666527751784656175	      1.36635259118860363792	      0.00000000000000020643	      0.00000000000000021362	     -0.51133992068141265186	     -0.21067938727383897501	      0.00047895129939300467	      1.83187492871058976718	      1.32668150336034829095	     -0.00000000000000058408	     -0.00000000000000021618
      2.77499999999999991118	     -0.21200693368207917944	     -0.08046890522397683043	     -0.06405575812952518655	      0.94856870672741988582	      0.99397733105117869190	     -0.33702749093295802929	      0.63791947060709686124	      0.15180276777828707879	     -0.03342220902612068334	      0.79145845502697043106	      0.79145845502696832163	      0.20276308797020714536	      0.00000000000000033119	      0.00000000000000062102	      0.52566395209773775221	     -0.08637338516456859183	      0.06510075108819400602	      1.74135610020118414276	      1.74135610020118303254	     -0.06734220537717330868	      0.00000000000000068891	     -0.00000000000000340099	      0.01897644600654302405	      0.16629107520840816226	      0.05923123944841624661	     -0.52506129754006070076	     -0.37112831749545993620	     -0.19102124479550600111	      1.67249569799799258085	      1.36555715602024685396	      0.00000000000000021263	      0.00000000000000021430	     -0.50886316307290124783	     -0.20979469930693903090	      0.00537091995923898689	      1.80610494617999450817	      1.32750701946073657034	     -0.00000000000000060343	     -0.00000000000000021739
      2.77899999999999991473	     -0.21092061708350426374	     -0.07951760249162471983	     -0.06220830904651016013	      0.94736651454257136962	      0.99305627836548870935	     -0.33709981324097176847	      0.62746009817087189386	      0.15089244248394553805	     -0.03124821742233966151	      0.79753399854448359108	      0.79753399854448125961	      0.21244890374136177202	      0.00000000000000034181	      0.00000000000000066941	      0.54800650660385985535	     -0.08527255363934972687	      0.06969966551072004357	      1.75353230440267271462	      1.75353230440267160439	     -0.06135618065010682576	      0.00000000000000069994	     -0.00000000000000345728	      0.01601889160527946235	      0.16496970867763047219	      0.06606528810185206824	     -0.50626992130355319421	     -0.37066399174767400426	     -0.18656887122695381409	      1.65906271819002304468	      1.36501307293799922782	      0.00000000000000021848	      0.00000000000000021554	     -0.50705903149201347890	     -0.20940903959825635239	      0.00993045352233021435	      1.78167660443134034942	      1.32813502166677444016	     -0.00000000000000062316	     -0.00000000000000021838
      2.78299999999999991829	     -0.20970930140534629893	     -0.07828894640188716059	     -0.06022199842709444195	      0.94626957743370487819	      0.99239620333184974665	     -0.33713284533199411319	      0.61527796248485788766	      0.14955741219999263425	     -0.02973248046307882045	      0.80096367897243025968	      0.80096367897242792822	      0.22036092877146204461	      0.00000000000000035783	      0.00000000000000073106	      0.56974599513065937728	     -0.08391722266067219715	      0.07367269817773772211	      1.76323917825862630515	      1.76323917825862519493	     -0.05591241069582897349	      0.00000000000000071089	     -0.00000000000000351386	      0.01326679020487384064	      0.16310390409826619473	      0.07282943308568787244	     -0.48815914401204280049	     -0.37005617851134714469	     -0.18200581218417077878	      1.64675570840293983288	      1.36470432187385171119	      0.00000000000000022231	      0.00000000000000021647	     -0.50600579106793230899	     -0.20954204507015192216	      0.01403169221826121478	      1.75895502674689452327	      1.32856604736712302639	     -0.00000000000000064377	     -0.00000000000000022093
      2.78699999999999992184	     -0.20849960929161190371	     -0.07689008540322207763	     -0.05813637605838471722	      0.94528285132183265116	      0.99198390370426425822	     -0.33712784678775148395	      0.60168280179080546599	      0.14791882681460175042	     -0.02893096717440914525	      0.80211138767658352045	      0.80211138767658118898	      0.22688494792205057826	      0.00000000000000037223	      0.00000000000000078226	      0.59091486570148765711	     -0.08244452159130574720	      0.07701303803107435730	      1.77049530087653628208	      1.77049530087653517185	     -0.05094993128741200084	      0.00000000000000072180	     -0.00000000000000356963	      0.01087377226492411073	      0.16085141305067091055	      0.07953392579019874509	     -0.47091040109429788130	     -0.36940973583864050722	     -0.17740513210778446895	      1.63596522952966538789	      1.36460121104310294626	      0.00000000000000022741	      0.00000000000000021659	     -0.50578717795499450460	     -0.21019881364159190285	      0.01756439782188758472	      1.73829839084804249616	      1.32881166157692409691	     -0.00000000000000066467	     -0.00000000000000022625
      2.79099999999999992539	     -0.20742888784534085911	     -0.07541056197917522796	     -0.05599296588322557472	      0.94440759319922951143	      0.99180346268255525910	     -0.33708788499152336771	      0.58699909560192775615	      0.14609407734234217124	     -0.02881934724367401363	      0.80132174228475694377	      0.80132174228475461231	      0.23242779939921304200	      0.00000000000000038257	      0.00000000000000082619	      0.61157118654903364074	     -0.08095185582639664867	      0.07975391577417051403	      1.77533496981592997521	      1.77533496981592908703	     -0.04641913070272309094	      0.00000000000000073170	     -0.00000000000000362526	      0.00899378674564860030	      0.15835435607481945786	      0.08618870739000873693	     -0.45467105287507209033	     -0.36881580598485641520	     -0.17284760501357490647	      1.62706342964770622750	      1.36466385904420839381	      0.00000000000000023017	      0.00000000000000021748	     -0.50649154911890093000	     -0.21137119851483240907	      0.02044028726715511196	      1.72004556258964891313	      1.32889202861303767911	     -0.00000000000000068514	     -0.00000000000000023350
      2.79499999999999992895	     -0.20663083783237212732	     -0.07391577347159698774	     -0.05383091339539875647	      0.94364222922385088133	      0.99183803585426177918	     -0.33701730970094312401	      0.57153558307359886292	      0.14418635056518216975	     -0.02930005878472110442	      0.79888904247773395717	      0.79888904247773151468	      0.23736655018831340214	      0.00000000000000038375	      0.00000000000000084673	      0.63178494935376849906	     -0.07949173683243940247	      0.08195835920516299222	      1.77780586416920338699	      1.77780586416920227677	     -0.04228026631337882674	      0.00000000000000074080	     -0.00000000000000368065	      0.00776731170464381709	      0.15572662306071416438	      0.09279976682550855616	     -0.43954976070931511822	     -0.36834290654178541979	     -0.16841492955153017363	      1.62038415764164756006	      1.36484659912256556247	      0.00000000000000022956	      0.00000000000000022343	     -0.50820839784478899492	     -0.21303957638820494869	      0.02259769969499305156	      1.70450290168147389203	      1.32883275977734616191	     -0.00000000000000070553	     -0.00000000000000024075
      2.79899999999999993250	     -0.20622112048204643830	     -0.07244378753483893263	     -0.05168292122153708701	      0.94298343688920749361	      0.99207157800658418711	     -0.33692116431205004767	      0.55555789586288162329	      0.14227695536856557745	     -0.03021661611817283086	      0.79503483742573466397	      0.79503483742573244353	      0.24200307075210908403	      0.00000000000000037579	      0.00000000000000082482	      0.65162283962145162164	     -0.07807235268953795215	      0.08370603427571914057	      1.77796595322799277916	      1.77796595322799166894	     -0.03850148612532497405	      0.00000000000000074878	     -0.00000000000000373682	      0.00730803407849108487	      0.15304572519418832566	      0.09936608849637923457	     -0.42561422065254289615	     -0.36803055011368385196	     -0.16418297425954078705	      1.61620451073785664775	      1.36510282489416834295	      0.00000000000000022820	      0.00000000000000023049	     -0.51102275108192940500	     -0.21517471382648165057	      0.02400414604288364853	      1.69193094583487679827	      1.32866143582928386557	     -0.00000000000000072517	     -0.00000000000000024374
      2.80299999999999993605	     -0.20628461655691043841	     -0.07100553990887449596	     -0.04957187736610575712	      0.94242725073655075896	      0.99249031033164292204	     -0.33680462271843131239	      0.53926691997878584139	      0.14042101568431550329	     -0.03137362405372955132	      0.78989579430472811605	      0.78989579430472578458	      0.24652848897798806949	      0.00000000000000036019	      0.00000000000000078805	      0.67113326051774757630	     -0.07666356759927768494	      0.08507870035570308520	      1.77587989758094111359	      1.77587989758093978132	     -0.03505701061235336202	      0.00000000000000075557	     -0.00000000000000379369	      0.00769134989620807487	      0.15034968803277359850	      0.10587756951408024142	     -0.41289109017383218703	     -0.36788608051379617647	     -0.16021564270363150562	      1.61472928775325419437	      1.36538982333762137777	      0.00000000000000023071	      0.00000000000000023716	     -0.51500823144731999736	     -0.21773957532819682159	      0.02465646720036500719	      1.68253170244989536108	      1.32840420635603595478	     -0.00000000000000074559	     -0.00000000000000024775
      2.80699999999999993960	     -0.20686581917740612391	     -0.06958757541996721252	     -0.04750849858148192134	      0.94196999374862955268	      0.99308373701364260899	     -0.33667250991159508589	      0.52278516294298515987	      0.13864601893634362351	     -0.03256028667557904488	      0.78352297548795957205	      0.78352297548795735160	      0.25100076763476197872	      0.00000000000000034996	      0.00000000000000075425	      0.69033375432712718034	     -0.07520667506385433909	      0.08614609047992802249	      1.77161614048656779197	      1.77161614048656668174	     -0.03192463988628186505	      0.00000000000000076102	     -0.00000000000000385128	      0.00894586000416931412	      0.14763818739699077764	      0.11231426102066845163	     -0.40136802204195698440	     -0.36788498127060487164	     -0.15655976832270707133	      1.61607947015306829819	      1.36567316860122511812	      0.00000000000000023634	      0.00000000000000024955	     -0.52021981240668846436	     -0.22069119055191685486	      0.02457856143413538613	      1.67643735217578560004	      1.32808289320616346174	     -0.00000000000000076591	     -0.00000000000000025500
      2.81099999999999994316	     -0.20796348677315185105	     -0.06815640654339563675	     -0.04549021652142647837	      0.94160890335834723786	      0.99384509094225037540	     -0.33652893669142425193	      0.50615269639063942275	      0.13695244237219669770	     -0.03357496531253711947	      0.77589252842944156363	      0.77589252842943923216	      0.25533756628073750461	      0.00000000000000033680	      0.00000000000000071089	      0.70920268878734216145	     -0.07362597372924244155	      0.08695392332588414153	      1.76524570178486706062	      1.76524570178486572836	     -0.02908180653840973864	      0.00000000000000076621	     -0.00000000000000390816	      0.01104886191187279439	      0.14487679691059557330	      0.11864708562313470985	     -0.39099775636958722380	     -0.36797455624816838293	     -0.15324139146915113918	      1.62028564435712674197	      1.36593028737073884926	      0.00000000000000024463	      0.00000000000000026003	     -0.52668723792069871426	     -0.22398275250873758702	      0.02381682923862275814	      1.67370122003819843393	      1.32771294518387694694	     -0.00000000000000078497	     -0.00000000000000026280
      2.81499999999999994671	     -0.20953009181490545032	     -0.06666402147484074003	     -0.04350139371179660014	      0.94134243915709714390	      0.99477121796561851497	     -0.33637705414304175378	      0.48933266210332998503	      0.13531622310276886223	     -0.03424796061999939301	      0.76692549504074380984	      0.76692549504074147837	      0.25932398568803732841	      0.00000000000000033334	      0.00000000000000068208	      0.72767610126293758022	     -0.07184080406111413575	      0.08751554498336655552	      1.75684232894833969318	      1.75684232894833836092	     -0.02650078557056834844	      0.00000000000000077111	     -0.00000000000000396569	      0.01392649858580129532	      0.14200367176802786151	      0.12483983258180465781	     -0.38170395865405598590	     -0.36808041895775578389	     -0.15026369871773267994	      1.62728697403966204860	      1.36615285468113567546	      0.00000000000000025252	      0.00000000000000026986	     -0.53440992386655705726	     -0.22756589980097335912	      0.02243385277678099435	      1.67429197177407029784	      1.32730243871178954507	     -0.00000000000000080477	     -0.00000000000000027200
      2.81899999999999995026	     -0.21147618988956581876	     -0.06505429344349517029	     -0.04151485401584117246	      0.94117031967160658112	      0.99586198154966532048	     -0.33621892227093835848	      0.47222529756804099144	      0.13369314645473820424	     -0.03445963788948596535	      0.75651314928154111961	      0.75651314928153867712	      0.26263302624504314409	      0.00000000000000033414	      0.00000000000000067062	      0.74564992223217618772	     -0.06977705372571904596	      0.08780847086350830610	      1.74648284654997754117	      1.74648284654997620891	     -0.02414450506578976266	      0.00000000000000077494	     -0.00000000000000402346	      0.01745893395049662525	      0.13893826068218953496	      0.13085201633056137149	     -0.37338832642569008691	     -0.36811494467965982791	     -0.14760684190104519931	      1.63693602918454472750	      1.36634772560202244485	      0.00000000000000025925	      0.00000000000000027252	     -0.54335400262567745688	     -0.23139297815925710666	      0.02050106257373398438	      1.67809199280014098576	      1.32685219338174054116	     -0.00000000000000082416	     -0.00000000000000028215
      2.82299999999999995381	     -0.21367925787396771509	     -0.06326987870667841185	     -0.03949462778482538960	      0.94109333504065206810	      0.99711929853746705810	     -0.33605548330321705075	      0.45468874504134543235	      0.13202497030262644317	     -0.03415195344594180310	      0.74454444168179723107	      0.74454444168179478858	      0.26485601264458474846	      0.00000000000000032079	      0.00000000000000065045	      0.76298725443411841152	     -0.06737725540169302307	      0.08777633993623332187	      1.73424695465448297504	      1.73424695465448186482	     -0.02196407713754201449	      0.00000000000000077812	     -0.00000000000000408158	      0.02149025577031330944	      0.13559144132624290080	      0.13664219951270509257	     -0.36593847417032010494	     -0.36798680440761538657	     -0.14522972599609174083	      1.64900920243998383441	      1.36653625124014443948	      0.00000000000000026530	      0.00000000000000027497	     -0.55345186252003208960	     -0.23541907043066157001	      0.01809121359559415221	      1.68490047329261916076	      1.32635693458130665690	     -0.00000000000000084334	     -0.00000000000000029108
      2.82699999999999995737	     -0.21599587549300033884	     -0.06125899461690024334	     -0.03739973305492778205	      0.94111297365046608920	      0.99854594049118228227	     -0.33588662658558604557	      0.43656411169158032548	      0.13024676031018689315	     -0.03333255146159219695	      0.73093253035861371902	      0.73093253035861127653	      0.26553959340842170356	      0.00000000000000030551	      0.00000000000000060716	      0.77952978379990245372	     -0.06460853305063686547	      0.08733582560842684250	      1.72021641604617769872	      1.72021641604617658849	     -0.01989862761989322215	      0.00000000000000078178	     -0.00000000000000413973	      0.02584195636268725102	      0.13187619713917433928	      0.14217146932840357687	     -0.35923599862507682445	     -0.36761069521280598238	     -0.14307367406915097452	      1.66322169873473080237	      1.36675200130738994098	      0.00000000000000027383	      0.00000000000000027598	     -0.56460420172276626349	     -0.23960358650455387819	      0.01527157944910794915	      1.69444110310758766502	      1.32580728275936743366	     -0.00000000000000086282	     -0.00000000000000029857
      2.83099999999999996092	     -0.21827592500106485218	     -0.05898147312596782599	     -0.03518870582038364364	      0.94123089438951346164	      1.00014423169298782845	     -0.33571133171831379904	      0.41770201091001774030	      0.12829481541576717718	     -0.03207136507173872358	      0.71563775783579719469	      0.71563775783579464118	      0.26422575784259105802	      0.00000000000000029611	      0.00000000000000053008	      0.79511206797829681037	     -0.06146780231325113530	      0.08638755731039297892	      1.70447373493533027577	      1.70447373493532938760	     -0.01787756811952015065	      0.00000000000000078569	     -0.00000000000000419706	      0.03032853485647354561	      0.12771791957376718574	      0.14740675643788844762	     -0.35316415804511114285	     -0.36691643892785630321	     -0.14106771894983111126	      1.67924580426397063171	      1.36703704946851711810	      0.00000000000000028521	      0.00000000000000027587	     -0.57668443722425810627	     -0.24391124748889025931	      0.01209865836323438699	      1.70637397779141886112	      1.32519227578329501505	     -0.00000000000000088261	     -0.00000000000000030218
      2.83499999999999996447	     -0.22037733424676023142	     -0.05641361429598168442	     -0.03282438074729698146	      0.94144828957085624488	      1.00191478308519510421	     -0.33552787684532831003	      0.39798773952619981298	      0.12611443005823744223	     -0.03049073128409255859	      0.69868511374389064006	      0.69868511374388830859	      0.26049120841340389632	      0.00000000000000028287	      0.00000000000000044534	      0.80957690735198073462	     -0.05798390137969288566	      0.08482960609924859730	      1.68710019038670600011	      1.68710019038670466784	     -0.01582473441783068674	      0.00000000000000078946	     -0.00000000000000425431	      0.03477356264971856459	      0.12306347275204136682	      0.15232362814530384099	     -0.34761479041640880316	     -0.36585667889802048203	     -0.13913497040284455997	      1.69673090648954949522	      1.36743722339322615333	      0.00000000000000029641	      0.00000000000000027617	     -0.58954504759061165942	     -0.24831244313780034827	      0.00861484496340601293	      1.72031100503634837295	      1.32450208661566448676	     -0.00000000000000090287	     -0.00000000000000030577
      2.83899999999999996803	     -0.22217982703243707721	     -0.05355149371369102851	     -0.03027831884378912042	      0.94176520420291032210	      1.00385540528361283386	     -0.33533409746296694021	      0.37736232505532496528	      0.12366669570236593634	     -0.02875070014148159089	      0.68017478133856057454	      0.68017478133855813205	      0.25398269765156500366	      0.00000000000000027599	      0.00000000000000037158	      0.82278974459028164645	     -0.05421655060800879139	      0.08257177876335308753	      1.66817297687312637855	      1.66817297687312526833	     -0.01366340604841586974	      0.00000000000000079337	     -0.00000000000000431062	      0.03902449456809113648	      0.11788822991518443928	      0.15690820665708057891	     -0.34249412709314264180	     -0.36441248333034437223	     -0.13719932355130712298	      1.71532364101162770886	      1.36799686969437184203	      0.00000000000000030485	      0.00000000000000027772	     -0.60302530003297183381	     -0.25278301180683931948	      0.00484727356462681235	      1.73583385795633504678	      1.32373057677520966635	     -0.00000000000000092459	     -0.00000000000000031028
      2.84299999999999997158	     -0.22359639853313412194	     -0.05041257349422171435	     -0.02753439042296904407	      0.94217990024912212643	      1.00596030890194110263	     -0.33512767703441176392	      0.35583733031455622164	      0.12093376185406561063	     -0.02703133769665874014	      0.66028496182826290628	      0.66028496182826024175	      0.24444563379737110909	      0.00000000000000028010	      0.00000000000000034289	      0.83465050494995218777	     -0.05025233664344050388	      0.07954878435008905235	      1.64776153417876281004	      1.64776153417876169982	     -0.01132164259108943416	      0.00000000000000079728	     -0.00000000000000436770	      0.04296488765207659433	      0.11220052863905295715	      0.16115801895766942997	     -0.33772712652642311593	     -0.36259634708693849747	     -0.13519182022924991493	      1.73468674440233638911	      1.36875368303360356315	      0.00000000000000031150	      0.00000000000000028020	     -0.61695984424668204316	     -0.25730346492497307986	      0.00080882959914590439	      1.75251332471820631120	      1.32287736430224311945	     -0.00000000000000094707	     -0.00000000000000031699
      2.84699999999999997513	     -0.22458147714992152122	     -0.04703564651512994604	     -0.02459113537281844980	      0.94268839268328141756	      1.00821965561201198902	     -0.33490645016824599489	      0.33350201396535034126	      0.11792222564060120260	     -0.02551389493135009998	      0.63926663343590572897	      0.63926663343590317545	      0.23174404812724461178	      0.00000000000000027451	      0.00000000000000030595	      0.84510187189733576574	     -0.04619827082241058369	      0.07573010804152520425	      1.62592359739643810279	      1.62592359739643677052	     -0.00873803547181858237	      0.00000000000000080050	     -0.00000000000000442511	      0.04652316057508835978	      0.10604327807138771989	      0.16508172546403204750	     -0.33326000508828718116	     -0.36045226969153237873	     -0.13305602491188922576	      1.75451540450256704418	      1.36973414273950733211	      0.00000000000000031659	      0.00000000000000028238	     -0.63118767174567746991	     -0.26185762919847865859	     -0.00349889761089097620	      1.76992866217051525446	      1.32194915922048705781	     -0.00000000000000096925	     -0.00000000000000032597
      2.85099999999999997868	     -0.22513491301685567558	     -0.04347926280406854554	     -0.02146262106596579650	      0.94328427912093892882	      1.01061949205746004488	     -0.33466870046871510791	      0.31052207600328218806	      0.11466448222022494752	     -0.02436265159573973438	      0.61743053834798733437	      0.61743053834798489188	      0.21587074913528683795	      0.00000000000000026498	      0.00000000000000026082	      0.85413336198314460113	     -0.04217368132833222011	      0.07112488066580918700	      1.60270169925150063328	      1.60270169925149952306	     -0.00586783101041229126	      0.00000000000000080322	     -0.00000000000000448222	      0.04967724805821163714	      0.09949271033158912925	      0.16869779562515935245	     -0.32906068507513691612	     -0.35805281277166045584	     -0.13075188942421872573	      1.77455007171144196754	      1.37095003470712484273	      0.00000000000000032167	      0.00000000000000028452	     -0.64556082813182946722	     -0.26643066460890013625	     -0.00808108149425545465	      1.78768552904421951233	      1.32096017156802281178	     -0.00000000000000099116	     -0.00000000000000033552
      2.85499999999999998224	     -0.22530127143310857418	     -0.03981880804365287713	     -0.01817763779182421033	      0.94395889339072280855	      1.01314205273960800113	     -0.33441344030916814178	      0.28713027716269484690	      0.11121777512513075781	     -0.02370933945524942091	      0.59512803910032074928	      0.59512803910031819576	      0.19694705099694881367	      0.00000000000000026355	      0.00000000000000021723	      0.86178099066162683339	     -0.03830121382540303820	      0.06578130749703783864	      1.57812111132575649819	      1.57812111132575561001	     -0.00268830746493428857	      0.00000000000000080544	     -0.00000000000000453993	      0.05245457912214599588	      0.09265444248892666657	      0.17203234989526686172	     -0.32511702050884472293	     -0.35549350259094320004	     -0.12825778719001396100	      1.79458499464063647721	      1.37239643668907618235	      0.00000000000000032700	      0.00000000000000028611	     -0.65995189179508650934	     -0.27100658061148713562	     -0.01294412777816862301	      1.80543116644394108228	      1.31993152562036919484	     -0.00000000000000101292	     -0.00000000000000034503
      2.85899999999999998579	     -0.22516426183054927268	     -0.03614238613927379939	     -0.01477718967925832107	      0.94470172765389626157	      1.01576639212723773831	     -0.33414066516717338962	      0.26360992765657248471	      0.10766070810269823266	     -0.02364198462985359073	      0.57272833392724886714	      0.57272833392724642465	      0.17521243595027502504	      0.00000000000000025775	      0.00000000000000015970	      0.86812260602814506072	     -0.03469768961088855186	      0.05978112958115548020	      1.55219025366326213167	      1.55219025366326102144	      0.00079826165321226984	      0.00000000000000080839	     -0.00000000000000459782	      0.05492692355172630603	      0.08565715945363626405	      0.17511644610301826952	     -0.32143295422148976392	     -0.35288526640938366885	     -0.12557059212563784212	      1.81447193708217935360	      1.37405145051722898941	      0.00000000000000033225	      0.00000000000000028727	     -0.67425896982361066545	     -0.27556556066809162475	     -0.01808989025048598001	      1.82286567221345685574	      1.31888972269640980528	     -0.00000000000000103465	     -0.00000000000000035436
      2.86299999999999998934	     -0.22483690273901088541	     -0.03254571433629601523	     -0.01131048521227940272	      0.94550104543405755209	      1.01846926927082459535	     -0.33385157735479531471	      0.24027299359221737651	      0.10408744220330516661	     -0.02419938830823600145	      0.55059458001193906096	      0.55059458001193661847	      0.15100544559481843265	      0.00000000000000026657	      0.00000000000000011851	      0.87326943367127007889	     -0.03146550765708030356	      0.05322998793564599762	      1.52490388111047359132	      1.52490388111047248110	      0.00456492181810747456	      0.00000000000000081200	     -0.00000000000000465474	      0.05720050792029109793	      0.07864448638962351357	      0.17798306491420223807	     -0.31802323812330551833	     -0.35034570785501256696	     -0.12270390899058460088	      1.83411895118086731848	      1.37587777572822722583	      0.00000000000000033699	      0.00000000000000028825	     -0.68840755057293956387	     -0.28008143456572764940	     -0.02351041126863451583	      1.83974881621780173013	      1.31786431969243977846	     -0.00000000000000105627	     -0.00000000000000036300
      2.86699999999999999289	     -0.22444894039965920807	     -0.02912634763020206449	     -0.00782992685468481865	      0.94634461647309287002	      1.02122616275798749896	     -0.33354877322038045673	      0.21743548249659991334	      0.10060032612070644864	     -0.02537175724692559628	      0.52906127772608135817	      0.52906127772607880466	      0.12473805753790385975	      0.00000000000000028026	      0.00000000000000007332	      0.87735497643406956669	     -0.02868513284084768522	      0.04624485641556398685	      1.49624839537312492865	      1.49624839537312381843	      0.00856336735026669987	      0.00000000000000081233	     -0.00000000000000471267	      0.05940297041498844577	      0.07176585227290414870	      0.18066402860170163724	     -0.31490777127195535012	     -0.34799011754775038829	     -0.11968479409280663450	      1.85348475068445361913	      1.37782600255661313859	      0.00000000000000034170	      0.00000000000000028914	     -0.70234956918049185060	     -0.28451960698284733953	     -0.02918398568164228685	      1.85590258868087554234	      1.31688513852270294713	     -0.00000000000000107756	     -0.00000000000000037196
      2.87099999999999999645	     -0.22413316409424621778	     -0.02597754532112028780	     -0.00438571131917300447	      0.94722049279056963478	      1.02401231167552886347	     -0.33323638802875232834	      0.19539280967045066784	      0.09730175533475700356	     -0.02710724777117165876	      0.50841497564141757692	      0.50841497564141513443	      0.09686597339541704044	      0.00000000000000029783	      0.00000000000000004464	      0.88052250160563438897	     -0.02640906535927448062	      0.03894002420975391232	      1.46620837694931971384	      1.46620837694931838158	      0.01272947169349971167	      0.00000000000000081111	     -0.00000000000000477015	      0.06166886866006539986	      0.06516711404096735272	      0.18318712347357915537	     -0.31210647222053633509	     -0.34592309604200843776	     -0.11654938842499035223	      1.87256949392758853534	      1.37983936170483967310	      0.00000000000000034648	      0.00000000000000028983	     -0.71606029346659139101	     -0.28883572046665351163	     -0.03507320401596422665	      1.87120987887103651381	      1.31597937209728632624	     -0.00000000000000109895	     -0.00000000000000038098
      2.87500000000000000000	     -0.22401192462904023772	     -0.02318199500498756283	     -0.00102076904349791397	      0.94811771072362116541	      1.02680372133484998365	     -0.33292018136145445917	      0.17439737670484903309	      0.09428584517380655949	     -0.02932291836028790358	      0.48887985147698714838	      0.48887985147698470589	      0.06785745681047618272	      0.00000000000000030377	      0.00000000000000000409	      0.88291222327192209196	     -0.02465740993189321703	      0.03141372184684678576	      1.43477356546279732896	      1.43477356546279644078	      0.01698970598265633902	      0.00000000000000080961	     -0.00000000000000482814	      0.06412493616175189703	      0.05898146446913292429	      0.18557383849936906484	     -0.30963500742753330419	     -0.34423159463721947349	     -0.11333796175299414022	      1.89140301205351479830	      1.38185947718727986100	      0.00000000000000035152	      0.00000000000000029044	     -0.72953337963872955108	     -0.29297527533144346323	     -0.04112529789918485668	      1.88560968518602534161	      1.31516891198216878678	     -0.00000000000000112028	     -0.00000000000000038990
      2.87900000000000000355	     -0.22418492250014132594	     -0.02080559947995611753	      0.00223320291165004462	      0.94902679995589123152	      1.02957809377856390753	     -0.33260753148956212488	      0.15464027824975939973	      0.09163033232632838976	     -0.03191785881772482569	      0.47060932765825119750	      0.47060932765824875501	      0.03816321760056064910	      0.00000000000000031250	     -0.00000000000000002763	      0.88464922138843538058	     -0.02341498609866907513	      0.02373773948856669133	      1.40194561585544530402	      1.40194561585544397175	      0.02126692938815800266	      0.00000000000000080785	     -0.00000000000000488612	      0.06687599877714818508	      0.05332097712504863668	      0.18783818220393491694	     -0.30750129823082872349	     -0.34298006454804508270	     -0.11008988374870520843	      1.91003170268618349681	      1.38383254364427599192	      0.00000000000000035658	      0.00000000000000029185	     -0.74277435478131648150	     -0.29687436733822036850	     -0.04727484031314971996	      1.89908929924440039727	      1.31446819381740120924	     -0.00000000000000114171	     -0.00000000000000039882
      2.88300000000000000711	     -0.22471927166074759374	     -0.01889192031181751580	      0.00535822809019372102	      0.94994004087792782709	      1.03231562923744957239	     -0.33230731652149758659	      0.13623873662296773213	      0.08938933419044702011	     -0.03478663779659213473	      0.45368429750706323889	      0.45368429750706079639	      0.00818945217190684277	      0.00000000000000032243	     -0.00000000000000005179	      0.88583315874404344736	     -0.02263021127178682992	      0.01595174416330066847	      1.36774403644952946557	      1.36774403644952813330	      0.02548477273090466247	      0.00000000000000080664	     -0.00000000000000494409	      0.06999267043728109317	      0.04826943430674238145	      0.18998665916555532163	     -0.30570288512063309438	     -0.34220808750422104794	     -0.10683903605079597687	      1.92850544094279241492	      1.38571528892018536183	      0.00000000000000036161	      0.00000000000000029346	     -0.75579303481401605147	     -0.30046161940579829697	     -0.05344849858614633686	      1.91167423827153482030	      1.31388279078243463971	     -0.00000000000000116312	     -0.00000000000000040847
      2.88700000000000001066	     -0.22564283296287557246	     -0.01745842819786226283	      0.00835115953720545583	      0.95085148744905079177	      1.03499962572026404928	     -0.33202968141385674761	      0.11923052758833843634	      0.08758805587260422298	     -0.03783182779488043768	      0.43811787904641191771	      0.43811787904640947522	     -0.02172391617281551127	      0.00000000000000033127	     -0.00000000000000008012	      0.88653093891867507104	     -0.02221650538201722785	      0.00806316693262352363	      1.33221080316637952023	      1.33221080316637841001	      0.02957086364911662782	      0.00000000000000080527	     -0.00000000000000500194	      0.07350229333453231484	      0.04387762381480412449	      0.19201895693573028945	     -0.30422560043360280524	     -0.34193048628546868217	     -0.10361023317624198925	      1.94686601747664811413	      1.38748000641025415192	      0.00000000000000036684	      0.00000000000000029500	     -0.76859568763558494542	     -0.30366128201690917310	     -0.05957111710167142110	      1.92341717700925562973	      1.31340887294119457174	     -0.00000000000000118441	     -0.00000000000000041840
      2.89100000000000001421	     -0.22694153303239497643	     -0.01649551005801706133	      0.01122356068438342021	      0.95175680320325495298	      1.03761681421284790439	     -0.33178569250331158003	      0.10357606882657187375	      0.08622034034840053707	     -0.04097458701106788254	      0.42386604943158623371	      0.42386604943158384673	     -0.05131832200044723902	      0.00000000000000034033	     -0.00000000000000010241	      0.88677309222938205391	     -0.02205671094550224962	      0.00005288485416652471	      1.29541306262229904966	      1.29541306262229793944	      0.03345911096296507597	      0.00000000000000080332	     -0.00000000000000506030	      0.07738434636262742083	      0.04016199908559681814	      0.19392891485952001851	     -0.30304389382418456256	     -0.34213968925768462048	     -0.10041707290921084161	      1.96513840870083611456	      1.38911802921357518947	      0.00000000000000037212	      0.00000000000000029619	     -0.78117793381218025850	     -0.30639732805928504566	     -0.06557231062670856869	      1.93438710966509042066	      1.31303358036828821120	     -0.00000000000000120575	     -0.00000000000000042786
      2.89500000000000001776	     -0.22856065890780655203	     -0.01596826288099338284	      0.01400019276453399672	      0.95265299056915286879	      1.04015743290979023605	     -0.33158687302256228957	      0.08916757864029599412	      0.08524928016793510699	     -0.04416213251071222923	      0.41084271191823651392	      0.41084271191823407143	     -0.08042409231151174953	      0.00000000000000034292	     -0.00000000000000011902	      0.88655369352096669022	     -0.02201007043526400503	     -0.00811400825645913759	      1.25744296658688181623	      1.25744296658688070600	      0.03709015031191351813	      0.00000000000000080088	     -0.00000000000000511895	      0.08157067405670781479	      0.03710658412261529787	      0.19570582607734265945	     -0.30212265921781150668	     -0.34280991181184655714	     -0.09726134568169927941	      1.98332547314923313131	      1.39064125614353151228	      0.00000000000000037757	      0.00000000000000029750	     -0.79351964851869727369	     -0.30859798681824468503	     -0.07139282987077462395	      1.94465959878849026232	      1.31273624845225289626	     -0.00000000000000122715	     -0.00000000000000043686
      2.89900000000000002132	     -0.23040970051388021123	     -0.01582048375147531230	      0.01671580180071602015	      0.95353809237317643799	      1.04261507063746927670	     -0.33144461370750433193	      0.07584388001386237199	      0.08461067408441912130	     -0.04737099086148285898	      0.39893730629381357611	      0.39893730629381113362	     -0.10896010028903184430	      0.00000000000000034252	     -0.00000000000000013096	      0.88583300703559120226	     -0.02192077457780161956	     -0.01647370036704617555	      1.21841362328486635391	      1.21841362328486524369	      0.04040862971606458409	      0.00000000000000079866	     -0.00000000000000517700	      0.08595026644998104981	      0.03466738741973764831	      0.19733639303394906461	     -0.30142009772752886843	     -0.34390260578247922041	     -0.09413392695372929664	      2.00140609404735503318	      1.39208152417353558938	      0.00000000000000038284	      0.00000000000000029877	     -0.80558315638240940437	     -0.31019991777883865192	     -0.07699001364337799969	      1.95430870519698607346	      1.31249033579377027969	     -0.00000000000000124861	     -0.00000000000000044596
      2.90300000000000002487	     -0.23237014732508770587	     -0.01598024483317197347	      0.01941033269718869456	      0.95441090375886605823	      1.04498630018009341924	     -0.33136947839779623548	      0.06340919105697022384	      0.08421895068717255572	     -0.05060555935814165657	      0.38803331334446861112	      0.38803331334446616863	     -0.13692561012784601471	      0.00000000000000034058	     -0.00000000000000014326	      0.88454222885227085094	     -0.02162734982084478508	     -0.02504717874619728779	      1.17845131163563698884	      1.17845131163563565657	      0.04335736662989457535	      0.00000000000000079618	     -0.00000000000000523517	      0.09037796792637242671	      0.03277863802224108281	      0.19880734346607492613	     -0.30089114554936202683	     -0.34537255266391070352	     -0.09101692314484403912	      2.01933630104764638702	      1.39348783624897398781	      0.00000000000000038799	      0.00000000000000030041	     -0.81731497896130145264	     -0.31115151155543419037	     -0.08234168229968336084	      1.96340087082264269647	      1.31226584741470730933	     -0.00000000000000127017	     -0.00000000000000045521
      2.90700000000000002842	     -0.23430539118700155488	     -0.01636656672854471320	      0.02212328964191563607	      0.95527070040769912485	      1.04727012805355279568	     -0.33137046062413400005	      0.05165401635964662896	      0.08397502339564108520	     -0.05389225225575423883	      0.37802638611406147451	      0.37802638611405897651	     -0.16438477478652677166	      0.00000000000000033669	     -0.00000000000000015915	      0.88258997824661533649	     -0.02097256615724931578	     -0.03382394740750382933	      1.13768561841064363982	      1.13768561841064252960	      0.04587017754318413465	      0.00000000000000079306	     -0.00000000000000529422	      0.09468610542412304876	      0.03136032391213239984	      0.20010824303206437014	     -0.30049101333509642409	     -0.34717385761428476432	     -0.08788669570119810037	      2.03705239856092479300	      1.39492169825004186379	      0.00000000000000039337	      0.00000000000000030190	     -0.82864999394228366913	     -0.31141528437675031205	     -0.08744787050905221404	      1.97199060872903464414	      1.31203199534704340046	     -0.00000000000000129174	     -0.00000000000000046451
      2.91100000000000003197	     -0.23607179488524926425	     -0.01689671158198319256	      0.02488812360825252978	      0.95611698825589286344	      1.04946730506199581434	     -0.33145426355467322299	      0.04037623461249978396	      0.08377545812516208612	     -0.05727003498807656939	      0.36884091888367620538	      0.36884091888367381840	     -0.19144472679535429194	      0.00000000000000033112	     -0.00000000000000017351	      0.87987027982154408789	     -0.01981356725974638480	     -0.04274820516819366478	      1.09623954686148405990	      1.09623954686148294968	      0.04786550040459685434	      0.00000000000000079017	     -0.00000000000000535421	      0.09869789502238998646	      0.03032650405445595429	      0.20123391068066115439	     -0.30017849858449219269	     -0.34926512769875045494	     -0.08471737379526672607	      2.05447518833297992913	      1.39645096174182659077	      0.00000000000000039849	      0.00000000000000030401	     -0.83951668241545274185	     -0.31096948416725733733	     -0.09233001730874876301	      1.98011785948066543206	      1.31175981941079977666	     -0.00000000000000131329	     -0.00000000000000047388
      2.91500000000000003553	     -0.23752995563414933122	     -0.01749349528190524000	      0.02772751499926190064	      0.95694928676606683116	      1.05157954391051489118	     -0.33162469012182393957	      0.02940049858125812210	      0.08352209865697984847	     -0.06077894769427957117	      0.36044378922269776355	      0.36044378922269532106	     -0.21822946882851207429	      0.00000000000000032753	     -0.00000000000000018822	      0.87627163482320447052	     -0.01803163683458623365	     -0.05170974606654887146	      1.05422142193873513705	      1.05422142193873402682	      0.04924236007242301788	      0.00000000000000078735	     -0.00000000000000541447	      0.10224136470804681687	      0.02959367677298260085	      0.20218587299697715620	     -0.29991901218057126499	     -0.35161322933601812935	     -0.08148449688983980255	      2.07151484682723907582	      1.39814276090017930443	      0.00000000000000040356	      0.00000000000000030609	     -0.84984278064049634249	     -0.30980894427935867785	     -0.09702775052687559465	      1.98780722265719100861	      1.31142454449333389910	     -0.00000000000000133495	     -0.00000000000000048330
      2.91900000000000003908	     -0.23855519484083992365	     -0.01809194860885027234	      0.03065035021627669082	      0.95776696630082358563	      1.05360870274686124759	     -0.33188223234077757207	      0.01859417878961601087	      0.08313113661299750823	     -0.06444865992419826495	      0.35285403648170027280	      0.35285403648169777480	     -0.24485245571178737567	      0.00000000000000032429	     -0.00000000000000020082	      0.87168672082965414916	     -0.01554082801788978820	     -0.06054161714332570443	      1.01172018427605014956	      1.01172018427604903934	      0.04987976282854661436	      0.00000000000000078100	     -0.00000000000000547504	      0.10516252398715791871	      0.02908836732325729632	      0.20297237599903308891	     -0.29968740183987080394	     -0.35419512924205454052	     -0.07816846279212567861	      2.08807628138433765130	      1.40005624875027612219	      0.00000000000000040886	      0.00000000000000030749	     -0.85956107633881984054	     -0.30794516322224285698	     -0.10159375094387711191	      1.99506940492703788159	      1.31100748982210046911	     -0.00000000000000135661	     -0.00000000000000049290
      2.92300000000000004263	     -0.23904646049611885661	     -0.01864453206545883465	      0.03365073371098740301	      0.95856915193099534456	      1.05555599463926941262	     -0.33222390877690127775	      0.00787847354894411454	      0.08254052156828041442	     -0.06828856578611748607	      0.34614755910791594751	      0.34614755910791344951	     -0.27139043034674592558	      0.00000000000000032155	     -0.00000000000000021315	      0.86602215616138633614	     -0.01229449383805155879	     -0.06902544827482580414	      0.96880508296422129799	      0.96880508296422029879	      0.04964031270992341066	      0.00000000000000077441	     -0.00000000000000553485	      0.10733668881347256663	      0.02875293422052204936	      0.20360698042219255166	     -0.29947030972330435095	     -0.35699757750964883352	     -0.07475746906098497402	      2.10406436856319256634	      1.40223585247732085435	      0.00000000000000041355	      0.00000000000000030969	     -0.86861506882881833747	     -0.30540558708451054359	     -0.10608729469350108854	      2.00190460135221970361	      1.31049738610575983166	     -0.00000000000000137822	     -0.00000000000000050260
      2.92700000000000004619	     -0.23893295598242486610	     -0.01912387665987647437	      0.03670875580677589178	      0.95935472046671366186	      1.05742127738801738879	     -0.33264334830604436188	     -0.00276624607452650214	      0.08171451504283937239	     -0.07228011985114754512	      0.34045627700418978900	      0.34045627700418729100	     -0.29786037111245988740	      0.00000000000000031892	     -0.00000000000000022744	      0.85920763155412349654	     -0.00828848594267845781	     -0.07690405484582356344	      0.92553011788275718619	      0.92553011788275607596	      0.04837847498314247485	      0.00000000000000076763	     -0.00000000000000559379	      0.10867706546141663038	      0.02854836864478107680	      0.20410644892392657002	     -0.29926734561909246191	     -0.36001472211435397996	     -0.07124963203092550545	      2.11938785094119674923	      1.40470578596347062117	      0.00000000000000041811	      0.00000000000000031173	     -0.87696407652868890725	     -0.30223207023541892591	     -0.11056716933414002801	      2.00830668143414392546	      1.30989102105387966724	     -0.00000000000000139972	     -0.00000000000000051251
      2.93100000000000004974	     -0.23817805511917078398	     -0.01952231726572872805	      0.03979264556473073589	      0.96012238356016410545	      1.05920248990767174035	     -0.33313110255633365808	     -0.01330119436246202623	      0.08064451541616764196	     -0.07637193398202023198	      0.33596177144268318804	      0.33596177144268074555	     -0.32420106477244214904	      0.00000000000000031680	     -0.00000000000000024474	      0.85120380968694797641	     -0.00356018196743693258	     -0.08390017888807409230	      0.88194309766816425533	      0.88194309766816314511	      0.04595350468380216685	      0.00000000000000075990	     -0.00000000000000565179	      0.10913998095267536670	      0.02845328747354517948	      0.20448862459953387472	     -0.29909046551437867834	     -0.36324397485555320886	     -0.06765406387903430407	      2.13396085589305251062	      1.40746645271615111739	      0.00000000000000042295	      0.00000000000000031395	     -0.88458735887578243684	     -0.29847854293085479549	     -0.11508467520517071114	      2.01426705091093571909	      1.30919319002611889147	     -0.00000000000000142111	     -0.00000000000000052239
      2.93500000000000005329	     -0.23678057698672100306	     -0.01984855281428824988	      0.04286211055336693054	      0.96087082665583434249	      1.06089525945742924051	     -0.33367516640396815975	     -0.02363504788495233641	      0.07934626000426220349	     -0.08047845084809057692	      0.33288465827063251634	      0.33288465827063007385	     -0.35026091495883071580	      0.00000000000000031577	     -0.00000000000000026174	      0.84200890990544752235	      0.00181629074599143456	     -0.08973944125515657955	      0.83809870897725680106	      0.83809870897725569083	      0.04224664575622025936	      0.00000000000000075159	     -0.00000000000000570941	      0.10872677704651809161	      0.02845962575380817441	      0.20477044298978497316	     -0.29896171691706180384	     -0.36668075544512923614	     -0.06399088555956479463	      2.14770206523888074202	      1.41049310145283213203	      0.00000000000000042781	      0.00000000000000031610	     -0.89148654709492058945	     -0.29420825347564633079	     -0.11967743515735927706	      2.01977774373146301556	      1.30841604092540353399	     -0.00000000000000144250	     -0.00000000000000053202
      2.93900000000000005684	     -0.23477380747288603691	     -0.02012243631340909084	      0.04587274043354763742	      0.96159885774545306170	      1.06249267892975973737	     -0.33426168054655230888	     -0.03363318517925240753	      0.07785418486062437027	     -0.08448307992472113559	      0.33147164624074954009	      0.33147164624074715311	     -0.37579370530946848428	      0.00000000000000031460	     -0.00000000000000027612	      0.83166415677826721620	      0.00773756009371448419	     -0.09417508352416265049	      0.79407457638338785344	      0.79407457638338685424	      0.03718172936512886134	      0.00000000000000074327	     -0.00000000000000576724	      0.10748276573039571014	      0.02856635061639568526	      0.20496586032532546073	     -0.29891003701566004613	     -0.37031291336922322888	     -0.06029029602758338713	      2.16053228057450485977	      1.41373688721254886502	      0.00000000000000043382	      0.00000000000000031703	     -0.89768555126761073737	     -0.28949118002381751813	     -0.12436471840205637340	      2.02483375180974745078	      1.30757797986892998487	     -0.00000000000000146352	     -0.00000000000000054214
      2.94300000000000006040	     -0.23222248999987521456	     -0.02036878110122334121	      0.04878114932797959075	      0.96230549030423584433	      1.06398529441158529174	     -0.33487576519494727245	     -0.04312916519132103249	      0.07621386970090499036	     -0.08824582255084978399	      0.33198144229527892790	      0.33198144229527648541	     -0.40046368091708228754	      0.00000000000000031356	     -0.00000000000000028845	      0.82025767263300453092	      0.01408033349535196821	     -0.09701191463551984973	      0.74998844049344126628	      0.74998844049344015605	      0.03074676981161458128	      0.00000000000000073497	     -0.00000000000000582547	      0.10549337405616357466	      0.02877238900818225933	      0.20508365193426958406	     -0.29896775065946357142	     -0.37411558415509116315	     -0.05659092186040646372	      2.17237133001403792676	      1.41712825140169229599	      0.00000000000000044070	      0.00000000000000031727	     -0.90322773649425214249	     -0.28440197570301106733	     -0.12914483582564778574	      2.02943473962933307320	      1.30670227997823240607	     -0.00000000000000148414	     -0.00000000000000055216
      2.94700000000000006395	     -0.22921757828007255364	     -0.02061082368280898677	      0.05155020803152193798	      0.96298996747118925654	      1.06536136201013142966	     -0.33550240950476428736	     -0.05193821869461439505	      0.07447361028700040519	     -0.09161425434141190483	      0.33466942797690468758	      0.33466942797690218958	     -0.42386082423733167923	      0.00000000000000031345	     -0.00000000000000029920	      0.80792566395042186844	      0.02071195042286610999	     -0.09812668557969909944	      0.70601357057366420644	      0.70601357057366320724	      0.02301220682423049668	      0.00000000000000072671	     -0.00000000000000588388	      0.10287723351662086957	      0.02906967173898390364	      0.20512532714813588863	     -0.29916736813070599066	     -0.37804713705575171412	     -0.05293780199027982997	      2.18313546777122402531	      1.42058223841050002001	      0.00000000000000044797	      0.00000000000000031635	     -0.90817082291329487287	     -0.27901849557063190810	     -0.13399500156807464535	      2.03358641382512006501	      1.30581548657118262646	     -0.00000000000000150469	     -0.00000000000000056161
      2.95100000000000006750	     -0.22586874574062401622	     -0.02086397363196997382	      0.05415367745482455031	      0.96365173144238547298	      1.06660741044369555830	     -0.33612733883379664057	     -0.05987239757217288627	      0.07267616181271030484	     -0.09443643014144481596	      0.33977115437528099262	      0.33977115437527855013	     -0.44552628660248649872	      0.00000000000000031486	     -0.00000000000000030885	      0.79484982256297542769	      0.02750153281946560169	     -0.09748244189246220437	      0.66238944994448412107	      0.66238944994448323289	      0.01414174252036500684	      0.00000000000000071783	     -0.00000000000000594247	      0.09977625894180068566	      0.02943713122908603666	      0.20508350759250115747	     -0.29953909718129034800	     -0.38204679927319012966	     -0.04938030027441425718	      2.19273623505952208745	      1.42400523044942772799	      0.00000000000000045549	      0.00000000000000031538	     -0.91258030849292137709	     -0.27342074286755807533	     -0.13887377768486522389	      2.03730168559040558662	      1.30494572292485666587	     -0.00000000000000152538	     -0.00000000000000057082
      2.95500000000000007105	     -0.22229560678670901019	     -0.02113068789512165258	      0.05657944714903674621	      0.96429032865745301084	      1.06770903034628572570	     -0.33673776203156396969	     -0.06675562655992343941	      0.07085191925564736370	     -0.09657291028722390924	      0.34748732501321111243	      0.34748732501320866994	     -0.46497048791221362585	      0.00000000000000031708	     -0.00000000000000031765	      0.78125075150604295082	      0.03433055916591872675	     -0.09513518816266579303	      0.61942532795974736270	      0.61942532795974625248	      0.00439390589071843654	      0.00000000000000070861	     -0.00000000000000600124	      0.09634401490876196017	      0.02983661377793259128	      0.20494121608943899338	     -0.30010939272382769483	     -0.38603442881951133270	     -0.04597006847467290103	      2.20108108913580124977	      1.42730241386907974466	      0.00000000000000046314	      0.00000000000000031425	     -0.91652220345347423791	     -0.26769010671370024879	     -0.14372567097253977075	      2.04060141293661345685	      1.30412102411532160318	     -0.00000000000000154581	     -0.00000000000000058027
      2.95900000000000007461	     -0.21861900299644598800	     -0.02139765707870065412	      0.05883121951625656931	      0.96490477560505905075	      1.06865100609598506765	     -0.33732315032330451032	     -0.07243950336263675627	      0.06901675278494379118	     -0.09791495666062952075	      0.35796125661430377995	      0.35796125661430133746	     -0.48183835637415917130	      0.00000000000000031931	     -0.00000000000000032596	      0.76737543680080266828	      0.04110155968377683655	     -0.09123034686207560917	      0.57749490713187767721	      0.57749490713187667801	     -0.00588576676488648028	      0.00000000000000069929	     -0.00000000000000605989	      0.09273198100058481497	      0.03021376735328577812	      0.20467038304260548598	     -0.30090405406366893537	     -0.38991301244578735474	     -0.04275992927782759634	      2.20807366921488013034	      1.43038514974705166516	      0.00000000000000047018	      0.00000000000000031272	     -0.92005136794698649805	     -0.26191052224212535426	     -0.14848708689118791937	      2.04351439703254067481	      1.30336808647339874589	     -0.00000000000000156619	     -0.00000000000000058963
      2.96300000000000007816	     -0.21495285938780128721	     -0.02163484079527037279	      0.06092657580689095353	      0.96549458851142433424	      1.06941972608809887646	     -0.33787509933788417715	     -0.07680771279582217226	      0.06716610084056423569	     -0.09838667809761926508	      0.37128965636844984965	      0.37128965636844740716	     -0.49562931246677949249	      0.00000000000000032142	     -0.00000000000000033313	      0.75348854822263489073	      0.04774377198445520221	     -0.08599487535787153636	      0.53702157969485120326	      0.53702157969485020406	     -0.01628223960996627584	      0.00000000000000068957	     -0.00000000000000611919	      0.08908400541820488128	      0.03049587488569521429	      0.20423768166890826636	     -0.30194244855375512726	     -0.39357292180511205260	     -0.03980028014675102144	      2.21362199031158946028	      1.43317769950694517966	      0.00000000000000047850	      0.00000000000000030871	     -0.92321412337436270512	     -0.25616432411843964578	     -0.15309299085693089948	      2.04607639198089641397	      1.30271046431495518547	     -0.00000000000000158639	     -0.00000000000000059897
      2.96700000000000008171	     -0.21139408864821387923	     -0.02180126628809308381	      0.06289637030628529579	      0.96605975152224721203	      1.07000433919966631002	     -0.33838775017461841799	     -0.07978639722026062420	      0.06527815672307651917	     -0.09795719801665044024	      0.38749692521673928525	      0.38749692521673695378	     -0.50603639846278591907	      0.00000000000000032342	     -0.00000000000000033943	      0.73985238352935589479	      0.05421381563558005240	     -0.07971568660108019344	      0.49845492564549515047	      0.49845492564549415127	     -0.02633762501188544047	      0.00000000000000067953	     -0.00000000000000617902	      0.08552389930421318287	      0.03060125998500295638	      0.20360533409018896633	     -0.30323828118191670233	     -0.39689971065651696858	     -0.03713757129882427205	      2.21764331763523170338	      1.43562237530421898946	      0.00000000000000048646	      0.00000000000000030476	     -0.92604205645721271445	     -0.25052971736984619433	     -0.15748217283839482938	      2.04832645846780092569	      1.30216820760613849473	     -0.00000000000000160637	     -0.00000000000000060858
      2.97100000000000008527	     -0.20801841293622830298	     -0.02184908567803757473	      0.06478000261040539609	      0.96660003667910621150	      1.07039652254257600106	     -0.33885771035586514932	     -0.08134745926998893095	      0.06331984627994460824	     -0.09664370621308973619	      0.40654011655267074943	      0.40654011655266830694	     -0.51286694195968163257	      0.00000000000000032518	     -0.00000000000000034648	      0.72670922954003946970	      0.06049388931480893100	     -0.07271704572725380678	      0.46224185565931252828	      0.46224185565931158459	     -0.03558639889850955668	      0.00000000000000066940	     -0.00000000000000623943	      0.08214765418518468754	      0.03044740746783641816	      0.20273443722171236026	     -0.30480344043564011614	     -0.39978199419525417557	     -0.03481325102576254826	      2.22007013257605878565	      1.43768297328977201488	      0.00000000000000049365	      0.00000000000000030110	     -0.92854648977458631443	     -0.24508073580887240750	     -0.16160351797479580171	      2.05030628492400346374	      1.30175681040508206543	     -0.00000000000000162602	     -0.00000000000000061828
      2.97500000000000008882	     -0.20487502472623522753	     -0.02173146098266842338	      0.06662101132311037954	      0.96711501910254216163	      1.07059119079832321120	     -0.33928386650826347637	     -0.08150937625021091593	      0.06125390430625609478	     -0.09451055281833198318	      0.42831022489686182420	      0.42831022489685943722	     -0.51606926168910338681	      0.00000000000000032690	     -0.00000000000000035272	      0.71426290964749095114	      0.06658558697009625549	     -0.06533417300430886809	      0.42879385359928201549	      0.42879385359928107180	     -0.04359607274527432103	      0.00000000000000065904	     -0.00000000000000629959	      0.07901711815433669350	      0.02996170504318775366	      0.20158880534018094877	     -0.30664860882644012774	     -0.40212045610415730890	     -0.03286239876773427993	      2.22085825520734925220	      1.43934603669188487807	      0.00000000000000050183	      0.00000000000000029564	     -0.93071830707795699666	     -0.23988423505473396857	     -0.16542017360128960513	      2.05205798814683504361	      1.30148659390625298649	     -0.00000000000000164573	     -0.00000000000000062751
      2.97900000000000009237	     -0.20198326013907655363	     -0.02141115447693752241	      0.06846224550000522269	      0.96760415288311396598	      1.07058691644065429038	     -0.33966708366243475448	     -0.08033498728883160800	      0.05904704896914015483	     -0.09166457431438072845	      0.45263729176749945005	      0.45263729176749700756	     -0.51574452177015250864	      0.00000000000000032796	     -0.00000000000000035733	      0.70266211849837312275	      0.07250093251369918446	     -0.05788720301238112209	      0.39845416963957169809	      0.39845416963957080991	     -0.05000886673390854409	      0.00000000000000064824	     -0.00000000000000636038	      0.07615633945196097210	      0.02909248841173887878	      0.20013893134781310379	     -0.30878329777664337286	     -0.40383660482141398029	     -0.03131243388683548762	      2.21999397079752247564	      1.44061995253261887484	      0.00000000000000050915	      0.00000000000000028893	     -0.93253025715881054936	     -0.23499635403809179812	     -0.16891182456239026144	      2.05362129562127337934	      1.30136231928937395885	     -0.00000000000000166557	     -0.00000000000000063656
      2.98300000000000009592	     -0.19933169086641552847	     -0.02086865348396049410	      0.07034108402406114013	      0.96806693394867127100	      1.07038601680990352882	     -0.34000982349095421053	     -0.07792634320180588658	      0.05667815664521060753	     -0.08824687260048963422	      0.47929891601897578468	      0.47929891601897334219	     -0.51214577378641867877	      0.00000000000000032970	     -0.00000000000000036178	      0.69198743525580952429	      0.07825190794931725924	     -0.05065824109335301251	      0.37146859114521985079	      0.37146859114521896261	     -0.05457965660725683232	      0.00000000000000063729	     -0.00000000000000642199	      0.07355119678591795496	      0.02781895476893429808	      0.19836559088449212673	     -0.31121541353788911843	     -0.40488038792063152371	     -0.03018186815273648377	      2.21749895137021502123	      1.44153206574162218168	      0.00000000000000051456	      0.00000000000000028227	     -0.93394136463810106807	     -0.23045889709264008594	     -0.17207482332945855941	      2.05503007467652576423	      1.30138309574373001176	     -0.00000000000000168538	     -0.00000000000000064593
      2.98700000000000009948	     -0.19687987375187188110	     -0.02010854146633445777	      0.07228530428971169375	      0.96850314174358786978	      1.06999429458707462359	     -0.34031571783091063566	     -0.07441692394353464912	      0.05414512469723293392	     -0.08442212180691123502	      0.50803162508646393380	      0.50803162508646160234	     -0.50566412687640360790	      0.00000000000000033206	     -0.00000000000000036600	      0.68224393467822541659	      0.08384018848772092913	     -0.04387415715333656957	      0.34796372620063092951	      0.34796372620063004133	     -0.05720526773200253906	      0.00000000000000062666	     -0.00000000000000648367	      0.07115264973102873591	      0.02615837837504381494	      0.19626248773781465595	     -0.31395076775071489861	     -0.40523571469298924619	     -0.02947912273234713776	      2.21343234847972381019	      1.44212429230969019223	      0.00000000000000051867	      0.00000000000000027629	     -0.93490273503069287742	     -0.22629634878846449642	     -0.17492035976891731619	      2.05630881309857738160	      1.30154261241325497345	     -0.00000000000000170519	     -0.00000000000000065552
      2.99100000000000010303	     -0.19456275266821335124	     -0.01916301410989349613	      0.07431010586141002794	      0.96891312481906055609	      1.06942045068079027992	     -0.34058911737980351875	     -0.06996174040140411277	      0.05146921995938020383	     -0.08036658953210984446	      0.53854438210491806238	      0.53854438210491584194	     -0.49680308436960074481	      0.00000000000000033470	     -0.00000000000000037007	      0.67336087406814382206	      0.08924876178268323357	     -0.03769710082297042519	      0.32793622042555520268	      0.32793622042555431451	     -0.05794104984966521460	      0.00000000000000061593	     -0.00000000000000654527	      0.06888352724825265450	      0.02416926165261925122	      0.19383743708390968608	     -0.31699300924808254676	     -0.40492305778022719132	     -0.02920153270285345132	      2.20788974787794467503	      1.44244780903825953189	      0.00000000000000052101	      0.00000000000000027088	     -0.93536384971502595231	     -0.22251430791921933405	     -0.17747106362624756604	      2.05746981674102880078	      1.30182968864199910541	     -0.00000000000000172518	     -0.00000000000000066490
      2.99500000000000010658	     -0.19229724760475530587	     -0.01809177350872556017	      0.07641658084099633985	      0.96929804388447959873	      1.06867523767611438679	     -0.34083462996617053253	     -0.06472619422641534559	      0.04869600563523855674	     -0.07625610505336920253	      0.57053322022755459386	      0.57053322022755237342	     -0.48614364671984883204	      0.00000000000000033662	     -0.00000000000000037371	      0.66519902414681209013	      0.09443689153696964433	     -0.03222340337751749412	      0.31125499463893807617	      0.31125499463893718799	     -0.05700244581687433088	      0.00000000000000060495	     -0.00000000000000660666	      0.06664793146238941202	      0.02194950581617020544	      0.19111194398962083607	     -0.32034413058958310927	     -0.40399867246504472806	     -0.02933489069632141955	      2.20099899489473083136	      1.44255744385244311090	      0.00000000000000052208	      0.00000000000000026478	     -0.93527844035172036374	     -0.21909988095138505093	     -0.17975665604170706913	      2.05851179983241561189	      1.30222906202855792657	     -0.00000000000000174504	     -0.00000000000000067456
      2.99900000000000011013	     -0.18999028421073196893	     -0.01697785887648759623	      0.07859176430018793846	      0.96965997104311307808	      1.06777045206191667504	     -0.34105666460530265072	     -0.05887479020395687546	      0.04589221165849562134	     -0.07225515301520225864	      0.60369580922354604269	      0.60369580922354371122	     -0.47430376933820678209	      0.00000000000000033830	     -0.00000000000000037685	      0.65756546725398612452	      0.09933950593023947728	     -0.02749052641993642368	      0.29767743392313000816	      0.29767743392312911999	     -0.05475079184153638923	      0.00000000000000059394	     -0.00000000000000666815	      0.06434182490165304968	      0.01962911651705924118	      0.18811933633448454928	     -0.32400532747648497223	     -0.40255029494754790420	     -0.02985396570812623440	      2.19291311426795587636	      1.44250640435406740636	      0.00000000000000052243	      0.00000000000000025895	     -0.93460920665197044777	     -0.21602425044177059332	     -0.18180937038083710977	      2.05942038639721891613	      1.30272229568956166013	     -0.00000000000000176491	     -0.00000000000000068388
      3.00300000000000011369	     -0.18754773470146415826	     -0.01591966341838164586	      0.08081025487653992201	      0.97000178969968831044	      1.06671784717504647411	     -0.34125901278733072886	     -0.05256045640906739647	      0.04313856583772490705	     -0.06850802790899304662	      0.63774498558475634091	      0.63774498558475389842	     -0.46189544129367843261	      0.00000000000000033996	     -0.00000000000000038027	      0.65023495046756263349	      0.10387128569029580039	     -0.02349070955272699462	      0.28687856888472251793	      0.28687856888472162975	     -0.05166400519126948532	      0.00000000000000058319	     -0.00000000000000673017	      0.06186381185720529752	      0.01735785475924875310	      0.18490164787337595720	     -0.32797775423372960146	     -0.40068961443533679390	     -0.03072409318979394885	      2.18380068478167110868	      1.44234187926486279174	      0.00000000000000052171	      0.00000000000000025398	     -0.93333104172361469608	     -0.21324719911937858874	     -0.18365968505206223260	      2.06017044404590254914	      1.30328877303166423829	     -0.00000000000000178452	     -0.00000000000000069356
      3.00700000000000011724	     -0.18488405167034527299	     -0.01502023177812844904	      0.08303724020074218504	      0.97032691744376808884	      1.06552801675087183142	     -0.34144452617157505792	     -0.04591467395250080352	      0.04051944530041110687	     -0.06513274889891788877	      0.67242063067329749249	      0.67242063067329516102	     -0.44948215356964932310	      0.00000000000000034164	     -0.00000000000000038356	      0.64297611018416667150	      0.10793484897426494640	     -0.02018883098902262210	      0.27848996725677405140	      0.27848996725677321873	     -0.04829421029556436873	      0.00000000000000057232	     -0.00000000000000679381	      0.05912585278884525952	      0.01528937968410672317	      0.18150538998472462437	     -0.33226256215972294061	     -0.39854233450337378519	     -0.03190346886087195438	      2.17383420976641827949	      1.44210190541369476236	      0.00000000000000052127	      0.00000000000000024688	     -0.93143283284832489866	     -0.21072288232593439083	     -0.18533266680323404185	      2.06072937959483715176	      1.30390687416201633830	     -0.00000000000000180401	     -0.00000000000000070345
      3.01100000000000012079	     -0.18193224753795197990	     -0.01437517829666948299	      0.08523266113146098222	      0.97063890183000500755	      1.06420930515731093635	     -0.34161494152701887828	     -0.03903862040543725626	      0.03811052589228832582	     -0.06221812585077220875	      0.70749937403932872115	      0.70749937403932638968	     -0.43753962570010401789	      0.00000000000000034377	     -0.00000000000000038684	      0.63558036220369462654	      0.11143199929638032686	     -0.01754167310689318249	      0.27214418490089692382	      0.27214418490089609115	     -0.04521542879523385294	      0.00000000000000056172	     -0.00000000000000685752	      0.05606361987876371661	      0.01356375435070324674	      0.17797647766812119130	     -0.33685971625543392749	     -0.39623683646872909225	     -0.03334572074515892992	      2.16317722334130602135	      1.44181376627417989766	      0.00000000000000051969	      0.00000000000000024049	     -0.92891803522287896833	     -0.20840601075422490740	     -0.18684515763715001113	      2.06106049275805514043	      1.30455540069867104158	     -0.00000000000000182340	     -0.00000000000000071358
      3.01500000000000012434	     -0.17865325537800194611	     -0.01406050294456796801	      0.08735614443785759409	      0.97094093413012860783	      1.06276684491268080812	     -0.34177087379188875182	     -0.03199606255092123791	      0.03596575106252971471	     -0.05982371193547621202	      0.74280152096344131962	      0.74280152096343898815	     -0.42642341414440143588	      0.00000000000000034668	     -0.00000000000000038992	      0.62789042242227899315	      0.11427681061490686798	     -0.01551579159883337278	      0.26752012551337023272	      0.26752012551336940005	     -0.04296598481201360092	      0.00000000000000055107	     -0.00000000000000692209	      0.05264544218639290174	      0.01229013597340803537	      0.17435485271385869899	     -0.34176568699027726206	     -0.39389256124289828698	     -0.03500259671500764030	      2.15197129736234460395	      1.44149396573363586249	      0.00000000000000051870	      0.00000000000000023367	     -0.92580405109492436289	     -0.20625776533307835225	     -0.18820410472655751954	      2.06112609798006563011	      1.30521513318604354126	     -0.00000000000000184289	     -0.00000000000000072380
      3.01900000000000012790	     -0.17504332513374457059	     -0.01412152457290685899	      0.08937224030774600092	      0.97123532254192657120	      1.06120183899556219664	     -0.34191197303453779721	     -0.02480901575759505290	      0.03410508306752361302	     -0.05798196945173323541	      0.77819457913783240954	      0.77819457913783007807	     -0.41634734479361057424	      0.00000000000000035041	     -0.00000000000000039286	      0.61982497321263063661	      0.11640919175157805887	     -0.01410124379234799392	      0.26438438074770326258	      0.26438438074770242991	     -0.04199069468780726455	      0.00000000000000054068	     -0.00000000000000698686	      0.04887838075245812264	      0.01153144213724918710	      0.17066950268890604403	     -0.34697056539522391772	     -0.39160926091103992475	     -0.03682677351330250481	      2.14032437846076284416	      1.44114964895055908123	      0.00000000000000051759	      0.00000000000000022640	     -0.92212032338574967394	     -0.20425088901096230543	     -0.18940633880914131693	      2.06089051793457711526	      1.30587029182030844865	     -0.00000000000000186248	     -0.00000000000000073414
      3.02300000000000013145	     -0.17113868699045492461	     -0.01456415839119721244	      0.09125551302055534553	      0.97152288300955924605	      1.05951132581721618742	     -0.34203716463457939367	     -0.01745656454714963890	      0.03250452322642555236	     -0.05670228673145321502	      0.81359327008085147170	      0.81359327008084902921	     -0.40737518610114986650	      0.00000000000000035505	     -0.00000000000000039608	      0.61139670968151726971	      0.11780730540149463026	     -0.01332399452120210104	      0.26262312223699152414	      0.26262312223699074698	     -0.04261879963458992115	      0.00000000000000053043	     -0.00000000000000705197	      0.04481052722866345900	      0.01129246804358886164	      0.16693417848599820252	     -0.35245549663801539753	     -0.38945797933534775925	     -0.03877477806004232114	      2.12830173585276538617	      1.44078127266855049449	      0.00000000000000051652	      0.00000000000000021904	     -0.91790483590426341642	     -0.20237396854167599702	     -0.19043995861414958481	      2.06032301699392883521	      1.30650966395135337272	     -0.00000000000000188204	     -0.00000000000000074449
      3.02700000000000013500	     -0.16701766179586721717	     -0.01535103038473034989	      0.09299365937950838934	      0.97180185749966629949	      1.05768969241333254949	     -0.34214466622979827770	     -0.00987767264796639982	      0.03109074390753147066	     -0.05597622170131608815	      0.84895672690848877906	      0.84895672690848622555	     -0.39942554410051112068	      0.00000000000000035959	     -0.00000000000000039970	      0.60272099271399082188	      0.11850046277816300710	     -0.01323835524401410606	      0.26226389539009420382	      0.26226389539009342666	     -0.04498580155929987612	      0.00000000000000052042	     -0.00000000000000711747	      0.04052864122951013032	      0.01151341180382411088	      0.16314374450388480220	     -0.35819462189557527143	     -0.38747503062831267773	     -0.04081077728652438702	      2.11592194845899905786	      1.44038568285022039461	      0.00000000000000051545	      0.00000000000000021178	     -0.91319758066378664552	     -0.20063782119487766353	     -0.19128739771076569420	      2.05940203702608348735	      1.30712735522863421345	     -0.00000000000000190153	     -0.00000000000000075492
      3.03100000000000013856	     -0.16279500655953751953	     -0.01640108076283200780	      0.09458914844860778770	      0.97206828386534638309	      1.05572770803275517437	     -0.34223274506467232792	     -0.00197627452821079160	      0.02974254611982897131	     -0.05578036496769965547	      0.88428185754251431572	      0.88428185754251176220	     -0.39228935617444021799	      0.00000000000000036440	     -0.00000000000000040356	      0.59401121059585215711	      0.11856728616984445190	     -0.01391512052775265539	      0.26347489842533283744	      0.26347489842533206028	     -0.04895637533520463824	      0.00000000000000051011	     -0.00000000000000718237	      0.03615179147895929840	      0.01207358378156319842	      0.15927769701675645320	     -0.36414716040871264457	     -0.38566077595520775745	     -0.04290817076193518403	      2.10315622142858904553	      1.43995923319312657540	      0.00000000000000051401	      0.00000000000000020461	     -0.90804151177044378773	     -0.19906765462934383759	     -0.19192749675344383808	      2.05811531345515019709	      1.30772310289552340379	     -0.00000000000000192098	     -0.00000000000000076541
      3.03500000000000014211	     -0.15861671653041362062	     -0.01759364873835500553	      0.09606142738261379266	      0.97231541605277815865	      1.05361397608371376577	     -0.34230006164558235415	      0.00637348761232168701	      0.02829487965248988005	     -0.05608362701268721634	      0.91959591807887264281	      0.91959591807887031134	     -0.38565730578151280472	      0.00000000000000036937	     -0.00000000000000040735	      0.58556925218971456193	      0.11813646682371532759	     -0.01544084631292892522	      0.26655155842056299509	      0.26655155842056227344	     -0.05423697568783802242	      0.00000000000000049922	     -0.00000000000000724737	      0.03182337459351095021	      0.01279745728841595598	      0.15529978486945572591	     -0.37025661833265749445	     -0.38398015105472382835	     -0.04505124539855650395	      2.08993266162217938842	      1.43950137982572901052	      0.00000000000000051213	      0.00000000000000019804	     -0.90247748942536587524	     -0.19770129896110139045	     -0.19233918691276116752	      2.05645989804026108061	      1.30830182323231136721	     -0.00000000000000194060	     -0.00000000000000077582
      3.03900000000000014566	     -0.15464925084192962523	     -0.01877899902367543422	      0.09744436118050454898	      0.97253371288598122746	      1.05133689097688898251	     -0.34234580111452445061	      0.01531732028313148759	      0.02655138951069552569	     -0.05684916712984295489	      0.95494593769713653764	      0.95494593769713409515	     -0.37915461190596422281	      0.00000000000000037449	     -0.00000000000000041116	      0.57776110691372772887	      0.11737955172537764548	     -0.01789301757702552870	      0.27188458855701691519	      0.27188458855701619354	     -0.06034715548759592846	      0.00000000000000048844	     -0.00000000000000731154	      0.02769902003607694826	      0.01346994102625216627	      0.15116204038778635610	     -0.37645180991537646742	     -0.38236786459917382341	     -0.04723596324153954418	      2.07614628023439484750	      1.43901680986094349102	      0.00000000000000050988	      0.00000000000000019172	     -0.89654051214864072250	     -0.19658495436930312206	     -0.19250462928041259247	      2.05444120152721287909	      1.30887284543098258993	     -0.00000000000000196016	     -0.00000000000000078650
      3.04300000000000014921	     -0.15106629310380076392	     -0.01979154672216250008	      0.09878313211130348992	      0.97271125999942220641	      1.04888664324567892905	     -0.34236993193437309513	      0.02501017020036112870	      0.02430071611843891491	     -0.05803496151409900244	      0.99038664090085937186	      0.99038664090085692937	     -0.37237974282748603772	      0.00000000000000037899	     -0.00000000000000041518	      0.57098565366354214756	      0.11649859083381239322	     -0.02131853758052228501	      0.27991484049720588567	      0.27991484049720516403	     -0.06665334179852253071	      0.00000000000000047879	     -0.00000000000000737558	      0.02393382533276061305	      0.01385591916237969429	      0.14680949690117517381	     -0.38264774670950157942	     -0.38073642405496249674	     -0.04946885669605084052	      2.06167191633735091827	      1.43851683552605247307	      0.00000000000000050821	      0.00000000000000018494	     -0.89025703535557043633	     -0.19576651003278436325	     -0.19241156297489142579	      2.05206931110644275051	      1.30944866674976401200	     -0.00000000000000197990	     -0.00000000000000079722
      3.04700000000000015277	     -0.14803392725368519356	     -0.02046507660310563012	      0.10012981129465492458	      0.97283454795551538297	      1.04625732595234888223	     -0.34237339111171399830	      0.03560491543451489022	      0.02133550652571087475	     -0.05959238164077640398	      1.02596817726708855467	      1.02596817726708611218	     -0.36494361480874393244	      0.00000000000000038355	     -0.00000000000000041873	      0.56563811498305771597	      0.11571020538399021116	     -0.02571343317504211703	      0.29107942428269523161	      0.29107942428269450996	     -0.07241862877832017098	      0.00000000000000046873	     -0.00000000000000744079	      0.02066925498662404784	      0.01372231863496435784	      0.14218584257503910639	     -0.38874771073015385037	     -0.37898629974373915230	     -0.05176445808553720856	      2.04637890233121710892	      1.43801972622620888309	      0.00000000000000050576	      0.00000000000000017856	     -0.88364265262411545443	     -0.19528836059216791998	     -0.19205479117496923602	      2.04935338824276369607	      1.31004333443146769866	     -0.00000000000000199980	     -0.00000000000000080794
      3.05100000000000015632	     -0.14569579807479415834	     -0.02064842164307169325	      0.10153783198785387709	      0.97288946536332765458	      1.04344887987279832942	     -0.34235812985072694437	      0.04724107383128194060	      0.01747223555341887932	     -0.06146331514104271670	      1.06172507447123076751	      1.06172507447122810298	     -0.35650587324518895338	      0.00000000000000038892	     -0.00000000000000042174	      0.56207126665778439634	      0.11522777878715111111	     -0.03100663604572155563	      0.30575471605326859370	      0.30575471605326781654	     -0.07686255548040475671	      0.00000000000000045881	     -0.00000000000000750775	      0.01802048749570413222	      0.01286033656052773012	      0.13723972453512162106	     -0.39464660779135174451	     -0.37701723565251493708	     -0.05414158724928059413	      2.03014561129955195540	      1.43754995969373333686	      0.00000000000000050187	      0.00000000000000017378	     -0.87669976648537961683	     -0.19518077376724521366	     -0.19143670122191627780	      2.04629470862085449667	      1.31067055974587431955	     -0.00000000000000201983	     -0.00000000000000081870
      3.05500000000000015987	     -0.14416010418904873225	     -0.02022020256326727619	      0.10305582285506967311	      0.97286231476639239979	      1.04046857746941245892	     -0.34232696807800017114	      0.06003413045516449442	      0.01257006219190795818	     -0.06357650044693992364	      1.09766702428977147576	      1.09766702428976903327	     -0.34680515390483684923	      0.00000000000000039390	     -0.00000000000000042458	      0.56055800697607438554	      0.11524349357083590872	     -0.03705044429206796885	      0.32420217543795709636	      0.32420217543795631920	     -0.07922615091247750541	      0.00000000000000044756	     -0.00000000000000757630	      0.01606521268453776907	      0.01110568669429618308	      0.13193097641552475885	     -0.40023553215222557045	     -0.37473951792831844410	     -0.05661893070710632969	      2.01287226284305598156	      1.43713652240071132482	      0.00000000000000049776	      0.00000000000000016930	     -0.86941494573846433980	     -0.19545681911482309934	     -0.19056672586803338754	      2.04287924598457282244	      1.31134176200024610282	     -0.00000000000000204019	     -0.00000000000000082937
      3.05900000000000016342	     -0.14349007688386231085	     -0.01910127635284790404	      0.10472141391808993671	      0.97274070366887288586	      1.03733175780841446745	     -0.34228323575627728204	      0.07406616239187154005	      0.00654703648335065551	     -0.06584387086929903432	      1.13377158112047871086	      1.13377158112047604632	     -0.33568054329347613018	      0.00000000000000039908	     -0.00000000000000042684	      0.56125925980160862316	      0.11591188989740215665	     -0.04361975088797083455	      0.34652286427364392685	      0.34652286427364320520	     -0.07883670333714042078	      0.00000000000000043646	     -0.00000000000000764593	      0.01483516580200345061	      0.00835494405087087132	      0.12623584067001358822	     -0.40540741308967087608	     -0.37208389394011837092	     -0.05921039826468576378	      1.99449071031348768024	      1.43681049681567896137	      0.00000000000000049317	      0.00000000000000016600	     -0.86175593455306254143	     -0.19610963349244955878	     -0.18945967559762108556	      2.03907085348244931922	      1.31206430167784371399	     -0.00000000000000206073	     -0.00000000000000084008
      3.06300000000000016698	     -0.14369877951075318845	     -0.01726349351947898889	      0.10655563195225227491	      0.97251426909455473968	      1.03406165290992890782	     -0.34223023404561608851	      0.08937862768262207214	     -0.00060803340905325948	     -0.06815780261040740862	      1.16997903831155225518	      1.16997903831154936860	     -0.32308259580443615677	      0.00000000000000040554	     -0.00000000000000042883	      0.56420071968993446010	      0.11733661161451447441	     -0.05042094467858535684	      0.37262552940567478243	      0.37262552940567406079	     -0.07516591487024175400	      0.00000000000000042520	     -0.00000000000000772026	      0.01431156811448465807	      0.00457632372531264087	      0.12015051946811491912	     -0.41006365518123610858	     -0.36900905067412093086	     -0.06192072300690502212	      1.97497040317391037156	      1.43660225836283328427	      0.00000000000000048847	      0.00000000000000016280	     -0.85366868658760741706	     -0.19711236690756492318	     -0.18813311235781240982	      2.03480594120544466819	      1.31284012399687455286	     -0.00000000000000208108	     -0.00000000000000085101
      3.06700000000000017053	     -0.14474824645505182663	     -0.01473335000984109591	      0.10855849077529532154	      0.97217527794598945778	      1.03068835051400164993	     -0.34217061337252324682	      0.10596826012083819524	     -0.00882977521915263679	     -0.07039019079447755844	      1.20619009857192671653	      1.20619009857192382995	     -0.30907378715310562800	      0.00000000000000041154	     -0.00000000000000043078	      0.56926115018280742941	      0.11956194571515078862	     -0.05710992150943477313	      0.40221184856051722667	      0.40221184856051644951	     -0.06787478369970191550	      0.00000000000000041458	     -0.00000000000000779983	      0.01442526278477426066	     -0.00018649148783023283	      0.11369280647534990569	     -0.41412151085794773886	     -0.36550595796737689325	     -0.06474174660420506378	      1.95432020478579726586	      1.43653869701232883571	      0.00000000000000048379	      0.00000000000000015953	     -0.84507537324063564110	     -0.19842066183543091706	     -0.18660427193860834594	      2.02999039355914367988	      1.31366495755291623482	     -0.00000000000000210138	     -0.00000000000000086161
      3.07100000000000017408	     -0.14655269658007502587	     -0.01158956133158786997	      0.11070638900469564891	      0.97171916792720847145	      1.02724710956100295789	     -0.34210580525738915059	      0.12378681563407105404	     -0.01797777740931356949	     -0.07239418588611194749	      1.24226685187183782944	      1.24226685187183538694	     -0.29381899203215744443	      0.00000000000000041803	     -0.00000000000000043285	      0.57617408977368278489	      0.12257022796443207968	     -0.06331789619608756137	      0.43478108093779382903	      0.43478108093779310739	     -0.05684001544433050362	      0.00000000000000040260	     -0.00000000000000788650	      0.01506196031389831803	     -0.00581824652263381124	      0.10690180222119442799	     -0.41752139788514447405	     -0.36159878748636181678	     -0.06764979516547336980	      1.93258619403582887486	      1.43664086818314640226	      0.00000000000000047901	      0.00000000000000015593	     -0.83587473888254071319	     -0.19997700682221686286	     -0.18488706725108958184	      2.02449938581608313015	      1.31452816835184838062	     -0.00000000000000212183	     -0.00000000000000087205
      3.07500000000000017764	     -0.14898536994568165048	     -0.00795495778487188311	      0.11295175986075771390	      0.97114501136741471221	      1.02377640555484217266	     -0.34203563885065629835	      0.14274453136469916759	     -0.02784520325452363027	     -0.07400884641820287824	      1.27803680783922657405	      1.27803680783922390951	     -0.27756753915317650128	      0.00000000000000042532	     -0.00000000000000043442	      0.58454275132137212267	      0.12628474178403858996	     -0.06868243108237223615	      0.46965336253202849548	      0.46965336253202777383	     -0.04216128044390360374	      0.00000000000000039059	     -0.00000000000000797524	      0.01607210442249583024	     -0.01214294458913513751	      0.09983590237734832340	     -0.42023282263432382155	     -0.35734264768858070571	     -0.07060453600286753506	      1.90984624339063113752	      1.43692233083363185564	      0.00000000000000047412	      0.00000000000000015253	     -0.82594599007816948966	     -0.20171583097070552859	     -0.18298952593093326113	      2.01818073471758063775	      1.31541329150307362283	     -0.00000000000000214239	     -0.00000000000000088227
      3.07900000000000018119	     -0.15188857404338881874	     -0.00398415174933907691	      0.11522519916349466262	      0.97045578827943512756	      1.02031608826210806740	     -0.34195823532178837301	      0.16271656012765459143	     -0.03817319312452975566	     -0.07506655698220189576	      1.31329930925638160844	      1.31329930925637894390	     -0.26062903262164510698	      0.00000000000000043369	     -0.00000000000000043601	      0.59386642177655057928	      0.13057694604067451860	     -0.07288026820962642538	      0.50600904026298421101	      0.50600904026298354488	     -0.02415094621990324097	      0.00000000000000038049	     -0.00000000000000805637	      0.01728415745641970550	     -0.01893981921878681168	      0.09256933546854861916	     -0.42225744964945854942	     -0.35281867382715004222	     -0.07354967245102572715	      1.88620253886400446319	      1.43738830372060277796	      0.00000000000000046869	      0.00000000000000014898	     -0.81515680446640670365	     -0.20356824049065491700	     -0.18091192760165061837	      2.01086230487203998507	      1.31629920164210623135	     -0.00000000000000216316	     -0.00000000000000089217
      3.08300000000000018474	     -0.15508645853498928546	      0.00015126452365249896	      0.11743996427423804285	      0.96965834136465556270	      1.01690588004838677882	     -0.34187021997443972632	      0.18355161179841755770	     -0.04866951180192748833	     -0.07540275625503817247	      1.34783379892212362705	      1.34783379892212096252	     -0.24334532855716267674	      0.00000000000000044132	     -0.00000000000000043839	      0.60357577623036529069	      0.13527706852291215833	     -0.07565838808748963362	      0.54294040176864011293	      0.54294040176863944680	     -0.00330793470515417356	      0.00000000000000037150	     -0.00000000000000813025	      0.01851984842334857689	     -0.02596250321412301582	      0.08518758601643422468	     -0.42362852904123893261	     -0.34812716571524482401	     -0.07641559591309342314	      1.86177333063005234770	      1.43803563226530406460	      0.00000000000000046307	      0.00000000000000014555	     -0.80337521797112754207	     -0.20546589147348540139	     -0.17864588762684180390	      2.00236343760881663201	      1.31716182198518416691	     -0.00000000000000218405	     -0.00000000000000090192
      3.08700000000000018829	     -0.15839946146777764135	      0.00427805675088902427	      0.11949826975027297293	      0.96876300034881923651	      1.01358424879582398326	     -0.34176722943445358993	      0.20508215237178606394	     -0.05902960708761639114	     -0.07486695576150986797	      1.38140953556317747086	      1.38140953556317480633	     -0.22606139492389976109	      0.00000000000000044756	     -0.00000000000000044161	      0.61307358155256885812	      0.14018721255909311063	     -0.07685965719289808429	      0.57951060834837886393	      0.57951060834837830882	      0.01972226035789863621	      0.00000000000000036288	     -0.00000000000000820329	      0.01960988425794800080	     -0.03295924569517450636	      0.07778216112890100342	     -0.42440714250349975689	     -0.34337959569620518652	     -0.07912386380140536135	      1.83668541142938646082	      1.43885338411457874841	      0.00000000000000045748	      0.00000000000000014202	     -0.79048421020168568862	     -0.20734411959790796653	     -0.17617458515246001149	      1.99250969108281528186	      1.31797620155806560760	     -0.00000000000000220489	     -0.00000000000000091200
      3.09100000000000019185	     -0.16165892439865903185	      0.00823549591873028002	      0.12129865246812301938	      0.96778299055436989295	      1.01038754782992268311	     -0.34164462735106770896	      0.22713558341310183253	     -0.06895820254018600326	     -0.07333398681192744573	      1.41379626881409126149	      1.41379626881408859695	     -0.20909775508295105895	      0.00000000000000045330	     -0.00000000000000044567	      0.62177711031693239097	      0.14509621354917232039	     -0.07643989835096379193	      0.61481415728971866574	      0.61481415728971799961	      0.04419849944189522400	      0.00000000000000035508	     -0.00000000000000827460	      0.02040881032779080437	     -0.03969222469125058272	      0.07044507134211600019	     -0.42467651531382138996	     -0.33869014549989945317	     -0.08159324378823552826	      1.81106859932418595704	      1.43982386160977537948	      0.00000000000000045217	      0.00000000000000013864	     -0.77639713721360381626	     -0.20914469602549171090	     -0.17347430118007875488	      1.98114985724510805909	      1.31871875041841746246	     -0.00000000000000222562	     -0.00000000000000092230
      3.09500000000000019540	     -0.16472022520833726200	      0.01188718958359748397	      0.12274367706040661963	      0.96673378972625678696	      1.00734926631502696992	     -0.34149828835748030631	      0.24954547864812151592	     -0.07818973240041730832	     -0.07071451455742751302	      1.44477506559341861703	      1.44477506559341595249	     -0.19272714218086856031	      0.00000000000000045881	     -0.00000000000000044961	      0.62915831050834025717	      0.14979552806055351777	     -0.07447449739306771788	      0.64803309019162080862	      0.64803309019162025351	      0.06934091500036029809	      0.00000000000000034938	     -0.00000000000000834774	      0.02080768593635448985	     -0.04595458449570655191	      0.06326333110776359570	     -0.42453578796796048733	     -0.33416729521013466275	     -0.08374677815986593388	      1.78505294544384818245	      1.44092390936377823252	      0.00000000000000044648	      0.00000000000000013503	     -0.76107187826987465762	     -0.21081837592997090813	     -0.17051742521999588287	      1.96817400467109138162	      1.31936940599621377324	     -0.00000000000000224625	     -0.00000000000000093267
      3.09900000000000019895	     -0.16747297204246880398	      0.01512991282308408236	      0.12374729706606844848	      0.96563252747747541083	      1.00449927331111044104	     -0.34132530073958455841	      0.27216162961530698805	     -0.08650598914513990545	     -0.06696384019566745116	      1.47414830846193645186	      1.47414830846193356528	     -0.17715776344000375153	      0.00000000000000046522	     -0.00000000000000045370	      0.63477758849747223380	      0.15409514058235976308	     -0.07115355642138219971	      0.67848335966821793352	      0.67848335966821737841	      0.09438781275523763781	      0.00000000000000034266	     -0.00000000000000843184	      0.02074313672005885512	     -0.05158408995350168696	      0.05631384126031185877	     -0.42409434785779243082	     -0.32990608621261424682	     -0.08551910296213216522	      1.75876891561487846971	      1.44212643836421272603	      0.00000000000000044128	      0.00000000000000013148	     -0.74452181144900342336	     -0.21232704748291666985	     -0.16727699146264091157	      1.95353120466433827218	      1.31991349462156493111	     -0.00000000000000226697	     -0.00000000000000094283
      3.10300000000000020250	     -0.16984741805343328558	      0.01789881569831937649	      0.12424133755134374180	      0.96449740760404323314	      1.00186300517708892777	     -0.34112447838357279339	      0.29485780397902422445	     -0.09374931465115782236	     -0.06208786756549665442	      1.50174787315773672347	      1.50174787315773405894	     -0.16252432502828428884	      0.00000000000000047211	     -0.00000000000000045743	      0.63830815009389130221	      0.15783784484102392209	     -0.06676573595345892953	      0.70564745635930647971	      0.70564745635930570256	      0.11864722631696764110	      0.00000000000000033754	     -0.00000000000000851175	      0.02020176532331214442	     -0.05647217038197150513	      0.04965894192191797063	     -0.42346723951235337724	     -0.32598176691225627666	     -0.08686327875184965408	      1.73235019309424354006	      1.44340200582201716450	      0.00000000000000043594	      0.00000000000000012802	     -0.72682224819552154749	     -0.21364517225149382007	     -0.16373231557812287229	      1.93724543401654591968	      1.32034309358231083387	     -0.00000000000000228788	     -0.00000000000000095273
      3.10700000000000020606	     -0.17181683489687465949	      0.02016832673372717655	      0.12418072708770504231	      0.96334707054634882706	      0.99946063089296566240	     -0.34089663230148531392	      0.31753640497052409986	     -0.09982970011742731131	     -0.05614496403577011463	      1.52744041550726494805	      1.52744041550726228351	     -0.14888636462346555023	      0.00000000000000048069	     -0.00000000000000046069	      0.63954937451842253093	      0.16090979715886530310	     -0.06167236842581994005	      0.72919144446980466157	      0.72919144446980399543	      0.14153917661643022896	      0.00000000000000033270	     -0.00000000000000858684	      0.01921957838217816517	     -0.06056703623926686098	      0.04334271441000327185	     -0.42277173322235428454	     -0.32244546935748324978	     -0.08775646184800552085	      1.70593813989369413875	      1.44472018584230954552	      0.00000000000000042997	      0.00000000000000012378	     -0.70811130796402099730	     -0.21476034510391428523	     -0.15987470417170612791	      1.91942788852054979643	      1.32065779023821439075	     -0.00000000000000230878	     -0.00000000000000096279
      3.11100000000000020961	     -0.17339591151626412846	      0.02194847464671244308	      0.12354710843647086216	      0.96219983321007651611	      0.99730634025922493269	     -0.34064459835847005209	      0.34012965408763456976	     -0.10472478174453445088	     -0.04924276082568365687	      1.55112911748585546867	      1.55112911748585258209	     -0.13623291588427977050	      0.00000000000000048889	     -0.00000000000000046387	      0.63842865870343679102	      0.16324572049476737678	     -0.05627420269104808914	      0.74896573490270568207	      0.74896573490270490492	      0.16262509364969029990	      0.00000000000000032839	     -0.00000000000000866089	      0.01787662084715445701	     -0.06387017623402861666	      0.03738816808511467166	     -0.42212512376617306042	     -0.31932239937077816494	     -0.08820380567518854020	      1.67968691679505655046	      1.44605050100685827985	      0.00000000000000042369	      0.00000000000000011821	     -0.68858483226805122790	     -0.21567294362657757345	     -0.15571224641252656706	      1.90028419980234564157	      1.32086478484517022558	     -0.00000000000000232979	     -0.00000000000000097188
      3.11500000000000021316	     -0.17463594036691174050	      0.02327763796563737941	      0.12235036432114648752	      0.96107281421206847138	      0.99540791895699709535	     -0.34037304780686339356	      0.36259798882733884628	     -0.10847349354727088555	     -0.04153039392128989038	      1.57275260455308130148	      1.57275260455307863694	     -0.12449237667987561595	      0.00000000000000049702	     -0.00000000000000046732	      0.63499268918102957926	      0.16482894929697303188	     -0.05097433476541302771	      0.76499096807002520126	      0.76499096807002464615	      0.18162319577586555353	      0.00000000000000032712	     -0.00000000000000872201	      0.01628792533818131799	     -0.06642738448266394258	      0.03179582420748549437	     -0.42164367755027382101	     -0.31661271960377329604	     -0.08823999321910697136	      1.65376839969923006279	      1.44736287021568066358	      0.00000000000000041711	      0.00000000000000011139	     -0.66848645025010833276	     -0.21639485384156084691	     -0.15127325193604876374	      1.88011557833065201528	      1.32097836548939162604	     -0.00000000000000235045	     -0.00000000000000098067
      3.11900000000000021672	     -0.17561788782689063959	      0.02421352349440639845	      0.12062760471337208301	      0.95998103644645471633	      0.99376675092455457605	     -0.34008812977606223127	      0.38492692122311322755	     -0.11116527020901434408	     -0.03318756957602813501	      1.59228245942649571099	      1.59228245942649326850	     -0.11354638927645971380	      0.00000000000000050540	     -0.00000000000000047093	      0.62939003476986776775	      0.16568764102719610309	     -0.04614160078556461819	      0.77743163556790173541	      0.77743163556790118029	      0.19841001466839539025	      0.00000000000000032857	     -0.00000000000000878300	      0.01459238394681772015	     -0.06831661548353931690	      0.02654439232102570947	     -0.42144241419906081081	     -0.31429506888042479940	     -0.08792789080924247325	      1.62837616469436530231	      1.44862767308806850153	      0.00000000000000040990	      0.00000000000000010407	     -0.64809483325765859796	     -0.21694727602212154904	     -0.14660827026912279236	      1.85931330121764015750	      1.32101884711168193753	     -0.00000000000000237135	     -0.00000000000000099109
      3.12300000000000022027	     -0.17644415545931541045	      0.02482394346966713267	      0.11843966276218480249	      0.95893666308525904451	      0.99237834121943868659	     -0.33979701416992941221	      0.40712305506885132500	     -0.11292666664049200165	     -0.02441171637145859996	      1.60971985416242158173	      1.60971985416241891720	     -0.10324656770266021910	      0.00000000000000051379	     -0.00000000000000047485	      0.62184738827350305446	      0.16588833513975562162	     -0.04207828242442179789	      0.78656080380597181989	      0.78656080380597148682	      0.21300894115030302722	      0.00000000000000032468	     -0.00000000000000885492	      0.01294092146669143829	     -0.06963483339691840801	      0.02159364870216772328	     -0.42163519777485308770	     -0.31233224629562156283	     -0.08735421047983869813	      1.60372786590667604223	      1.44981565817325641632	      0.00000000000000040156	      0.00000000000000009545	     -0.62770970339671172677	     -0.21735775265887530283	     -0.14179065689100447956	      1.83834656570749421789	      1.32101109647849845885	     -0.00000000000000239157	     -0.00000000000000100162
      3.12700000000000022382	     -0.17722951074000867222	      0.02517855433201874119	      0.11586583808199552026	      0.95794853236103572058	      0.99123337376583298131	     -0.33950740005010021649	      0.42920907354302811898	     -0.11390705901790429411	     -0.01540435393803435415	      1.62509051190271591736	      1.62509051190271347487	     -0.09343291381090809700	      0.00000000000000052250	     -0.00000000000000047861	      0.61264223204690182456	      0.16552768366534420519	     -0.03899526827356859099	      0.79272018872010840962	      0.79272018872010807655	      0.22556759999251138615	      0.00000000000000031355	     -0.00000000000000893039	      0.01148494444880661033	     -0.07048569324540582270	      0.01688878565805596726	     -0.42233436396239176780	     -0.31067806425302851858	     -0.08662253604548046659	      1.58006523253749375790	      1.45089805430289553456	      0.00000000000000039334	      0.00000000000000008685	     -0.60763738764159891392	     -0.21765670631597436313	     -0.13691559845195816481	      1.81774442203434505316	      1.32098278559700199608	     -0.00000000000000241142	     -0.00000000000000101169
      3.13100000000000022737	     -0.17809164586175879608	      0.02534234423570922573	      0.11299772785902226224	      0.95702211596421049578	      0.99031920199287548634	     -0.33922703651385860413	      0.45121747081212665309	     -0.11426484517493175341	     -0.00635777000038524609	      1.63843728567724400413	      1.63843728567724133960	     -0.08395253930344957760	      0.00000000000000053137	     -0.00000000000000048259	      0.60207476897541567507	      0.16472302210375361353	     -0.03699714609379759628	      0.79627996401500600321	      0.79627996401500555912	      0.23632640417886163764	      0.00000000000000029449	     -0.00000000000000902203	      0.01036590832287056195	     -0.07096942060839560307	      0.01236533353670501989	     -0.42364925780833267988	     -0.30928430427216702103	     -0.08584437348224499553	      1.55765096904816346957	      1.45184718872163331937	      0.00000000000000038637	      0.00000000000000007918	     -0.58817645169847954101	     -0.21787387462395146898	     -0.13209749657657959832	      1.79807279835496514053	      1.32096255105360782522	     -0.00000000000000243163	     -0.00000000000000102244
      3.13500000000000023093	     -0.17914212932639392295	      0.02537094961385379793	      0.10993273561822169970	      0.95615990517046356434	      0.98962153215833970066	     -0.33896329422763582517	      0.47318355823483526645	     -0.11415494744120142923	      0.00255682389377216539	      1.64981108068181425708	      1.64981108068181137050	     -0.07467646837142448424	      0.00000000000000054050	     -0.00000000000000048664	      0.59044207237656443077	      0.16360218733034334604	     -0.03607840830098762996	      0.79760272440371071667	      0.79760272440371038360	      0.24558181905860240746	      0.00000000000000026946	     -0.00000000000000912421	      0.00970692611997250876	     -0.07117521563732231993	      0.00795404489376978774	     -0.42568339460304893684	     -0.30810701836751686056	     -0.08512930988401631871	      1.53676205346345695624	      1.45263757670221127505	      0.00000000000000037868	      0.00000000000000006884	     -0.56960421574392960942	     -0.21803513529480175737	     -0.12746554413943056439	      1.77990780152822591909	      1.32097820734400439591	     -0.00000000000000245266	     -0.00000000000000103170
      3.13900000000000023448	     -0.18047878505833797602	      0.02530744796284748951	      0.10676765142000410602	      0.95536209917787562329	      0.98912598904968240809	     -0.33872280872319782130	      0.49513866548374141363	     -0.11371801783120580320	      0.01119846097952213911	      1.65926173578578195489	      1.65926173578577929035	     -0.06551197156168211966	      0.00000000000000054969	     -0.00000000000000049063	      0.57801720573722126240	      0.16229285936313886385	     -0.03613098004595020202	      0.79701574399112296021	      0.79701574399112262714	      0.25364889032853193962	      0.00000000000000024637	     -0.00000000000000923431	      0.00960722927472463552	     -0.07117584461055294354	      0.00358537265375700716	     -0.42853021472850233442	     -0.30711169257151560430	     -0.08457557795245952692	      1.51767916327965335377	      1.45324723582135950650	      0.00000000000000037145	      0.00000000000000005718	     -0.55216513925792176654	     -0.21816020052899742776	     -0.12315733495851237389	      1.76380663874018628334	      1.32105515376561810648	     -0.00000000000000247423	     -0.00000000000000103930
      3.14300000000000023803	     -0.18218036724714442576	      0.02518047175645554345	      0.10359257946115379978	      0.95462741386688632073	      0.98881931358972863233	     -0.33851118513860922743	      0.51710426407794030101	     -0.11307185010683412640	      0.01946186904259097905	      1.66683032665525776572	      1.66683032665525532323	     -0.05640912620961371221	      0.00000000000000055952	     -0.00000000000000049440	      0.56503471245242531396	      0.16091212311227065523	     -0.03696209911903051287	      0.79479347046956905221	      0.79479347046956871914	      0.26082665375464270108	      0.00000000000000022499	     -0.00000000000000933443	      0.01013973618055693561	     -0.07102429274299625062	     -0.00080661769929708230	     -0.43226773958232700412	     -0.30627696002924109653	     -0.08426208190656832298	      1.50067271915965672058	      1.45365903838455579056	      0.00000000000000036653	      0.00000000000000004635	     -0.53606191905189892744	     -0.21826136657078856751	     -0.11931080895870262160	      1.75027794111925727449	      1.32121509569897299663	     -0.00000000000000249561	     -0.00000000000000104732
      3.14700000000000024158	     -0.18430396194906670249	      0.02500384361817810028	      0.10048540287792331882	      0.95395386114324443039	      0.98869007204112457909	     -0.33833273733042629194	      0.53908761383118497523	     -0.11230572649235180671	      0.02727836159466589389	      1.67254406905301822306	      1.67254406905301555852	     -0.04736191883995166663	      0.00000000000000056975	     -0.00000000000000049742	      0.55168235788184527557	      0.15955755401898863433	     -0.03832011654446539073	      0.79114943819885008569	      0.79114943819884986365	      0.26736849547698482432	      0.00000000000000020563	     -0.00000000000000944145	      0.01135147805792259372	     -0.07075277340989746810	     -0.00528084449302164503	     -0.43695286348219386507	     -0.30559668025069597341	     -0.08424262628200543390	      1.48598709192248334965	      1.45386201072436493931	      0.00000000000000036241	      0.00000000000000003399	     -0.52144996748318239721	     -0.21834311907012834975	     -0.11605546616475911903	      1.73975390001090857162	      1.32147512596298288834	     -0.00000000000000251511	     -0.00000000000000105767
      3.15100000000000024514	     -0.18688501798189693925	      0.02477782073853908654	      0.09750704656038333695	      0.95333943391558129132	      0.98872888959666671571	     -0.33819024596405172778	      0.56107928902957870942	     -0.11147819431023073267	      0.03461178520073416448	      1.67641450594242913397	      1.67641450594242646943	     -0.03840477088392903193	      0.00000000000000057987	     -0.00000000000000049967	      0.53809855697303088373	      0.15830091092215811677	     -0.03992521964138361079	      0.78623600794489090227	      0.78623600794489068022	      0.27345888706179727334	      0.00000000000000018648	     -0.00000000000000956770	      0.01326641656830432163	     -0.07037420678616199132	     -0.00988630832761025306	     -0.44261621645580956352	     -0.30508027832951456482	     -0.08454289027689493308	      1.47382479267056720751	      1.45385248994853921722	      0.00000000000000036059	      0.00000000000000001861	     -0.50843558224432805481	     -0.21840231675705321090	     -0.11350384271685973192	      1.73256662428187846459	      1.32184718266810086185	     -0.00000000000000253604	     -0.00000000000000106903
      3.15500000000000024869	     -0.18993916380847900016	      0.02449144875633070539	      0.09469811794142658778	      0.95278268567506285702	      0.98892835575289916861	     -0.33808476027530898200	      0.58305225177429731431	     -0.11061803369883532744	      0.04145040827698553976	      1.67843855758761639763	      1.67843855758761373309	     -0.02960542363692862319	      0.00000000000000058958	     -0.00000000000000050198	      0.52437464872770211954	      0.15718455164741990115	     -0.04150142188901639190	      0.78015052229698123032	      0.78015052229698100827	      0.27919757839793596377	      0.00000000000000015947	     -0.00000000000000968442	      0.01588968231193353328	     -0.06988545373560060836	     -0.01466006884464256602	     -0.44925851152012691303	     -0.30475131196558286062	     -0.08516046657028651656	      1.46433223325703210094	      1.45363497241317118913	      0.00000000000000036446	      0.00000000000000000477	     -0.49707710832425405778	     -0.21842888854548569988	     -0.11174389100253824536	      1.72893060006060794720	      1.32233782763305063312	     -0.00000000000000255770	     -0.00000000000000107598
      3.15900000000000025224	     -0.19346462486692131422	      0.02412517754371702738	      0.09207764256152550786	      0.95228319515392600980	      0.98928280083831365843	     -0.33801549895498800291	      0.60496171458501690754	     -0.10972766411409870524	      0.04779646292900623789	      1.67860136268500803602	      1.67860136268500537149	     -0.02105512111830725244	      0.00000000000000059883	     -0.00000000000000050469	      0.51056094638370519423	      0.15622003653472643636	     -0.04280588852463274030	      0.77294658374642710719	      0.77294658374642688514	      0.28459207831903404751	      0.00000000000000013139	     -0.00000000000000980244	      0.01921194910126646296	     -0.06927108220061761745	     -0.01962661318893501108	     -0.45684903110488850331	     -0.30464431895064092437	     -0.08606803770871546133	      1.45758843714972829986	      1.45322243162098629909	      0.00000000000000036951	     -0.00000000000000001095	     -0.48738790238767143448	     -0.21840706207166468711	     -0.11083267007458909303	      1.72893263929591389783	      1.32294822722239535651	     -0.00000000000000257852	     -0.00000000000000108220
      3.16300000000000025580	     -0.19744441133825219037	      0.02365315609061749771	      0.08964412505894621408	      0.95184190167200066757	      0.98978807916037858661	     -0.33797989514941656486	      0.62674528839779408695	     -0.10878813744040263800	      0.05365507421311378755	      1.67688019235774610216	      1.67688019235774343763	     -0.01285686185005023227	      0.00000000000000060797	     -0.00000000000000050724	      0.49667523832557020080	      0.15538850153833236312	     -0.04365257524668884892	      0.76464873178896974881	      0.76464873178896941575	      0.28955848894014346584	      0.00000000000000009572	     -0.00000000000000994128	      0.02321299575392309078	     -0.06850673128908942033	     -0.02479866666340132739	     -0.46532652927353740369	     -0.30480026017373196279	     -0.08721934220720914399	      1.45359784424013116499	      1.45263590178400714414	      0.00000000000000037262	     -0.00000000000000003055	     -0.47934043463894610015	     -0.21831702047279297196	     -0.11079173918028759060	      1.73253006387852503956	      1.32367423809644968458	     -0.00000000000000259900	     -0.00000000000000109151
      3.16700000000000025935	     -0.20184799745782305846	      0.02304504786808517572	      0.08737849264177224851	      0.95146128962174469912	      0.99044138647718305002	     -0.33797380002412136246	      0.64832339696800156403	     -0.10776487944176754707	      0.05902425074831039314	      1.67324932662373937475	      1.67324932662373648817	     -0.00511223152908460172	      0.00000000000000061759	     -0.00000000000000050977	      0.48271215061274930225	      0.15464273019298921397	     -0.04392833762352423704	      0.75526824527604841109	      0.75526824527604818904	      0.29392966798264297257	      0.00000000000000004918	     -0.00000000000001008719	      0.02786403480386383247	     -0.06756165582028521299	     -0.03017892112507482641	     -0.47460258901054491742	     -0.30526118765028620317	     -0.08855709559770726103	      1.45228806746477645540	      1.45190316974494026958	      0.00000000000000038254	     -0.00000000000000005184	     -0.47287145917174039367	     -0.21813679531285606883	     -0.11160468321647119827	      1.73955712825684272183	      1.32450654993725125408	     -0.00000000000000262007	     -0.00000000000000110057
      3.17100000000000026290	     -0.20663249450009582575	      0.02226739956055396458	      0.08524828028857310558	      0.95114536911222880011	      0.99124107679019912709	     -0.33799183509700209127	      0.66960009246120155701	     -0.10661347667158591057	      0.06388736887313954671	      1.66768583702273920366	      1.66768583702273653913	      0.00209245933739705525	      0.00000000000000062707	     -0.00000000000000051224	      0.46865183277812999529	      0.15391094963305670951	     -0.04360035207828065473	      0.74481774003549405805	      0.74481774003549394703	      0.29746917708334802422	      0.00000000000000000663	     -0.00000000000001019536	      0.03312855038950678760	     -0.06640035677786142176	     -0.03576203680245771538	     -0.48456724716359966809	     -0.30606478914405232938	     -0.09002186364160034981	      1.45351309301112219252	      1.45105651962879389494	      0.00000000000000039418	     -0.00000000000000007101	     -0.46788814799876171646	     -0.21784425347379807181	     -0.11321712474185016695	      1.74973914533012320227	      1.32543084626750817812	     -0.00000000000000264118	     -0.00000000000000111049
      3.17500000000000026645	     -0.21174343841440848579	      0.02128482544364955487	      0.08321248904381775557	      0.95089938474978408234	      0.99218644646174891655	     -0.33802784583647665917	      0.69046445997256222782	     -0.10528529863758528951	      0.06820906299317053278	      1.66017568734140641418	      1.66017568734140374964	      0.00869895373696304153	      0.00000000000000063580	     -0.00000000000000051478	      0.45446677173295280117	      0.15310228929862143565	     -0.04271427956470862097	      0.73332232672631592063	      0.73332232672631569859	      0.29988949496382094617	     -0.00000000000000003235	     -0.00000000000001028494	      0.03896147003445400020	     -0.06498369873265541496	     -0.04153644562515179661	     -0.49509631080464677755	     -0.30723928798649491334	     -0.09156076201249215007	      1.45706178842084277392	      1.45012978379235435433	      0.00000000000000040334	     -0.00000000000000008595	     -0.46427454025379738534	     -0.21741902254839787223	     -0.11553942192707850056	      1.76271310280728066289	      1.32642798276122619860	     -0.00000000000000266166	     -0.00000000000000112151
      3.17900000000000027001	     -0.21711531735230321649	      0.02006142468316060579	      0.08122662954100556831	      0.95072922298458628632	      0.99327748365247880979	     -0.33807539303162525979	      0.71079285750872545080	     -0.10373305853924764952	      0.07193502232651927120	      1.65071922790730019059	      1.65071922790729774810	      0.01468646186725956586	      0.00000000000000064437	     -0.00000000000000051747	      0.44012595424622047435	      0.15211378458194976804	     -0.04138319285539843878	      0.72082541121480880886	      0.72082541121480891988	      0.30087295230462723916	     -0.00000000000000005522	     -0.00000000000001037188	      0.04530670213610488856	     -0.06327021060053168722	     -0.04748564630347728438	     -0.50605957315415484032	     -0.30879906497420539502	     -0.09313483960260973693	      1.46267112686936417987	      1.44915513478454105467	      0.00000000000000041031	     -0.00000000000000009968	     -0.46189741187304650394	     -0.21684420448146057847	     -0.11845210256180745134	      1.77805311901115081774	      1.32747420508776814430	     -0.00000000000000268112	     -0.00000000000000113271
      3.18300000000000027356	     -0.22267207275793099441	      0.01856272183006626997	      0.07924756425384478498	      0.95064059311713444700	      0.99451458189996710946	     -0.33812824367012395133	      0.73045215523320539130	     -0.10191623739094127221	      0.07499565181966943994	      1.63933524627995264034	      1.63933524627994975376	      0.02007645772164814296	      0.00000000000000065416	     -0.00000000000000052007	      0.42559658242529951888	      0.15083865681875791021	     -0.03976882019192546497	      0.70738905358062886819	      0.70738905358062897921	      0.30009429696758832540	     -0.00000000000000007458	     -0.00000000000001044364	      0.05209371923614989491	     -0.06121803972200373645	     -0.05358890175998207162	     -0.51732921833594724959	     -0.31074130056905824304	     -0.09472428549367972739	      1.47004304657926843092	      1.44815999963155084274	      0.00000000000000041644	     -0.00000000000000011373	     -0.46061125743348646511	     -0.21610787847049450772	     -0.12181371193832141175	      1.79529874735245797979	      1.32854147182659021453	     -0.00000000000000269969	     -0.00000000000000114376
      3.18700000000000027711	     -0.22832803336979184960	      0.01675818444981018104	      0.07723786147609666697	      0.95063816195882744342	      0.99589820145634078141	     -0.33818084715262020090	      0.74930392365709919122	     -0.09980599527422474859	      0.07731289627736286085	      1.62606286970805036241	      1.62606286970804769787	      0.02493296564003177201	      0.00000000000000066479	     -0.00000000000000052252	      0.41084469786159250049	      0.14917535628920441937	     -0.03805859327159500510	      0.69309117864289038202	      0.69309117864289038202	      0.29724376978574684749	     -0.00000000000000008941	     -0.00000000000001049210	      0.05923461218871707568	     -0.05878767127937717385	     -0.05982151423652827538	     -0.52878785775331427210	     -0.31304385659444733392	     -0.09633094635427628949	      1.47886319934440058077	      1.44716441584892563377	      0.00000000000000042244	     -0.00000000000000012732	     -0.46026280452837869950	     -0.21520458309361523153	     -0.12547025892881583098	      1.81398366540810229708	      1.32959799084378893497	     -0.00000000000000271742	     -0.00000000000000115630
      3.19100000000000028066	     -0.23398968814449805365	      0.01462431348335392796	      0.07516935688458595277	      0.95072482352980081100	      0.99742847830568892586	     -0.33822877404695983472	      0.76720942817024062599	     -0.09738920870174024025	      0.07880928796152214533	      1.61096085349762940808	      1.61096085349762674355	      0.02935882046607325366	      0.00000000000000067570	     -0.00000000000000052550	      0.39583607166514384046	      0.14703682784385582738	     -0.03644220179436619134	      0.67802204148959854813	      0.67802204148959865915	      0.29204940112775895633	     -0.00000000000000011261	     -0.00000000000001052060	      0.06662295586330681252	     -0.05594544853998794504	     -0.06615486459949786180	     -0.54033570763428362405	     -0.31566455698731166191	     -0.09797790231335187783	      1.48881969960765880856	      1.44617910786376602239	      0.00000000000000042857	     -0.00000000000000014035	     -0.46069551484324661184	     -0.21413692053532495940	     -0.12926535148620330040	      1.83366240329806151621	      1.33060907317271670536	     -0.00000000000000273508	     -0.00000000000000117001
      3.19500000000000028422	     -0.23955834728028263525	      0.01214829197186376337	      0.07302545802288065713	      0.95090121225298818164	      0.99910481898607572671	     -0.33826906111359650309	      0.78403513254108625485	     -0.09467143435475836033	      0.07941812352879849823	      1.59410426042288011494	      1.59410426042287745041	      0.03348809513156850853	      0.00000000000000068734	     -0.00000000000000052896	      0.38053777473808536591	      0.14435945004387965018	     -0.03509045206555350821	      0.66228066715688183042	      0.66228066715688194144	      0.28429638089315867333	     -0.00000000000000015135	     -0.00000000000001054732	      0.07413502491941181827	     -0.05266794735252196269	     -0.07255614869876267359	     -0.55189623197854442704	     -0.31854197093152664122	     -0.09970624722540734342	      1.49962016274222853518	      1.44520455296063787820	      0.00000000000000043544	     -0.00000000000000015277	     -0.46175422691731382585	     -0.21291709282799398117	     -0.13305025098707656817	      1.85393331685177487067	      1.33153836176619977394	     -0.00000000000000275300	     -0.00000000000000118393
      3.19900000000000028777	     -0.24493358114294386252	      0.00933210190341613940	      0.07080167859236807804	      0.95116549419486684513	      1.00092552359085917857	     -0.33830038427224551345	      0.79965833766618288347	     -0.09167869042883301789	      0.07909354719946865009	      1.57557891415051321005	      1.57557891415051054551	      0.03747479105750624317	      0.00000000000000069855	     -0.00000000000000053293	      0.36492022359842690715	      0.14111103856765638831	     -0.03413851963982901527	      0.64597095620626909795	      0.64597095620626920898	      0.27384149056001294564	     -0.00000000000000018185	     -0.00000000000001055483	      0.08163334866568305870	     -0.04894718596216846018	     -0.07898760940750952642	     -0.56341944332005788887	     -0.32159776961846436860	     -0.10156950129042499609	      1.51100549327089850316	      1.44423128397156430580	      0.00000000000000044241	     -0.00000000000000016629	     -0.46328991419292392395	     -0.21156793530846679241	     -0.13669316776687917558	      1.87445639771418970376	      1.33234944996479720558	     -0.00000000000000277135	     -0.00000000000000119690
      3.20300000000000029132	     -0.25001751073557659799	      0.00619659556191191549	      0.06850429019375460504	      0.95151339813673330159	      1.00288743398469670787	     -0.33832300707391854688	      0.81397289104550885064	     -0.08845789946427906614	      0.07781903226379573157	      1.55547460279559546237	      1.55547460279559279783	      0.04147853228361591399	      0.00000000000000070956	     -0.00000000000000053669	      0.34895973142725139615	      0.13729704176270099425	     -0.03367500306825986500	      0.62919763167654774172	      0.62919763167654785274	      0.26062177301128308660	     -0.00000000000000020610	     -0.00000000000001056308	      0.08897252648245648765	     -0.04479613696857718402	     -0.08540536876978027658	     -0.57488236640312329051	     -0.32474063044542966772	     -0.10362635560653724043	      1.52275927519246523367	      1.44324150727350963841	      0.00000000000000044997	     -0.00000000000000018065	     -0.46516444966638925695	     -0.21012305329876046489	     -0.14008714472977221166	      1.89496491618310569649	      1.33300786343996735539	     -0.00000000000000278965	     -0.00000000000000121059
      3.20700000000000029488	     -0.25472019260528788731	      0.00278443213889157390	      0.06614752048044335309	      0.95193839957359971393	      1.00498555827898972126	     -0.33833850201527326806	      0.82689532009393373890	     -0.08507570433978789426	      0.07561235210061757750	      1.53387874372374266585	      1.53387874372373977927	      0.04564884744485929458	      0.00000000000000072045	     -0.00000000000000054012	      0.33264203922218987808	      0.13296368795351160008	     -0.03373740598300788152	      0.61206296473543231329	      0.61206296473543242431	      0.24465827167251119612	     -0.00000000000000021109	     -0.00000000000001056669	      0.09600726253142734257	     -0.04025328105328668943	     -0.09175840936024796946	     -0.58628668465435218593	     -0.32787149937007731282	     -0.10593280030715150619	      1.53471213615184165491	      1.44221188209045370066	      0.00000000000000045730	     -0.00000000000000019570	     -0.46725517128882304574	     -0.20862581134040258934	     -0.14315587453503988979	      1.91527038260675430692	      1.33348333862692602914	     -0.00000000000000280775	     -0.00000000000000122469
      3.21100000000000029843	     -0.25896611635758581826	     -0.00083918289257353120	      0.06374990566413869797	      0.95243199923588461875	      1.00721264395316123519	     -0.33834927506578910128	      0.83837144503819749364	     -0.08161538567799443700	      0.07252554407509774481	      1.51087189147803169220	      1.51087189147802902767	      0.05010970340890404107	      0.00000000000000073061	     -0.00000000000000054351	      0.31596712473394206189	      0.12819703224325054713	     -0.03431411754790549690	      0.59466520617306795060	      0.59466520617306806162	      0.22605574191296989861	     -0.00000000000000022016	     -0.00000000000001058899	      0.10260237198098773326	     -0.03538489609570681649	     -0.09798832085508792089	     -0.59765396250043356652	     -0.33088983170759239671	     -0.10853469030356115155	      1.54674090001194675104	      1.44111719117238146204	      0.00000000000000046455	     -0.00000000000000021080	     -0.46945893633434598868	     -0.20712706717419016034	     -0.14585688546050182279	      1.93526072702184803731	      1.33375226015755821152	     -0.00000000000000282562	     -0.00000000000000123908
      3.21500000000000030198	     -0.26270113927222893402	     -0.00458849790373792085	      0.06133042025437397682	      0.95298411517450254404	      1.00955875365607994354	     -0.33835797437311365687	      0.84838235309255283223	     -0.07817170540408586998	      0.06863975315408891997	      1.48652505923672828558	      1.48652505923672562105	      0.05494578480198095138	      0.00000000000000074048	     -0.00000000000000054694	      0.29895472365366831946	      0.12311775698278464020	     -0.03535242551825942131	      0.57709903366417303339	      0.57709903366417314441	      0.20499833912662940305	     -0.00000000000000023177	     -0.00000000000001062499	      0.10864389005057396853	     -0.03028419365617930972	     -0.10403022570600271857	     -0.60901941610113641268	     -0.33370017087951786561	     -0.11146160707303569282	      1.55876324012923972440	      1.43993441359686791259	      0.00000000000000047165	     -0.00000000000000022566	     -0.47169534748939839774	     -0.20568186379013639331	     -0.14818171976030869441	      1.95489234925890809080	      1.33380003690171600184	     -0.00000000000000284325	     -0.00000000000000125382
      3.21900000000000030553	     -0.26589872644717887917	     -0.00836212017008423729	      0.05890498813464975503	      0.95358365457697613632	      1.01201095042590272222	     -0.33836689575173328759	      0.85694797119388266271	     -0.07484360709697009117	      0.06405581564338845568	      1.46089799361020267199	      1.46089799361020022950	      0.06019183839089731897	      0.00000000000000075081	     -0.00000000000000055103	      0.28164946891963338338	      0.11787217055810716992	     -0.03677162567773498841	      0.55945788409939944952	      0.55945788409939944952	      0.18174055878604350456	     -0.00000000000000024785	     -0.00000000000001066432	      0.11405001006372517125	     -0.02506676373724971846	     -0.10981511373397137565	     -0.62042550268924223644	     -0.33621826106530144918	     -0.11472272047693499175	      1.57072912571731460041	      1.43864659169993958088	      0.00000000000000047844	     -0.00000000000000023975	     -0.47390885312094604975	     -0.20434550228687359263	     -0.15015291067980943152	      1.97417720084163983429	      1.33362313573879642803	     -0.00000000000000286101	     -0.00000000000000126868
      3.22300000000000030909	     -0.26856432349391068382	     -0.01205058722151690354	      0.05648376799182260044	      0.95421926893364938937	      1.01455319444290559261	     -0.33837747002900575577	      0.86412711990909141235	     -0.07172513969049830462	      0.05888209281039668425	      1.43403802558460991001	      1.43403802558460724548	      0.06582602085871004649	      0.00000000000000076134	     -0.00000000000000055481	      0.26412446494507296757	      0.11262009319520124850	     -0.03847935763548736982	      0.54183737405140808274	      0.54183737405140819376	      0.15659341361956166661	     -0.00000000000000026975	     -0.00000000000001068959	      0.11878030198892701452	     -0.01986239704264821174	     -0.11527345882707017155	     -0.63191615331966988212	     -0.33837598666156276650	     -0.11830515609586836345	      1.58261037417609040645	      1.43724597039074186711	      0.00000000000000048503	     -0.00000000000000025358	     -0.47606927253278602530	     -0.20316939450687759861	     -0.15181800041409546087	      1.99316640500921504753	      1.33323048096496798998	     -0.00000000000000287873	     -0.00000000000000128381
      3.22700000000000031264	     -0.27073676814539265889	     -0.01554583194016449094	      0.05406934271108696649	      0.95488017190635332554	      1.01716652875598079220	     -0.33838987423088434658	      0.87001390188320637531	     -0.06889556185749043382	      0.05322179791818095612	      1.40597992686265849116	      1.40597992686265582662	      0.07176779770777058642	      0.00000000000000077280	     -0.00000000000000055882	      0.24648205086696306498	      0.10752059290901018473	     -0.04038821309575178764	      0.52433820190786339932	      0.52433820190786351034	      0.12990636718348647083	     -0.00000000000000029113	     -0.00000000000001072178	      0.12284127734816964461	     -0.01480413036334216406	     -0.12033952454677215860	     -0.64353169767590168160	     -0.34012468998749029181	     -0.12217515075955034942	      1.59438961708075721546	      1.43573598819217074229	      0.00000000000000049170	     -0.00000000000000026775	     -0.47817015799489659411	     -0.20219700088744288480	     -0.15324141403268029538	      2.01193235597476594023	      1.33264394957169818312	     -0.00000000000000289654	     -0.00000000000000129873
      3.23100000000000031619	     -0.27248600634199715564	     -0.01875160064573267935	      0.05165591230191491495	      0.95555687262051447473	      1.01982958886678409804	     -0.33840280066581462926	      0.87473067844781748903	     -0.06640969015650509399	      0.04716198750165499082	      1.37674725379906348621	      1.37674725379906082168	      0.07788066439230154070	      0.00000000000000078532	     -0.00000000000000056292	      0.22885080444685304557	      0.10271675706515413784	     -0.04242970796785761056	      0.50706710671321586492	      0.50706710671321597594	      0.10204603507745532709	     -0.00000000000000030873	     -0.00000000000001075414	      0.12628673987177468918	     -0.01001563471211960356	     -0.12495570802366909313	     -0.65530424156939115488	     -0.34143669414743937907	     -0.12628201403082656151	      1.60605000593931146469	      1.43413181023359714850	      0.00000000000000049816	     -0.00000000000000028207	     -0.48022478156745590505	     -0.20146013107667284925	     -0.15449518060376993267	      2.03055116518729761310	      1.33189775148715927600	     -0.00000000000000291449	     -0.00000000000000131315
      3.23500000000000031974	     -0.27390726667305453912	     -0.02159380354448052833	      0.04922971239949127525	      0.95624174600331857121	      1.02251939014507109427	     -0.33841342438171878593	      0.87841833283074766126	     -0.06428948947921607482	      0.04076568646794032080	      1.34635522082860981108	      1.34635522082860714654	      0.08397978551634409372	      0.00000000000000079798	     -0.00000000000000056726	      0.21137884565800493797	      0.09832105278780207958	     -0.04456380931966320846	      0.49013563589798159192	      0.49013563589798170295	      0.07337386040318956415	     -0.00000000000000033037	     -0.00000000000001079646	      0.12921280695233416935	     -0.00559822889012880857	     -0.12907660414302102314	     -0.66725366210329628558	     -0.34230510035208949748	     -0.13056428121935290121	      1.61756700459540025960	      1.43245927660562255568	      0.00000000000000050483	     -0.00000000000000029646	     -0.48226030152868920586	     -0.20097601493475059087	     -0.15564948098583114566	      2.04908694206836861085	      1.33103665650668112619	     -0.00000000000000293235	     -0.00000000000000132735
      3.23900000000000032330	     -0.27511242164233962182	     -0.02402969132570118710	      0.04677089738417708475	      0.95692941178621593323	      1.02521230053676437599	     -0.33841760463886599863	      0.88122478542983162519	     -0.06251786211456759890	      0.03406812624749541718	      1.31481481704260572130	      1.31481481704260305676	      0.08984445274944337367	      0.00000000000000081115	     -0.00000000000000057163	      0.19422419330672044402	      0.09440303330441142393	     -0.04678306748479501426	      0.47365724661608349377	      0.47365724661608360480	      0.04422536747134067636	     -0.00000000000000035936	     -0.00000000000001085100	      0.13174844079289246834	     -0.00161891209998634876	     -0.13267270148186724454	     -0.67938477057686430527	     -0.34274202913522250347	     -0.13495703938989694892	      1.62890350309284159813	      1.43075227586482767173	      0.00000000000000051164	     -0.00000000000000031089	     -0.48431099867496124611	     -0.20074563889507432424	     -0.15676394733062315456	      2.06757914017976807131	      1.33011316115012712125	     -0.00000000000000295024	     -0.00000000000000134152
      3.24300000000000032685	     -0.27621933668717241206	     -0.02605464259658712284	      0.04425679760898048459	      0.95761690422989909077	      1.02788511983997343791	     -0.33841031255421399893	      0.88329260711366852643	     -0.06103551466110109652	      0.02707789470896272005	      1.28213742101660410633	      1.28213742101660121975	      0.09523439741186884300	      0.00000000000000082489	     -0.00000000000000057566	      0.17754312618594134121	      0.09098100713939633044	     -0.04911105187709972897	      0.45774336159137252178	      0.45774336159137268831	      0.01489299824178909500	     -0.00000000000000039854	     -0.00000000000001091429	      0.13404245348962978701	      0.00189904847826445036	     -0.13573343077743832419	     -0.69168587657997004925	     -0.34277550985395333072	     -0.13939941698863531072	      1.64000885191627254756	      1.42904876951929704632	      0.00000000000000051829	     -0.00000000000000032527	     -0.48641133248325491012	     -0.20075369408171847563	     -0.15788052785928505251	      2.08603391811052985005	      1.32918377104943319367	     -0.00000000000000296807	     -0.00000000000000135579
      3.24699999999999988631	     -0.27734004721949317984	     -0.02770519444040964521	      0.04166601848108623246	      0.95830361346749448614	      1.03051620429320234251	     -0.33838621743956492915	      0.88474637614649576101	     -0.05974171900821174247	      0.01978367935862638746	      1.24833855933649195968	      1.24833855933648929515	      0.09990788209698975297	      0.00000000000000083848	     -0.00000000000000057971	      0.16147764834646330390	      0.08801907387805534000	     -0.05159547267543899973	      0.44249900733905367378	      0.44249900733905389583	     -0.01438653326248204474	     -0.00000000000000042983	     -0.00000000000001097775	      0.13624795245641688202	      0.00498121123768107202	     -0.13826896663517773689	     -0.70412844024848486590	     -0.34244523537310517236	     -0.14384125401376843256	      1.65082155810592956513	      1.42738598878375300139	      0.00000000000000052462	     -0.00000000000000033979	     -0.48858933520553315955	     -0.20097027572612691237	     -0.15901862734163746405	      2.10442012715232085185	      1.32830465252483032046	     -0.00000000000000298574	     -0.00000000000000136985
      3.25099999999999988987	     -0.27856874067494230562	     -0.02905721736877190167	      0.03898270922457693771	      0.95899098662185267017	      1.03308655339176835852	     -0.33834034632214610161	      0.88568057829803770176	     -0.05849953410772571610	      0.01216668825877627487	      1.21343974848590407944	      1.21343974848590119286	      0.10363947762234458627	      0.00000000000000085284	     -0.00000000000000058334	      0.14614329195182026999	      0.08543047457063278338	     -0.05429694456340027064	      0.42801869736258374433	      0.42801869736258391086	     -0.04343969845488108300	     -0.00000000000000045897	     -0.00000000000001103730	      0.13850538276380408576	      0.00770129261264224270	     -0.14031024692091362271	     -0.71666749628160619778	     -0.34179744775949022495	     -0.14824811018722558464	      1.66127498927684191798	      1.42579539387844844711	      0.00000000000000053071	     -0.00000000000000035430	     -0.49086074904607551739	     -0.20135432681665715871	     -0.16017302265910152159	      2.12267020458717636799	      1.32752698206388353164	     -0.00000000000000300339	     -0.00000000000000138406
      3.25499999999999989342	     -0.27997088190988761447	     -0.03021901491657654273	      0.03620032363393011626	      0.95968201227712190970	      1.03558072513439891615	     -0.33826872240562705363	      0.88614954180159011266	     -0.05714544923301170809	      0.00421723730193328435	      1.17746865626635188740	      1.17746865626634922286	      0.10623607248661325053	      0.00000000000000086734	     -0.00000000000000058761	      0.13161885339355203217	      0.08308713782072782439	     -0.05727508261885266155	      0.41438345556705774575	      0.41438345556705791228	     -0.07215767627180663668	     -0.00000000000000049314	     -0.00000000000001110510	      0.14092596365979828676	      0.01017429611370652097	     -0.14190703125240872184	     -0.72924273934618466519	     -0.34087942774779217414	     -0.15260407166524686540	      1.67130497585384363290	      1.42429804459409514727	      0.00000000000000053667	     -0.00000000000000036895	     -0.49322444085669631120	     -0.20185853238524753550	     -0.16131470795658037209	      2.14068559266256475127	      1.32689240535546226774	     -0.00000000000000302097	     -0.00000000000000139879
      3.25899999999999989697	     -0.28157497661234104358	     -0.03131978743717327845	      0.03332423715783767310	      0.96038054102465386652	      1.03798743349036537431	     -0.33816888716604692755	      0.88616126449075360849	     -0.05550293707415186739	     -0.00404701780330615421	      1.14045860104583884898	      1.14045860104583618444	      0.10755011934121039285	      0.00000000000000088233	     -0.00000000000000059184	      0.11793980778465486259	      0.08083453801177378772	     -0.06057407377484234912	      0.40165993047657921888	      0.40165993047657944093	     -0.10049109672644104818	     -0.00000000000000052497	     -0.00000000000001116511	      0.14357769270836687192	      0.01254375566934918564	     -0.14312407301729171416	     -0.74178024184427715504	     -0.33973422527812829896	     -0.15691204657046978199	      1.68085795344850708055	      1.42290103744675611175	      0.00000000000000054276	     -0.00000000000000038358	     -0.49565976500783343051	     -0.20243515336277631556	     -0.16239456666684926045	      2.15834584459773015652	      1.32642906557985518212	     -0.00000000000000303857	     -0.00000000000000141379
      3.26299999999999990052	     -0.28336804635014789522	     -0.03249453506304392919	      0.03037285917556786785	      0.96109052592414168092	      1.04029974243923573063	     -0.33804024227257184476	      0.88567623221487068452	     -0.05339880056086494103	     -0.01256389147375497686	      1.10244802267270736174	      1.10244802267270469720	      0.10748913840642779216	      0.00000000000000089716	     -0.00000000000000059555	      0.10509646573131409264	      0.07851045404539765127	     -0.06420964164345659142	      0.38990200499515498267	      0.38990200499515509369	     -0.12843782869155395687	     -0.00000000000000055213	     -0.00000000000001122943	      0.14647574194514650925	      0.01496423035376056448	     -0.14403575933840129242	     -0.75419484314791118695	     -0.33839621310196771331	     -0.16119142799718153003	      1.68989840697324655849	      1.42159550424270886282	      0.00000000000000054909	     -0.00000000000000039823	     -0.49812639550298803970	     -0.20304217285983761077	     -0.16334940486882187916	      2.17552018586831596991	      1.32614863203107224976	     -0.00000000000000305609	     -0.00000000000000142921
      3.26699999999999990408	     -0.28529535487932938809	     -0.03386725228382251457	      0.02737724233758280154	      0.96181529787482111793	      1.04251483339430506270	     -0.33788418382114138172	      0.88461118364035384865	     -0.05068043711772970278	     -0.02121341725370762613	      1.06347989637430617726	      1.06347989637430373477	      0.10602032459124866026	      0.00000000000000091254	     -0.00000000000000059835	      0.09303697072627922782	      0.07596559742850636510	     -0.06815885774269558883	      0.37915461328494765025	      0.37915461328494781679	     -0.15602463099273100600	     -0.00000000000000058615	     -0.00000000000001129675	      0.14957853326880035660	      0.01758119546320782364	     -0.14471993225330201382	     -0.76639335589103063651	     -0.33688791439666931904	     -0.16547319565953977349	      1.69841451153547673414	      1.42035649045172074345	      0.00000000000000055527	     -0.00000000000000041278	     -0.50056683223728193344	     -0.20364901730764523036	     -0.16410943554902385211	      2.19207976469977916523	      1.32604469128618518425	     -0.00000000000000307359	     -0.00000000000000144451
      3.27099999999999990763	     -0.28726461628868443787	     -0.03553442334383193069	      0.02437928775635573447	      0.96255696774923615866	      1.04463335938093138111	     -0.33770401330030280773	      0.88284744597591657822	     -0.04723205372275463693	     -0.02981102298977999707	      1.02360115467749190898	      1.02360115467748902240	      0.10316966508608092778	      0.00000000000000092852	     -0.00000000000000060102	      0.08167484846417026600	      0.07308385709629328097	     -0.07235404148972471305	      0.36945925387784606109	      0.36945925387784622762	     -0.18328420943242990093	     -0.00000000000000062826	     -0.00000000000001137596	      0.15279027758200477982	      0.02051074458230000078	     -0.14525159070705181974	     -0.77827854873064272745	     -0.33521849695240552025	     -0.16979281199106982525	      1.70642107316448710108	      1.41914485716020255524	      0.00000000000000056092	     -0.00000000000000042720	     -0.50291156893749922041	     -0.20424110866755265659	     -0.16460624333528259267	      2.20790888950159391868	      1.32609275877043519820	     -0.00000000000000309132	     -0.00000000000000145875
      3.27499999999999991118	     -0.28915444869118139826	     -0.03755071617304910070	      0.02142858302491263897	      0.96331597362154031128	      1.04665843899861843447	     -0.33750461780877294427	      0.88024345583308638563	     -0.04298814598847720131	     -0.03810867312845369476	      0.98286305621285952050	      0.98286305621285685596	      0.09901644662232983451	      0.00000000000000094337	     -0.00000000000000060416	      0.07090055269252702741	      0.06979975205666877347	     -0.07668179139170901160	      0.36086067562791868113	      0.36086067562791890317	     -0.21023041207845430400	     -0.00000000000000067482	     -0.00000000000001145931	      0.15596983358241306439	      0.02382152324996626366	     -0.14569690246649627530	     -0.78975338817551121728	     -0.33338421082629021708	     -0.17418197663617540627	      1.71395922538242806432	      1.41791104172306026143	      0.00000000000000056519	     -0.00000000000000044159	     -0.50508647314550281227	     -0.20482258411613665783	     -0.16478039008847233937	      2.22291410165686587064	      1.32625195825119712723	     -0.00000000000000310915	     -0.00000000000000147180
      3.27899999999999991473	     -0.29082641842408252231	     -0.03991864752493416713	      0.01857792432349423747	      0.96409077887130645301	      1.04859437592120752214	     -0.33729192376292677080	      0.87665097761887467165	     -0.03794281685235029872	     -0.04580476589317953456	      0.94132388777649900202	      0.94132388777649633749	      0.09368487728659459501	      0.00000000000000095686	     -0.00000000000000060608	      0.06059619412561866730	      0.06611069327209831425	     -0.08098784078447360257	      0.35341415816861426746	      0.35341415816861448951	     -0.23683476981960202568	     -0.00000000000000072256	     -0.00000000000001154704	      0.15894504886943267019	      0.02752122740105227353	     -0.14610780883385107720	     -0.80072480338139251366	     -0.33137088889628485422	     -0.17866070524522334462	      1.72109262911560212395	      1.41660030327498764890	      0.00000000000000056856	     -0.00000000000000045597	     -0.50702156612193938212	     -0.20541664065102049896	     -0.16458793305350144509	      2.23703033977633358731	      1.32646824439144506158	     -0.00000000000000312719	     -0.00000000000000148443
      3.28299999999999991829	     -0.29213952866142711695	     -0.04258365372446935165	      0.01587782816312243231	      0.96487773087585959608	      1.05044524633673952430	     -0.33707216470030837430	      0.87193382924499240882	     -0.03215384016239828530	     -0.05256258100446755538	      0.89905466165202385653	      0.89905466165202119200	      0.08733424965020246400	      0.00000000000000097109	     -0.00000000000000060729	      0.05065198811255266359	      0.06208226738866275130	     -0.08508746476577297435	      0.34719247659666002681	      0.34719247659666030437	     -0.26300715139182340163	     -0.00000000000000077269	     -0.00000000000001163610	      0.16153105599285996763	      0.03154958641879199860	     -0.14651758813889115274	     -0.81110684610405403561	     -0.32915823976127417394	     -0.18323095665035890600	      1.72790049543737156412	      1.41515891524866943563	      0.00000000000000057139	     -0.00000000000000047038	     -0.50866001093257062760	     -0.20606333472509830163	     -0.16400518887827930659	      2.25022376207105612167	      1.32667889065061506138	     -0.00000000000000314542	     -0.00000000000000149617
      3.28699999999999992184	     -0.29296537164059016645	     -0.04543560304631796137	      0.01337070116799351366	      0.96567109892833025153	      1.05221354287399715410	     -0.33685105903798767679	      0.86598697764624710249	     -0.02574072594479158427	     -0.05803598246248169862	      0.85614748068183543772	      0.85614748068183266216	      0.08014862188413821031	      0.00000000000000098387	     -0.00000000000000060837	      0.04098208164690392979	      0.05784558373926793062	     -0.08877998672221654175	      0.34229117654675328408	      0.34229117654675350613	     -0.28858290856266244351	     -0.00000000000000082401	     -0.00000000000001172569	      0.16355015231360034433	      0.03577924031167387109	     -0.14693789257235645440	     -0.82082384323952650718	     -0.32672519912270842068	     -0.18787270169701850153	      1.73446855263259003266	      1.41354055235988407269	      0.00000000000000057362	     -0.00000000000000048438	     -0.50996577350469185497	     -0.20681512935517187834	     -0.16303112260528887512	      2.26249110664988650754	      1.32681780130281401497	     -0.00000000000000316357	     -0.00000000000000150771
      3.29099999999999992539	     -0.29320207038495171847	     -0.04831727233579066055	      0.01108542817535088792	      0.96646332950672886319	      1.05389904374772047646	     -0.33663302107104214889	      0.85875373675892496816	     -0.01887653338646524265	     -0.06190040367074684663	      0.81272576567547050175	      0.81272576567546783721	      0.07232683721229764273	      0.00000000000000099733	     -0.00000000000000060895	      0.03153746489845786483	      0.05358645343657113952	     -0.09186548820299296481	      0.33883089959097378863	      0.33883089959097412169	     -0.31331842900035272725	     -0.00000000000000087388	     -0.00000000000001181690	      0.16485081837400950011	      0.04002521412345946827	     -0.14735769803125065014	     -0.82981398913862247646	     -0.32405550461629628600	     -0.19254300470606589002	      1.74087924359962920029	      1.41171211538157637122	      0.00000000000000057589	     -0.00000000000000049836	     -0.51092863072665939406	     -0.20773069994487375345	     -0.16168697769325657276	      2.27385562683818065466	      1.32682114438846965321	     -0.00000000000000318169	     -0.00000000000000151894
      3.29499999999999992895	     -0.29278546954772177724	     -0.05103918861471555546	      0.00903306700716384296	      0.96724550536207798412	      1.05549804752349407622	     -0.33642053788911491230	      0.85023915491938217848	     -0.01177408446176879571	     -0.06388589021938177737	      0.76895499890474816596	      0.76895499890474550142	      0.06407393360006766181	      0.00000000000000101209	     -0.00000000000000061001	      0.02231440857002542702	      0.04952739560884444198	     -0.09416176585616194139	      0.33695610751348442635	      0.33695610751348475942	     -0.33689604221721164423	     -0.00000000000000092418	     -0.00000000000001190785	      0.16532380042968444767	      0.04406229591385981553	     -0.14774436634666157642	     -0.83803317582502101502	     -0.32114274876702281203	     -0.19717816178091310264	      1.74720227234646086067	      1.40965829637735362567	      0.00000000000000057748	     -0.00000000000000051314	     -0.51156580676516827388	     -0.20886774302687718952	     -0.16001321808339150077	      2.28435990758167273285	      1.32663279890720553489	     -0.00000000000000320011	     -0.00000000000000153012
      3.29899999999999993250	     -0.29169625696443979290	     -0.05339940633632821176	      0.00720428534505855676	      0.96800797361044021994	      1.05700308070819315454	     -0.33621384312322927235	      0.84051802015134680079	     -0.00466778726914120722	     -0.06380832093312618913	      0.72505228523763609605	      0.72505228523763332049	      0.05559503017360600818	      0.00000000000000102818	     -0.00000000000000061141	      0.01335746566345689078	      0.04590436837928976027	     -0.09551958035639132594	      0.33683002914624721180	      0.33683002914624760038	     -0.35893829867053411720	     -0.00000000000000097705	     -0.00000000000001200138	      0.16491353791960122743	      0.04764863701930335815	     -0.14804677792798204283	     -0.84545826656077827099	     -0.31799440503084785981	     -0.20169861406497002765	      1.75348651621461937289	      1.40738426937926375260	      0.00000000000000057927	     -0.00000000000000052764	     -0.51192014640526917191	     -0.21027558522197831170	     -0.15806419040351679661	      2.29405615205350654762	      1.32620911867681900986	     -0.00000000000000321848	     -0.00000000000000154101
      3.30299999999999993605	     -0.28996210154227802791	     -0.05520607648304705350	      0.00556901071454909621	      0.96874111645299909590	      1.05840311165785205816	     -0.33601098232847620428	      0.82973652784565421481	      0.00220724857219460006	     -0.06159523608892503166	      0.68129307339369227225	      0.68129307339368960772	      0.04709212060865941574	      0.00000000000000104485	     -0.00000000000000061260	      0.00475680587344321296	      0.04294081248431290410	     -0.09583464741219588356	      0.33862623074739672813	      0.33862623074739717222	     -0.37903063728923364062	     -0.00000000000000103010	     -0.00000000000001209694	      0.16362381522866523142	      0.05055305833931373477	     -0.14820016354536599823	     -0.85208877982406983076	     -0.31463467001035300141	     -0.20601618538875998699	      1.75975431665355785960	      1.40491616040961120326	      0.00000000000000058136	     -0.00000000000000054304	     -0.51205546308176885795	     -0.21198825829707759749	     -0.15590123169482270060	      2.30299510723745326501	      1.32552257386763083780	     -0.00000000000000323655	     -0.00000000000000155326
      3.30699999999999993960	     -0.28765462958811460759	     -0.05629983273195014043	      0.00407845759076963434	      0.96943614879164508036	      1.05968423819165469268	     -0.33580830001932626683	      0.81810729040108631782	      0.00863648720018040002	     -0.05730287906107303653	      0.63801329494500469419	      0.63801329494500191863	      0.03876339145313414947	      0.00000000000000106118	     -0.00000000000000061310	     -0.00335950810758283997	      0.04082229427197349436	     -0.09505547598856312064	      0.34251793812062752975	      0.34251793812062791833	     -0.39675039373308068624	     -0.00000000000000108281	     -0.00000000000001219335	      0.16151717907012685949	      0.05258258286448552754	     -0.14813193098741792020	     -0.85794622431618483560	     -0.31110611018929645866	     -0.21004295462201927336	      1.76599911716619306645	      1.40229927321861103096	      0.00000000000000058404	     -0.00000000000000055912	     -0.51205015745224635726	     -0.21401868398834511531	     -0.15358526434241198677	      2.31121549371652745819	      1.32456391710749810109	     -0.00000000000000325456	     -0.00000000000000156714
      3.31099999999999994316	     -0.28488153208233496505	     -0.05657306182193819200	      0.00266945650833869770	      0.97008582722607072935	      1.06083074531008447750	     -0.33560130173193830627	      0.80589785362549770653	      0.01444535436162065756	     -0.05112192330989127897	      0.59560561923080768132	      0.59560561923080501678	      0.03080429200727938244	      0.00000000000000107725	     -0.00000000000000061200	     -0.01083736039316189094	      0.03967493045474990154	     -0.09318646866156581055	      0.34866644232294929928	      0.34866644232294968786	     -0.41169906392314775667	     -0.00000000000000113601	     -0.00000000000001229193	      0.15870808129167657263	      0.05360672835810784825	     -0.14776776308332176257	     -0.86307067354123245817	     -0.30747010235488936303	     -0.21370093432702300107	      1.77218705408741450391	      1.39959423226275547769	      0.00000000000000058798	     -0.00000000000000057547	     -0.51199008281100077955	     -0.21635457358705414976	     -0.15116988032106787321	      2.31873568833229892761	      1.32334264204097395989	     -0.00000000000000327274	     -0.00000000000000158242
      3.31499999999999994671	     -0.28177468229164620572	     -0.05598345757651074228	      0.00127068527310619708	      0.97068491240267928966	      1.06182629220183444296	     -0.33538575514841700853	      0.79341331848714935493	      0.01951446893754820583	     -0.04337064478229418069	      0.55450935346462015829	      0.55450935346461749376	      0.02340870143988434821	      0.00000000000000109310	     -0.00000000000000060979	     -0.01751128573712177131	      0.03955057184339690057	     -0.09028579596001252983	      0.35720939903975290619	      0.35720939903975335028	     -0.42355269642533033281	     -0.00000000000000118927	     -0.00000000000001239146	      0.15535013812618350681	      0.05357527462528471895	     -0.14703727266444616140	     -0.86751435709325752654	     -0.30380606085283085038	     -0.21693140143478756299	      1.77826207043434525445	      1.39687151757405914054	      0.00000000000000059176	     -0.00000000000000059150	     -0.51196135878970427946	     -0.21895655592147750257	     -0.14869572557634441745	      2.32554837013752768726	      1.32188573107923912353	     -0.00000000000000329133	     -0.00000000000000159710
      3.31899999999999995026	     -0.27847591309022806660	     -0.05456170831777273911	     -0.00018999835396277975	      0.97123008653483622332	      1.06265442906032592241	     -0.33515871137194319651	      0.78097404825083283075	      0.02379050201498699238	     -0.03447597111796116276	      0.51519378675636806619	      0.51519378675636540166	      0.01676803799095799227	      0.00000000000000110869	     -0.00000000000000060723	     -0.02322213947404181897	      0.04041948645028582698	     -0.08646174227207840957	      0.36824736478695979658	      0.36824736478696029618	     -0.43210792518112833838	     -0.00000000000000124245	     -0.00000000000001249114	      0.15161847949740139829	      0.05252845967407478861	     -0.14587842295145053706	     -0.87133181173025664457	     -0.30021012052854967322	     -0.21970293221691081231	      1.78415428323893721085	      1.39420479021999854652	      0.00000000000000059476	     -0.00000000000000060763	     -0.51204419571135217915	     -0.22175856209747979442	     -0.14618684898533473859	      2.33161804710811981778	      1.32023487090548363732	     -0.00000000000000331022	     -0.00000000000000161151
      3.32299999999999995381	     -0.27512060391736425924	     -0.05241000121426840630	     -0.00177751235561701953	      0.97172081948381172634	      1.06330214705651204810	     -0.33491990325305243115	      0.76889349830881104086	      0.02728960922870029074	     -0.02494470605497454627	      0.47813554712811595637	      0.47813554712811323633	      0.01106699058705981793	      0.00000000000000112405	     -0.00000000000000060472	     -0.02783043351648874925	      0.04217007373724115243	     -0.08185375739023602326	      0.38184641025635435163	      0.38184641025635490674	     -0.43716916723920951071	     -0.00000000000000129591	     -0.00000000000001258985	      0.14769215960580095448	      0.05059884311203852181	     -0.14424344521005769137	     -0.87457783560134483292	     -0.29678952007856196360	     -0.22201632615304081608	      1.78978999871647204145	      1.39166367477824381993	      0.00000000000000059744	     -0.00000000000000062364	     -0.51230505974415885273	     -0.22467184950800653254	     -0.14364820732002162029	      2.33688682048340368169	      1.31844248793857521385	     -0.00000000000000332886	     -0.00000000000000162647
      3.32699999999999995737	     -0.27182331265695214295	     -0.04969191404653079680	     -0.00354305248055713194	      0.97215852762474086468	      1.06376007658082682994	     -0.33467216635862329088	      0.75745118636537578372	      0.03009187045311183945	     -0.01532375907095507618	      0.44379161699217811732	      0.44379161699217550829	      0.00647590882290876354	      0.00000000000000113922	     -0.00000000000000060254	     -0.03123275717547868702	      0.04462120968808195448	     -0.07662634888955478785	      0.39802118598915231518	      0.39802118598915281478	     -0.43874217777824059405	     -0.00000000000000134959	     -0.00000000000001268747	      0.14373213363448225643	      0.04799883735888526431	     -0.14210077463251508112	     -0.87729845955177732097	     -0.29365597682543659319	     -0.22390571501520467601	      1.79510087319969047215	      1.38930763578142846271	      0.00000000000000060034	     -0.00000000000000063903	     -0.51279044164683307283	     -0.22759215238669130987	     -0.14106663873895836092	      2.34127782326669731106	      1.31656695518414212920	     -0.00000000000000334746	     -0.00000000000000164337
      3.33099999999999996092	     -0.26866717565061132289	     -0.04661680035463808963	     -0.00551817600688368510	      0.97254588647811790469	      1.06402283647767714747	     -0.33442154666515022665	      0.74687000417117510587	      0.03232913455034041456	     -0.00615739910878621097	      0.41256942628387521799	      0.41256942628387249794	      0.00313974109889215459	      0.00000000000000115392	     -0.00000000000000060009	     -0.03337138214276142573	      0.04754117447872283075	     -0.07095266549610805551	      0.41673771925272962147	      0.41673771925273006556	     -0.43697704454785907258	     -0.00000000000000140370	     -0.00000000000001278598	      0.13986426220509493024	      0.04500093052380155223	     -0.13943765067716093475	     -0.87952657158421265748	     -0.29091721430317984964	     -0.22543590670492208439	      1.80003323215130528467	      1.38718073638802019687	      0.00000000000000060461	     -0.00000000000000065412	     -0.51352215980000792683	     -0.23040890682478118445	     -0.13841382196522863945	      2.34470312399832092609	      1.31466761268431220344	     -0.00000000000000336607	     -0.00000000000000166153
      3.33499999999999996447	     -0.26569666889137860677	     -0.04341800997450164651	     -0.00771115151121803868	      0.97288632083570192322	      1.06408948222433319408	     -0.33417689994354016214	      0.73729755485175973995	      0.03416611052579687779	      0.00205644906068185029	      0.38479676990609873455	      0.38479676990609601450	      0.00116428643226001256	      0.00000000000000116853	     -0.00000000000000059676	     -0.03423903777234648532	      0.05067237469124502569	     -0.06500138689464880770	      0.43791572211158241723	      0.43791572211158291683	     -0.43216347818618849885	     -0.00000000000000145797	     -0.00000000000001288653	      0.13616678375450574912	      0.04190959901748348565	     -0.13626171216257076946	     -0.88128129649765107878	     -0.28866648574332959276	     -0.22669559345825732177	      1.80455488027571542275	      1.38530840476617056467	      0.00000000000000061086	     -0.00000000000000066921	     -0.51449426866697045568	     -0.23301630499836933907	     -0.13565118374539916757	      2.34707398155990754063	      1.31280000586884626479	     -0.00000000000000338545	     -0.00000000000000168085
      3.33899999999999996803	     -0.26291492527439802585	     -0.04032857352825646585	     -0.01010557557570849682	      0.97318353317666783653	      1.06396351578840908658	     -0.33394900630109042305	      0.72879373402693814477	      0.03577766442221545773	      0.00890541109208708818	      0.36069505074459812244	      0.36069505074459540239	      0.00060057794066342143	      0.00000000000000118292	     -0.00000000000000059382	     -0.03387819452658093200	      0.05375873491667433612	     -0.05892579023421603418	      0.46143423666706850916	      0.46143423666706900876	     -0.42471557849704899557	     -0.00000000000000151226	     -0.00000000000001298776	      0.13266375259327189973	      0.03902890319482785197	     -0.13260164185119382996	     -0.88257006505546276021	     -0.28697202437096896999	     -0.22778751176630965269	      1.80865890750006119703	      1.38369637524610999968	      0.00000000000000061790	     -0.00000000000000068422	     -0.51567264415334856942	     -0.23532451979579091517	     -0.13273623509980667090	      2.34831190110598297949	      1.31101182381414083089	     -0.00000000000000340487	     -0.00000000000000170167
      3.34299999999999997158	     -0.26028567516915257496	     -0.03755713868870834415	     -0.01266128538821115028	      0.97344113723967529150	      1.06365246737254515175	     -0.33374934884789880796	      0.72132616579616770647	      0.03732542036647208683	      0.01409317181227544638	      0.34035913981561749519	      0.34035913981561477515	      0.00142903292942791788	      0.00000000000000119725	     -0.00000000000000059058	     -0.03237504591112175950	      0.05657248274506371244	     -0.05285592570049869876	      0.48713980550111807277	      0.48713980550111862788	     -0.41514641659715878497	     -0.00000000000000156629	     -0.00000000000001308959	      0.12932520843655539999	      0.03662962004849781850	     -0.12850660213989342773	     -0.88339228719957629821	     -0.28586831199755824429	     -0.22881674194174764225	      1.81236409959223232491	      1.38233183332604969706	      0.00000000000000062503	     -0.00000000000000069952	     -0.51699810216017938469	     -0.23726950218171816154	     -0.12962962772775787901	      2.34835930118817559631	      1.30933990997897353736	     -0.00000000000000342488	     -0.00000000000000172188
      3.34699999999999997513	     -0.25773954369171742096	     -0.03526693902651238666	     -0.01531741844576229097	      0.97366242330488095291	      1.06316708316112529253	     -0.33358876436436962765	      0.71477460053055463796	      0.03893695706565244302	      0.01745804194216178315	      0.32374700719984128572	      0.32374700719983851016	      0.00354609269110725284	      0.00000000000000121188	     -0.00000000000000058633	     -0.02984895696824772793	      0.05893701575851083979	     -0.04689450977701835332	      0.51485587669886101470	      0.51485587669886168083	     -0.40403466383493163994	     -0.00000000000000162030	     -0.00000000000001319088	      0.12607417647350024903	      0.03492005063227907741	     -0.12404415630765577849	     -0.88374319397037937041	     -0.28535103092045471795	     -0.22987858385850754028	      1.81571198733264260738	      1.38118648933879351048	      0.00000000000000063194	     -0.00000000000000071471	     -0.51839335846179457334	     -0.23881987547850214160	     -0.12630203213952942431	      2.34718829818230823037	      1.30780861449721164114	     -0.00000000000000344587	     -0.00000000000000174100
      3.35099999999999997868	     -0.25518417513804475538	     -0.03356018560294499187	     -0.01799731579538814755	      0.97385025781905321107	      1.06252017306782686745	     -0.33347617913258242872	      0.70894455448487425642	      0.04069042372604049496	      0.01897757249101499413	      0.31068145368515731608	      0.31068145368515459603	      0.00675602979805662272	      0.00000000000000122684	     -0.00000000000000058160	     -0.02643853282920705441	      0.06074296705791892154	     -0.04111677642406931510	      0.54439216822023872577	      0.54439216822023939191	     -0.39198595994759155570	     -0.00000000000000167383	     -0.00000000000001329180	      0.12279994052304134267	      0.03402421165211764326	     -0.11929653627810539451	     -0.88361661484744802308	     -0.28537711501523088664	     -0.23104743125212015564	      1.81876084419520211988	      1.38022116056822752306	      0.00000000000000063763	     -0.00000000000000072981	     -0.51977354885467563772	     -0.23997978600922606485	     -0.12273994238964551495	      2.34480628008935410023	      1.30642962828280917442	     -0.00000000000000346689	     -0.00000000000000176010
      3.35499999999999998224	     -0.25251707790550942390	     -0.03246948277463430899	     -0.02061475442000338526	      0.97400708993863582830	      1.06172522414361569787	     -0.33341758807032739753	      0.70358884820406997207	      0.04260648348435271127	      0.01875942595487956402	      0.30086427525335446287	      0.30086427525335174282	      0.01077032713584989178	      0.00000000000000124189	     -0.00000000000000057707	     -0.02228595857995536653	      0.06195561576214280580	     -0.03557387073020925466	      0.57555311505874140465	      0.57555311505874207079	     -0.37959212731000413488	     -0.00000000000000172702	     -0.00000000000001339278	      0.11937590129249203708	      0.03396990903170634540	     -0.11435543765937275507	     -0.88300625299376589439	     -0.28587010200488383038	     -0.23236792649237431041	      1.82157738215540176974	      1.37939130448446767296	      0.00000000000000064286	     -0.00000000000000074468	     -0.52105904287825266508	     -0.24078735724921468409	     -0.11894967928108454713	      2.34125763137826758964	      1.30520318104610622001	     -0.00000000000000348844	     -0.00000000000000177937
      3.35899999999999998579	     -0.24963970469683238740	     -0.03195727848829918449	     -0.02308088886826282354	      0.97413503591842043328	      1.06079492879366221736	     -0.33341537445137470197	      0.69843459150128883728	      0.04464848030110488142	      0.01702023123497217738	      0.29390176789115596279	      0.29390176789115324274	      0.01521651894344322291	      0.00000000000000125788	     -0.00000000000000057250	     -0.01752155846112667462	      0.06261265302393931309	     -0.03029889201700316712	      0.60814480971528306341	      0.60814480971528372955	     -0.36739163273767433404	     -0.00000000000000178065	     -0.00000000000001349383	      0.11567958409753854865	      0.03468814940773635308	     -0.10931584584253171977	     -0.88190582165028463812	     -0.28672990596110964345	     -0.23384947985870105369	      1.82422717012540291925	      1.37865285646330315572	      0.00000000000000064846	     -0.00000000000000075983	     -0.52218842842152290995	     -0.24130909507056919061	     -0.11495902039804940797	      2.33662144047457109863	      1.30412031193257949013	     -0.00000000000000350991	     -0.00000000000000179905
      3.36299999999999998934	     -0.24647121854765247084	     -0.03192356664284203699	     -0.02531129175578434795	      0.97423600404737598080	      1.05973978160463566667	     -0.33346801269469433793	      0.69321280362601001013	      0.04673050731815278636	      0.01405490926551371429	      0.28933971292884502757	      0.28933971292884230753	      0.01965708186045886374	      0.00000000000000127435	     -0.00000000000000056790	     -0.01225039993591816451	      0.06281242661026814611	     -0.02531447337387286375	      0.64198015503793670611	      0.64198015503793726122	     -0.35583461803784410815	     -0.00000000000000183426	     -0.00000000000001359501	      0.11161213684555512660	      0.03602407783714540318	     -0.10426961680298343915	     -0.88030870508281622300	     -0.28784547003523491826	     -0.23546476794973431046	      1.82676483125883382108	      1.37796766099043255238	      0.00000000000000065456	     -0.00000000000000077519	     -0.52312925034415669323	     -0.24163111163321557284	     -0.11081616468208799198	      2.33100527405929858205	      1.30316586747708673677	     -0.00000000000000353094	     -0.00000000000000181944
      3.36699999999999999289	     -0.24296024847689726145	     -0.03222106435191725293	     -0.02723242971695911258	      0.97431180212354018266	      1.05856691208583808539	     -0.33357015986403559804	      0.68768757600666030605	      0.04873190226689365356	      0.01019976758006156843	      0.28670517159048802824	      0.28670517159048530820	      0.02361751300636998410	      0.00000000000000129076	     -0.00000000000000056352	     -0.00654255814207487917	      0.06269412878846117310	     -0.02064048348769732810	      0.67688232027443306915	      0.67688232027443373529	     -0.34525567311336641252	     -0.00000000000000188749	     -0.00000000000001369579	      0.10711447349049556255	      0.03775816995519658964	     -0.09929965033546583886	     -0.87820771679311426805	     -0.28910834239583665939	     -0.23715230270308443328	      1.82922513122985086476	      1.37730769855763912624	      0.00000000000000066055	     -0.00000000000000079104	     -0.52388419611950332033	     -0.24184845857526982016	     -0.10658610898106767040	      2.32453543949055196904	      1.30232181341278541176	     -0.00000000000000355217	     -0.00000000000000183963
      3.37099999999999999645	     -0.23909315765526584219	     -0.03267641532992321407	     -0.02878700111485961097	      0.97436417695836452513	      1.05727929972000200820	     -0.33371311953207644097	      0.68168192975105712517	      0.05051619031531884296	      0.00579311374232840699	      0.28555184220395157801	      0.28555184220394885797	      0.02662198994379320893	      0.00000000000000130754	     -0.00000000000000056038	     -0.00042816243455584047	      0.06241221829137889171	     -0.01630053866935542509	      0.71268670239571274561	      0.71268670239571330072	     -0.33585689904631355063	     -0.00000000000000194030	     -0.00000000000001379631	      0.10217773975360512628	      0.03963549116341454764	     -0.09447529869019666293	     -0.87559527745552678812	     -0.29042535045696027396	     -0.23882285084881318959	      1.83161603395230487834	      1.37665746142559042298	      0.00000000000000066639	     -0.00000000000000080682	     -0.52449117739498063440	     -0.24205392421503735267	     -0.10234474852196974448	      2.31734448278487059625	      1.30157046639106499519	     -0.00000000000000357342	     -0.00000000000000185930
      3.37500000000000000000	     -0.23489816341412669831	     -0.03311480793717954535	     -0.02993788149582519639	      0.97439475346864745653	      1.05587544123065768531	     -0.33388561839934699504	      0.67509822672803021515	      0.05195195657601143352	      0.00113798646793990461	      0.28550464212818943421	      0.28550464212818676968	      0.02823427802843262238	      0.00000000000000132496	     -0.00000000000000055733	      0.00610273303541396944	      0.06210853598970469264	     -0.01232637529638177555	      0.74924159720886596148	      0.74924159720886673863	     -0.32770214327153790457	     -0.00000000000000199347	     -0.00000000000001389712	      0.09684717557016117584	      0.04139943222951480983	     -0.08984906797483595275	     -0.87246405100303114910	     -0.29172894788003933542	     -0.24036899122349619784	      1.83391459744632889795	      1.37601428627924615711	      0.00000000000000067167	     -0.00000000000000082254	     -0.52501732137570578107	     -0.24232764795075822928	     -0.09817129886449725562	      2.30955725810438794454	      1.30089731887890946993	     -0.00000000000000359497	     -0.00000000000000187819
      3.37900000000000000355	     -0.23044515336413684548	     -0.03338465389121425542	     -0.03067057220020701774	      0.97440485205338278618	      1.05434946634530080090	     -0.33407481922440396271	      0.66793149045886868187	      0.05293291058136851551	     -0.00352803830057665888	      0.28629854040964131112	      0.28629854040963859108	      0.02810150125929026729	      0.00000000000000134290	     -0.00000000000000055429	      0.01309613033896982713	      0.06188621564104194311	     -0.00875938672206742590	      0.78640781648435531537	      0.78640781648435598150	     -0.32072212677350514509	     -0.00000000000000204669	     -0.00000000000001399816	      0.09121942878302170821	      0.04282551104294023137	     -0.08545430429512484993	     -0.86880773498421604017	     -0.29298422429251963495	     -0.24167676352339256818	      1.83606637757937307676	      1.37538677481761051347	      0.00000000000000067633	     -0.00000000000000083826	     -0.52554808041890421766	     -0.24272877067692666397	     -0.09413984252162641009	      2.30127726494315343331	      1.30029317354628171088	     -0.00000000000000361690	     -0.00000000000000189655
      3.38300000000000000711	     -0.22584161769169930345	     -0.03337923461856045354	     -0.03099428430700340228	      0.97439507764911470478	      1.05269183121860487873	     -0.33426752777397983341	      0.66027477632159736753	      0.05339460725844335370	     -0.00805497757468370476	      0.28780679871421732674	      0.28780679871421460669	      0.02596541264962161366	      0.00000000000000136127	     -0.00000000000000055122	      0.02062700581070372324	      0.06178891697788614634	     -0.00564931026743181307	      0.82405779822373403931	      0.82405779822373470545	     -0.31472956442733662774	     -0.00000000000000210010	     -0.00000000000001409939	      0.08543396843086122072	      0.04375137560243094748	     -0.08130338413846223411	     -0.86462156320473426696	     -0.29419232866384836811	     -0.24263828510757984303	      1.83798855766995417049	      1.37479158426741721044	      0.00000000000000068110	     -0.00000000000000085400	     -0.52617324582054225690	     -0.24328975162636320984	     -0.09031087073755234007	      2.29257477177110224886	      1.29975547639452337911	     -0.00000000000000363884	     -0.00000000000000191540
      3.38700000000000001066	     -0.22122592188298267901	     -0.03305217788084860442	     -0.03094071182340497536	      0.97436414094455081614	      1.05089183724506862738	     -0.33445162643249920498	      0.65231441397969602836	      0.05332802058214562713	     -0.01238434320856034339	      0.29005831425820710612	      0.29005831425820438607	      0.02173826056882089547	      0.00000000000000137931	     -0.00000000000000054883	      0.02878864531504874910	      0.06178818383889006505	     -0.00305013255149789173	      0.86207525688861008639	      0.86207525688861064150	     -0.30944239529021860813	     -0.00000000000000215365	     -0.00000000000001420151	      0.07965842474710627119	      0.04409910286402771162	     -0.07738674297600224572	     -0.85990266310750596013	     -0.29539168215356814695	     -0.24316402310655516050	      1.83957746404545674501	      1.37424919186577465524	      0.00000000000000068560	     -0.00000000000000086979	     -0.52697352815585807306	     -0.24401417432752769976	     -0.08672439727612023253	      2.28347943006269638033	      1.29928844390008291221	     -0.00000000000000366113	     -0.00000000000000193430
      3.39100000000000001421	     -0.21675168517746626340	     -0.03242476362732747003	     -0.03055924142425693601	      0.97430940600705384647	      1.04893738184581319928	     -0.33461712578104579885	      0.64431315947049394577	      0.05278277777571741686	     -0.01653968966070961527	      0.29323112475608154037	      0.29323112475607882033	      0.01558102992409969925	      0.00000000000000139683	     -0.00000000000000054642	      0.03768100957830192860	      0.06178256891870137490	     -0.00101147187682076823	      0.90035430132923999214	      0.90035430132924065827	     -0.30451318342791550142	     -0.00000000000000220732	     -0.00000000000001430399	      0.07407062998241328855	      0.04388525672512834375	     -0.07367540323794323498	     -0.85464683211342284963	     -0.29665186475423405144	     -0.24319242841441920944	      1.84071677807212696898	      1.37377922893091430900	      0.00000000000000069038	     -0.00000000000000088563	     -0.52800680644200326253	     -0.24487734669379798702	     -0.08339505714774972378	      2.27397588910518644312	      1.29890193877529069866	     -0.00000000000000368351	     -0.00000000000000195383
      3.39500000000000001776	     -0.21257535659819207230	     -0.03158583607724917836	     -0.02991516219930479351	      0.97422610162902589792	      1.04681704469676661873	     -0.33475709659608565705	      0.63659249934594019926	      0.05186557890941298488	     -0.02061907670884200253	      0.29763751630723256358	      0.29763751630722978803	      0.00779380797779828747	      0.00000000000000141494	     -0.00000000000000054409	      0.04740224337038900781	      0.06160419444631905911	      0.00042692646392736245	      0.93880068945651662382	      0.93880068945651728995	     -0.29956217602790841115	     -0.00000000000000226086	     -0.00000000000001440635	      0.06884103346138813195	      0.04322259403378095333	     -0.07012082937967549501	     -0.84884819791199872530	     -0.29806503365720748988	     -0.24269700300531862891	      1.84128723898503232626	      1.37339572745201388138	      0.00000000000000069497	     -0.00000000000000090144	     -0.52929568142563410138	     -0.24582956617612097827	     -0.08030911417557143328	      2.26400414796187998689	      1.29861037571382897937	     -0.00000000000000370617	     -0.00000000000000197405
      3.39900000000000002132	     -0.20884057520435125865	     -0.03068162173210176036	     -0.02908321393171687044	      0.97410696172504973589	      1.04452237043620810297	     -0.33486844167950352569	      0.62950222797281896181	      0.05073058059502535272	     -0.02476601582308394708	      0.30368873606227847484	      0.30368873606227575479	     -0.00114792965118389566	      0.00000000000000143248	     -0.00000000000000054171	      0.05803756742327814688	      0.06103672764876531126	      0.00124436899528149289	      0.97733224698097376226	      0.97733224698097453942	     -0.29421123138048643764	     -0.00000000000000231429	     -0.00000000000001450836	      0.06411335876453379268	      0.04230772073172126696	     -0.06665910189221600779	     -0.84249875470673685207	     -0.29973462239253284567	     -0.24168908198063862591	      1.84117774752578244879	      1.37310333763794956141	      0.00000000000000070039	     -0.00000000000000091737	     -0.53082056609769179278	     -0.24680267801999997146	     -0.07742526208855421421	      2.25346654522016454081	      1.29843029583251845516	     -0.00000000000000372905	     -0.00000000000000199485
      3.40300000000000002487	     -0.20566377864855930890	     -0.02989851202156000240	     -0.02814166234819917567	      0.97394226009121342980	      1.04204978486925314840	     -0.33495214832843234198	      0.62338845827936972821	      0.04956375226464683481	     -0.02913850424132151395	      0.31184828852361151652	      0.31184828852360885199	     -0.01061932294236873041	      0.00000000000000144848	     -0.00000000000000054077	      0.06965138217033157997	      0.05984048412537473771	      0.00144662193383260970	      1.01587879072030640160	      1.01587879072030706773	     -0.28811590632833339320	     -0.00000000000000236758	     -0.00000000000001461122	      0.05998909356807750198	      0.04139908086811687482	     -0.06321529120159548321	     -0.83558809812274947859	     -0.30176212344320468839	     -0.24021634757633850143	      1.84029531972953841468	      1.37289481417983227907	      0.00000000000000070626	     -0.00000000000000093359	     -0.53251738297642048359	     -0.24771797628759201215	     -0.07467813411160272030	      2.24223874200323480821	      1.29837791084791853713	     -0.00000000000000375210	     -0.00000000000000201616
      3.40700000000000002842	     -0.20312241693822655209	     -0.02944073631470339389	     -0.02716666156899147019	      0.97372023494818837897	      1.03940222976110763220	     -0.33501304045962310152	      0.61856151640147649662	      0.04856314875419141114	     -0.03387670265773879558	      0.32257778647900037239	      0.32257778647899765234	     -0.01988788300031166245	      0.00000000000000146387	     -0.00000000000000054097	      0.08228213962376015878	      0.05778187725345609871	      0.00107156501959064965	      1.05438107460425301021	      1.05438107460425367634	     -0.28099297767619280108	     -0.00000000000000242195	     -0.00000000000001471488	      0.05651678725790829083	      0.04078753231988570954	     -0.05970850717951085851	     -0.82810389535453787779	     -0.30423346666795103577	     -0.23835738790304628054	      1.83857279484545954595	      1.37275019274685416981	      0.00000000000000071249	     -0.00000000000000095015	     -0.53428042515218499009	     -0.24849505537048433013	     -0.07198425895870577684	      2.23018367766816760778	      1.29846676034121988330	     -0.00000000000000377521	     -0.00000000000000203812
      3.41100000000000003197	     -0.20124738724358720576	     -0.02950563101539966510	     -0.02622739985927025758	      0.97342787167241506818	      1.03659028483015669408	     -0.33505905235935828923	      0.61526669804713851608	      0.04791763251818904890	     -0.03907315406381901834	      0.33628098049101551315	      0.33628098049101279310	     -0.02816547244096716945	      0.00000000000000147688	     -0.00000000000000054140	      0.09594022559091436309	      0.05466375781391039079	      0.00019228075252239146	      1.09278851519331166031	      1.09278851519331254849	     -0.27264114293100671915	     -0.00000000000000247578	     -0.00000000000001481809	      0.05368726853707643520	      0.04076290005225115948	     -0.05605717473011319341	     -0.82003269502713127537	     -0.30720675426843990774	     -0.23621302019639284220	      1.83597318278517240842	      1.37263784791438103738	      0.00000000000000071900	     -0.00000000000000096705	     -0.53597032112362774647	     -0.24906070033816241072	     -0.06924986329681870334	      2.21716662893038440885	      1.29870578725160834566	     -0.00000000000000379860	     -0.00000000000000206054
      3.41500000000000003553	     -0.20002069982446446517	     -0.03025935946096082810	     -0.02538218075604437712	      0.97305190562511645336	      1.03363256732780328662	     -0.33510015749557292564	      0.61366016576152115913	      0.04778654246656942328	     -0.04474931569972958462	      0.35325143530844205220	      0.35325143530843933215	     -0.03466709929699541420	      0.00000000000000148617	     -0.00000000000000054426	      0.11060847060828410404	      0.05035314207646286733	     -0.00108310787278295098	      1.13105560136090743661	      1.13105560136090810275	     -0.26295367983566231285	     -0.00000000000000252928	     -0.00000000000001492252	      0.05143485660414063437	      0.04158028086743103396	     -0.05218412702686348742	     -0.81136050138969406653	     -0.31070299161049863557	     -0.23389535352478374453	      1.83249040503713911399	      1.37251727616589858094	      0.00000000000000072555	     -0.00000000000000098382	     -0.53742625504991292651	     -0.24935672405394751494	     -0.06637981564422446024	      2.20306952873106531854	      1.29909803266197010352	     -0.00000000000000382261	     -0.00000000000000208223
      3.41900000000000003908	     -0.19937869245195405377	     -0.03181594455674610633	     -0.02467538566109410414	      0.97257987401813361661	      1.03055524125040087746	     -0.33514715077362500217	      0.61379182802983567324	      0.04828269170401899152	     -0.05084184057880570401	      0.37362904484078901524	      0.37362904484078635070	     -0.03867291723334841808	      0.00000000000000149815	     -0.00000000000000055015	      0.12624461201763559348	      0.04480287376503833130	     -0.00261540431973666596	      1.16913698637333673958	      1.16913698637333762775	     -0.25192263619865845614	     -0.00000000000000258249	     -0.00000000000001502628	      0.04964404634960695867	      0.04343003538655910989	     -0.04802120962851027380	     -0.80207261350715952641	     -0.31470112961763546666	     -0.23151572069754641769	      1.82814671078947377225	      1.37234320780756924307	      0.00000000000000073282	     -0.00000000000000100047	     -0.53848110464812148912	     -0.24934560757434895417	     -0.06328690169102357821	      2.18780287285316532575	      1.29964007263637326695	     -0.00000000000000384670	     -0.00000000000000210352
      3.42300000000000004263	     -0.19922028162972965637	     -0.03422193986009932493	     -0.02413534197273463702	      0.97200108367572468637	      1.02739058985130538026	     -0.33521047241441892517	      0.61559664531674440635	      0.04946063569378329056	     -0.05720054367513212334	      0.39736975738766233679	      0.39736975738765967225	     -0.03958825909907664337	      0.00000000000000151019	     -0.00000000000000055596	      0.14278507413932992054	      0.03806454766504745180	     -0.00424207216990675050	      1.20698135896347324980	      1.20698135896347413798	     -0.23963483513984909501	     -0.00000000000000263537	     -0.00000000000001512956	      0.04816082714997004660	      0.04641480516896549086	     -0.04351308985924995376	     -0.79215243851727812352	     -0.31913811881783182844	     -0.22917274000585505234	      1.82298722903797694173	      1.37207055009354172981	      0.00000000000000074097	     -0.00000000000000101702	     -0.53897808500453736613	     -0.24901324208252287318	     -0.05990054165698760480	      2.17131399640653599548	      1.30032223031402627278	     -0.00000000000000387079	     -0.00000000000000212620
      3.42700000000000004619	     -0.19941881191409194241	     -0.03744844955508278006	     -0.02377324640837241709	      0.97130743548195708215	      1.02417477650690713631	     -0.33529921690481073737	      0.61889537848466624759	      0.05131149465050494074	     -0.06359804044176511906	      0.42423192942468029853	      0.42423192942467752298	     -0.03699476847907186977	      0.00000000000000152484	     -0.00000000000000055985	      0.16014954342190307335	      0.03029102925469061292	     -0.00578775902632702906	      1.24452443574854898500	      1.24452443574854987318	     -0.22626071335691802511	     -0.00000000000000268909	     -0.00000000000001523351	      0.04680742386237611574	      0.05053612197234821218	     -0.03861998158787165181	     -0.78157938420016537240	     -0.32391388621930983227	     -0.22694194149725532839	      1.81707234859674060523	      1.37165955683561890943	      0.00000000000000074932	     -0.00000000000000103385	     -0.53878730001662666904	     -0.24836872518607938654	     -0.05617398814011958369	      2.15359104570290682545	      1.30112947309938498108	     -0.00000000000000389502	     -0.00000000000000214900
      3.43100000000000004974	     -0.19983569810536835898	     -0.04139161411812268543	     -0.02358334483223311837	      0.97049410301921867905	      1.02094516113714650629	     -0.33542040119309579627	      0.62340527729094508125	      0.05376496877391308271	     -0.06974999484457275467	      0.45378144357841504464	      0.45378144357841238010	     -0.03068581723146072623	      0.00000000000000153805	     -0.00000000000000056621	      0.17824596922682969802	      0.02172772567265006741	     -0.00707653230955883252	      1.28168164150361785225	      1.28168164150361874043	     -0.21203738967531371440	     -0.00000000000000274337	     -0.00000000000001533810	      0.04539917609779288432	      0.05569233587536401991	     -0.03331918102413484323	     -0.77032681866862007247	     -0.32890035309794590779	     -0.22486824421747750313	      1.81046873910729555490	      1.37108059905257984035	      0.00000000000000075801	     -0.00000000000000105078	     -0.53782032639085675108	     -0.24744162713185718916	     -0.05208909354096173672	      2.13466253897287749908	      1.30204287518140149338	     -0.00000000000000391958	     -0.00000000000000217176
      3.43500000000000005329	     -0.20033398776224434212	     -0.04588146644430770443	     -0.02354433924344279463	      0.96956007060464033387	      1.01773775699296575858	     -0.33557850427213131717	      0.62875973608406821036	      0.05669794609704403160	     -0.07534352741399338860	      0.48541497480679263177	      0.48541497480678996723	     -0.02068276950084548677	      0.00000000000000156364	     -0.00000000000000056687	      0.19697570658322105519	      0.01269337616768283911	     -0.00794454611537618281	      1.31834162935886189949	      1.31834162935886278767	     -0.19724777029022227959	     -0.00000000000000279829	     -0.00000000000001544221	      0.04376196445332282414	      0.06168789020027095477	     -0.02760561136999432202	     -0.75836166096314039375	     -0.33395284401582914224	     -0.22296204525380222683	      1.80324002605005495603	      1.37031794914321425338	      0.00000000000000076640	     -0.00000000000000106758	     -0.53604082787717344250	     -0.24627754444914090604	     -0.04765803965142431653	      2.11459313055067044118	      1.30304144982186143054	     -0.00000000000000394420	     -0.00000000000000219507
      3.43900000000000005684	     -0.20079031397286403737	     -0.05069816159451062676	     -0.02362179549700575698	      0.96850846713116767184	      1.01458540618048576043	     -0.33577525470954416864	      0.63453481913056553054	      0.05994829931205269968	     -0.08007044003293144196	      0.51839901840034807723	      0.51839901840034541269	     -0.00723099859709660717	      0.00000000000000160000	     -0.00000000000000056124	      0.21623845718983789044	      0.00355241248241519505	     -0.00825180183112145596	      1.35436215590653352692	      1.35436215590653419305	     -0.18219765893399517132	     -0.00000000000000285377	     -0.00000000000001554601	      0.04174823749477597767	      0.06825269150518742389	     -0.02149166938284361589	     -0.74564692758608941414	     -0.33892210763987590250	     -0.22119930646387594986	      1.79543832355874100060	      1.36937204982767535277	      0.00000000000000077472	     -0.00000000000000108399	     -0.53346930221566535302	     -0.24493294258224693194	     -0.04292174941825441237	      2.09347652241866155620	      1.30410409524105741497	     -0.00000000000000396894	     -0.00000000000000221866
      3.44300000000000006040	     -0.20110441190439262704	     -0.05559383029508951912	     -0.02377133951220081545	      0.96734661267364074888	      1.01151694822734716794	     -0.33600961392367517666	      0.64028020938653440464	      0.06333213334475357170	     -0.08366142337995330358	      0.55192106206021518400	      0.55192106206021251946	      0.00922377658943247455	      0.00000000000000164275	     -0.00000000000000056055	      0.23593681764382642974	     -0.00531812173015274586	     -0.00789197006083109352	      1.38956945383307428621	      1.38956945383307517439	     -0.16719265216320591816	     -0.00000000000000290917	     -0.00000000000001564987	      0.03925000838416131677	      0.07506929274949138142	     -0.01500648792393054556	     -0.73214771177468795926	     -0.34366558709592115450	     -0.21952558962573756607	      1.78709795104893287565	      1.36825993387489419639	      0.00000000000000078320	     -0.00000000000000110051	     -0.53018096794175373354	     -0.24347016760590334261	     -0.03794516603032799945	      2.07142673140878086357	      1.30521142401934953092	     -0.00000000000000399357	     -0.00000000000000224311
      3.44700000000000006395	     -0.20120583599860261681	     -0.06031733372364087020	     -0.02394239602417210996	      0.96608576014725588976	      1.00855724397658508273	     -0.33627790549664382524	      0.64555181923251081511	      0.06666228246970205829	     -0.08591684634498474027	      0.58514747800658684085	      0.58514747800658417631	      0.02807613248452933696	      0.00000000000000168919	     -0.00000000000000055621	      0.25598051967186924438	     -0.01356302209726363214	     -0.00679937303218794507	      1.42376158115362771994	      1.42376158115362838608	     -0.15251642543841464894	     -0.00000000000000296393	     -0.00000000000001575342	      0.03620783668576778996	      0.08180438440822418444	     -0.00819451917919986061	     -0.71783995966515601328	     -0.34805705959763522106	     -0.21786341850639195927	      1.77823279228018593656	      1.36701371365418578030	      0.00000000000000079146	     -0.00000000000000111689	     -0.52629730635389337934	     -0.24195320635220646244	     -0.03281013240625813010	      2.04856935362064929151	      1.30634727616615031742	     -0.00000000000000401822	     -0.00000000000000226745
      3.45100000000000006750	     -0.20105758699371734100	     -0.06463893781922259996	     -0.02408217595139591424	      0.96474057096901622010	      1.00572766801554713822	     -0.33657407908582887002	      0.64994324695756133803	      0.06976595550138732504	     -0.08673011974087214970	      0.61728221924388892994	      0.61728221924388626540	      0.04861488726292880619	      0.00000000000000173688	     -0.00000000000000054279	      0.27629041655531322297	     -0.02088059805003230490	     -0.00495251080316891357	      1.45671577532144835843	      1.45671577532144946865	     -0.13841189688182584105	     -0.00000000000000301859	     -0.00000000000001585662	      0.03261519022214891261	      0.08814084474186567597	     -0.00111324206751735820	     -0.70272028941285491488	     -0.35199420054365865296	     -0.21612208256317064214	      1.76883834325048883152	      1.36567727682340889217	      0.00000000000000079944	     -0.00000000000000113288	     -0.52197273509901731536	     -0.24044439755679028470	     -0.02760683395791148353	      2.02503420718446358606	      1.30749973991899182124	     -0.00000000000000404305	     -0.00000000000000229144
      3.45500000000000007105	     -0.20065644576905314334	     -0.06837196868883002598	     -0.02413955748524365674	      0.96332839372678158441	      1.00304667331481267567	     -0.33689011741421936996	      0.65311302272989801843	      0.07249969235497784326	     -0.08610120544440956480	      0.64762047318607607327	      0.64762047318607340873	      0.07008477740734474215	      0.00000000000000178211	     -0.00000000000000052092	      0.29680170471997674442	     -0.02704790900523115771	     -0.00237399195622000183	      1.48819901125986531198	      1.48819901125986597812	     -0.12506701220876892400	     -0.00000000000000307330	     -0.00000000000001595985	      0.02851780862614218884	      0.09380666529569192669	      0.00617003816941177809	     -0.68681442568509021296	     -0.35540396836348070453	     -0.21420876408602654295	      1.75889831744317204354	      1.36430169251844168876	      0.00000000000000080724	     -0.00000000000000114839	     -0.51737853817110290855	     -0.23900206797563236516	     -0.02242490680515194304	      2.00095005579151852260	      1.30866156275939049536	     -0.00000000000000406793	     -0.00000000000000231575
      3.45900000000000007461	     -0.20003008064001848165	     -0.07138867872562731920	     -0.02406850358416534955	      0.96186837943149061658	      1.00053020958233851445	     -0.33721660300339334482	      0.65480456917791152183	      0.07475998723616655850	     -0.08413901416806481015	      0.67559175928765491381	      0.67559175928765224928	      0.09174844693692690845	      0.00000000000000184073	     -0.00000000000000050011	      0.31746554535150739440	     -0.03193649897208705735	      0.00087305985924872938	      1.51798048529574014509	      1.51798048529574125531	     -0.11260690619501505239	     -0.00000000000000312707	     -0.00000000000001606396	      0.02400788520431251793	      0.09859730236018245109	      0.01358216874644137262	     -0.67018192308209734165	     -0.35824587017365128183	     -0.21203970078635286933	      1.74839493464242523579	      1.36294005796842121470	      0.00000000000000081543	     -0.00000000000000116319	     -0.51268649816039757461	     -0.23767905063236574592	     -0.01734535323704347598	      1.97644179186514068469	      1.30982987812719042786	     -0.00000000000000409287	     -0.00000000000000234025
      3.46300000000000007816	     -0.19923162303923735994	     -0.07362855079510029210	     -0.02383073873619849167	      0.96038042154532898831	      0.99819191949014951515	     -0.33754345201164664969	      0.65485692939479689390	      0.07648874995500767882	     -0.08105249866204830567	      0.70078844903520542964	      0.70078844903520276510	      0.11294222719441508740	      0.00000000000000189669	     -0.00000000000000048139	      0.33824873073884242913	     -0.03551714061985279669	      0.00469166808278437611	      1.54584479780741834709	      1.54584479780741923527	     -0.10109309060683140113	     -0.00000000000000318054	     -0.00000000000001616761	      0.01921365578429433396	      0.10238924334839923092	      0.02104871539953852289	     -0.65291591584033670248	     -0.36051325672333944805	     -0.20955014763175755510	      1.73732185552197959666	      1.36164243726705658233	      0.00000000000000082377	     -0.00000000000000117818	     -0.50805461294157494567	     -0.23652194160392570055	     -0.01243414137709233230	      1.95163042005532361145	      1.31100527526297239156	     -0.00000000000000411771	     -0.00000000000000236538
      3.46700000000000008171	     -0.19833288943026705642	     -0.07509865142662819348	     -0.02339757878080214737	      0.95888397700351069020	      0.99604310953132346729	     -0.33786077307482725862	      0.65320593019733041995	      0.07767385607093645061	     -0.07713152343658360999	      0.72297734642671540595	      0.72297734642671274141	      0.13312101987160337990	      0.00000000000000196303	     -0.00000000000000047183	      0.35913186820422565715	     -0.03785411126335870569	      0.00895953455767203172	      1.57160462853160298735	      1.57160462853160387553	     -0.09052900153430167018	     -0.00000000000000323315	     -0.00000000000001627017	      0.01428619622211656573	      0.10514416963906993152	      0.02849881813879096351	     -0.63513823555583803770	     -0.36223265140187055344	     -0.20670204531319077979	      1.72569855251143433605	      1.36045138790605157908	      0.00000000000000083173	     -0.00000000000000119374	     -0.50361699631619849526	     -0.23557076845399491094	     -0.00773797175311810581	      1.92663619505689776013	      1.31219041191038021665	     -0.00000000000000414229	     -0.00000000000000239074
      3.47100000000000008527	     -0.19741712840311612109	     -0.07586640390143065127	     -0.02275093599919274234	      0.95739692717603297467	      0.99409257314735821609	     -0.33815976166221539678	      0.64987635283031142119	      0.07834520206135671405	     -0.07271938965068892868	      0.74209324436203083497	      0.74209324436202805941	      0.15188875529288800581	      0.00000000000000204621	     -0.00000000000000047602	      0.38010679408421849113	     -0.03909034103937771010	      0.01353841925312777514	      1.59511169419062848185	      1.59511169419062937003	     -0.08087060073033169871	     -0.00000000000000328509	     -0.00000000000001637273	      0.00938556240992479036	      0.10690387726714133121	      0.03586989877955039374	     -0.61699119139310154569	     -0.36346086112597192352	     -0.20348847361059652084	      1.71358469949457847825	      1.35939849605989282466	      0.00000000000000083862	     -0.00000000000000121113	     -0.49947939838037597182	     -0.23485881176847461793	     -0.00328249565067201092	      1.90158499741785713688	      1.31338840421927827151	     -0.00000000000000416688	     -0.00000000000000241534
      3.47500000000000008882	     -0.19657187846256984898	     -0.07604599807706013959	     -0.02188373049137069468	      0.95593464367556757466	      0.99234639293789805858	     -0.33843350479641542972	      0.64496693366498092370	      0.07856677062406057510	     -0.06818001640902744687	      0.75821643762875090555	      0.75821643762874801897	      0.16901257096632499310	      0.00000000000000215484	     -0.00000000000000045048	      0.40117372996374606187	     -0.03942553430266313580	      0.01828367986536503023	      1.61626485892549864865	      1.61626485892549953682	     -0.07204001386919171857	     -0.00000000000000333902	     -0.00000000000001647580	      0.00466803417998837636	      0.10777702147407905442	      0.04311175458037537489	     -0.59862757306661040779	     -0.36427977228377206309	     -0.19993443025486118403	      1.70109268698313953472	      1.35850224770331595714	      0.00000000000000084530	     -0.00000000000000122872	     -0.49572040593830440924	     -0.23441254363708360908	      0.00092687481246619366	      1.87661698040672675347	      1.31460122240425913986	     -0.00000000000000419189	     -0.00000000000000243935
      3.47900000000000009237	     -0.19588251983046350846	     -0.07578028604753256348	     -0.02080001842958012145	      0.95450937087580278728	      0.99080786142610544065	     -0.33867755194805992947	      0.63863059191477156151	      0.07842541145803130775	     -0.06386341088408024891	      0.77153811136732164400	      0.77153811136731886844	      0.18441996347799977096	      0.00000000000000227143	     -0.00000000000000043575	      0.42233840772682246234	     -0.03908987413560746638	      0.02305346969013716274	      1.63501437012801598136	      1.63501437012801686954	     -0.06393988840083872360	     -0.00000000000000339343	     -0.00000000000001657922	      0.00027573716634995358	      0.10791942062831234861	      0.05018958797614899575	     -0.58020053071036570280	     -0.36478903991986039168	     -0.19609388687098064374	      1.68839616403888514995	      1.35776746928938485404	      0.00000000000000085225	     -0.00000000000000124707	     -0.49239730214148985654	     -0.23425180364186989901	      0.00490157528164929506	      1.85189584500896575747	      1.31582832040334829493	     -0.00000000000000421653	     -0.00000000000000246381
      3.48300000000000009592	     -0.19542705926454029264	     -0.07522045726719657488	     -0.01951495160767250520	      0.95312998942393178936	      0.98947762180417087041	     -0.33889014449788523731	      0.63105215510383627642	      0.07801749298943093380	     -0.06007302269220656660	      0.78231812372536813083	      0.78231812372536535527	      0.19817959825845818389	      0.00000000000000237574	     -0.00000000000000042443	      0.44360916510915132660	     -0.03831618733525483239	      0.02771696325502146646	      1.65136150361855049695	      1.65136150361855138513	     -0.05646691038125773582	     -0.00000000000000344790	     -0.00000000000001668275	     -0.00367061350184547846	      0.10751027713024423338	      0.05708556418269272043	     -0.56185498197688310551	     -0.36509706896299559675	     -0.19204356211279116629	      1.67573310029917599273	      1.35718637882407300310	      0.00000000000000085979	     -0.00000000000000126553	     -0.48955492164561181800	     -0.23439031208466309941	      0.00866432824058570306	      1.82761720190860632584	      1.31706568452251171486	     -0.00000000000000424099	     -0.00000000000000248942
      3.48700000000000009948	     -0.19527246552886487474	     -0.07450626669078812270	     -0.01805441574483862555	      0.95180219636484253432	      0.98835406102030243236	     -0.33907207613170908811	      0.62242575464908800331	      0.07743526973775584354	     -0.05703856806531698576	      0.79084018160582292278	      0.79084018160582003620	      0.21046895508240529016	      0.00000000000000248738	     -0.00000000000000042827	      0.46499383331396931807	     -0.03731391365105045377	      0.03216058048395777080	      1.66535330271508841271	      1.66535330271508907884	     -0.04952394069316316816	     -0.00000000000000350234	     -0.00000000000001678706	     -0.00707558328272787397	      0.10672752374317433233	      0.06379858110739453081	     -0.54372191929333912874	     -0.36531090946874661407	     -0.18787444099186659252	      1.66340265331591008469	      1.35674102548761665865	      0.00000000000000086677	     -0.00000000000000128425	     -0.48723545915435007014	     -0.23483644713656531833	      0.01224231234678823006	      1.80401465671142013925	      1.31830541108121668259	     -0.00000000000000426570	     -0.00000000000000251493
      3.49100000000000010303	     -0.19547260733592952686	     -0.07374941290127902394	     -0.01645412438157605600	      0.95052912321342841739	      0.98743391179768380539	     -0.33922622231779159252	      0.61293394924802280244	      0.07675497154133960331	     -0.05489742513121007722	      0.79736927353233377769	      0.79736927353233100213	      0.22153294566332870641	      0.00000000000000260398	     -0.00000000000000045374	      0.48649630137993743473	     -0.03624801990425811915	      0.03629137213710493387	      1.67707257100773921010	      1.67707257100773965419	     -0.04303039184455421939	     -0.00000000000000355713	     -0.00000000000001689084	     -0.00986954076246486338	      0.10572553843035523147	      0.07034220708725073823	     -0.52591610994327642192	     -0.36552608485717569264	     -0.18368227799378211706	      1.65175563898958333020	      1.35640675826864209874	      0.00000000000000087384	     -0.00000000000000130270	     -0.48548756717403246386	     -0.23559402632052209303	      0.01566005268222474961	      1.78136237700480326573	      1.31953588005814315132	     -0.00000000000000429001	     -0.00000000000000254085
      3.49500000000000010658	     -0.19606754754384600470	     -0.07302197219745862333	     -0.01475806750206457539	      0.94931232657147723852	      0.98671295838216688256	     -0.33935683718064002523	      0.60273050464150801364	      0.07602827571135631346	     -0.05368623407692867805	      0.80211594499634919497	      0.80211594499634641942	      0.23163875452679791311	      0.00000000000000269636	     -0.00000000000000047630	      0.50811298469868526606	     -0.03522508423029029750	      0.04003770612509260224	      1.68662447689021655073	      1.68662447689021721686	     -0.03692983270905968868	     -0.00000000000000361217	     -0.00000000000001699555	     -0.01200638136705079947	      0.10461790262844418431	      0.07674119552233141239	     -0.50853643983368135295	     -0.36581771199411639017	     -0.17955834832104200505	      1.64117903238202322846	      1.35615620675210002410	      0.00000000000000088202	     -0.00000000000000132089	     -0.48437349665120615905	     -0.23666281431166405480	      0.01893291941307053902	      1.75997300907487685961	      1.32074247933153077206	     -0.00000000000000431438	     -0.00000000000000256828
      3.49900000000000011013	     -0.19708387195813953374	     -0.07235118781868413174	     -0.01301632337339938932	      0.94815297818532207064	      0.98618671464460805343	     -0.33946875229871098512	      0.59192857344069094161	      0.07527841687735002674	     -0.05334324577607435502	      0.80521170356442728355	      0.80521170356442428595	      0.24103222319517073058	      0.00000000000000277044	     -0.00000000000000051594	      0.52982959837943766068	     -0.03428804910343136170	      0.04334795177637264241	      1.69412186908083195469	      1.69412186908083262082	     -0.03119354707930806214	     -0.00000000000000366748	     -0.00000000000001710056	     -0.01345937766060293153	      0.10346732412330836293	      0.08302722018579923591	     -0.49166757481649542294	     -0.36623426802223918441	     -0.17558165066767053575	      1.63207538577588606721	      1.35596316786739778948	      0.00000000000000089004	     -0.00000000000000133977	     -0.48397326522045475139	     -0.23803856119496402677	      0.02206202783807157536	      1.74019000795227984923	      1.32190876576036409062	     -0.00000000000000433786	     -0.00000000000000259701
      3.50300000000000011369	     -0.19853568865726500814	     -0.07172086603489373491	     -0.01128226348009454816	      0.94705302070501107270	      0.98585097274666877443	     -0.33956661273985144778	      0.58059515435768849212	      0.07450126094747534788	     -0.05372088670953546058	      0.80669821582099709989	      0.80669821582099410229	      0.24990069724385910455	      0.00000000000000284837	     -0.00000000000000054591	      0.55161842046951481411	     -0.03341987041439663936	      0.04618786439186856052	      1.69967115202945762142	      1.69967115202945828756	     -0.02581947737624902539	     -0.00000000000000372187	     -0.00000000000001720591	     -0.01421630667922338040	      0.10228360476086727215	      0.08923439688369393108	     -0.47538180369038646189	     -0.36679479040478746299	     -0.17181335970548805570	      1.62483856101706058972	      1.35580590890834185025	      0.00000000000000089768	     -0.00000000000000136263	     -0.48438524280816847023	     -0.23971254517684592589	      0.02503107609818848792	      1.72237414653033971135	      1.32301791788582834286	     -0.00000000000000436203	     -0.00000000000000262607
      3.50700000000000011724	     -0.20042581862655256542	     -0.07107837229113678212	     -0.00960921831236120905	      0.94601603869939965286	      0.98570217045593599980	     -0.33965426314330321445	      0.56875170586765244618	      0.07367044868769191679	     -0.05460669146962667669	      0.80653098699743142053	      0.80653098699742853395	      0.25834610129156077019	      0.00000000000000292241	     -0.00000000000000056914	      0.57343600802608185596	     -0.03255456992493223345	      0.04853742324576191397	      1.70336017165680897456	      1.70336017165680941865	     -0.02082690150031723392	     -0.00000000000000377538	     -0.00000000000001731162	     -0.01427519748669246052	      0.10102893044855851268	      0.09539503521975298272	     -0.45974030979545926767	     -0.36748954206560197067	     -0.16829379645572367652	      1.61982781404126963132	      1.35566958125080683217	      0.00000000000000090682	     -0.00000000000000138535	     -0.48572289701609422385	     -0.24167082003557391334	      0.02780533248683283304	      1.70688485640495746232	      1.32405427339884318449	     -0.00000000000000438736	     -0.00000000000000265408
      3.51100000000000012079	     -0.20274673093701753301	     -0.07034576759055363726	     -0.00804671156967778391	      0.94504765447223126884	      0.98573755449142796969	     -0.33973435347679709073	      0.55638028324438981720	      0.07274520850252001736	     -0.05575019383555096519	      0.80459674446340057052	      0.80459674446339768394	      0.26637122869813373294	      0.00000000000000300904	     -0.00000000000000057688	      0.59522139637989657235	     -0.03159354721767058255	      0.05038768528794491941	      1.70524937597525738653	      1.70524937597525738653	     -0.01624763657292702806	     -0.00000000000000382890	     -0.00000000000001741631	     -0.01364176847416065895	      0.09962902630657835545	      0.10153590027403880391	     -0.44479359543392377185	     -0.36828368944110062566	     -0.16504195875201552179	      1.61734249954657083315	      1.35554754537578592277	      0.00000000000000091878	     -0.00000000000000140557	     -0.48810770016027760221	     -0.24389352313362078206	      0.03033279662451415781	      1.69405769570525199796	      1.32500474728941775027	     -0.00000000000000441139	     -0.00000000000000268526
      3.51500000000000012434	     -0.20548105911807512669	     -0.06943340698303709924	     -0.00663648078741940067	      0.94415540369925332609	      0.98595513823429270506	     -0.33980817205928343094	      0.54343392719472427554	      0.07167946865942186052	     -0.05689263679865967649	      0.80074133650904266712	      0.80074133650903989157	      0.27387977674379260229	      0.00000000000000310477	     -0.00000000000000059381	      0.61689521392803026156	     -0.03042462364126728713	      0.05173791878558816476	      1.70536735760299862363	      1.70536735760299884568	     -0.01211512512807089333	     -0.00000000000000388317	     -0.00000000000001751965	     -0.01232878188053486423	      0.09798819535297294270	      0.10767514923352625167	     -0.43058132648985897317	     -0.36912316125599231587	     -0.16205738369263836263	      1.61759989018784033910	      1.35544156941514382098	      0.00000000000000093503	     -0.00000000000000142696	     -0.49165888954096048646	     -0.24635463313077360370	      0.03254739471808014428	      1.68418025620706268697	      1.32585997672454403151	     -0.00000000000000443457	     -0.00000000000000271880
      3.51900000000000012790	     -0.20860171910926603167	     -0.06825420465408502113	     -0.00540856944342821104	      0.94334816092003126453	      0.98635348501121156151	     -0.33987567993851897086	      0.52984965908171643978	      0.07043098322310704928	     -0.05779599257481224384	      0.79480350517370801366	      0.79480350517370512708	      0.28068894776985275907	      0.00000000000000319641	     -0.00000000000000061461	      0.63836033976817896374	     -0.02894111158121652830	      0.05259311979539750548	      1.70371163887905718859	      1.70371163887905763268	     -0.00845315311997607566	     -0.00000000000000393794	     -0.00000000000001762212	     -0.01035698014694254841	      0.09600597898404229780	      0.11382003356138027661	     -0.41713208724013212114	     -0.36994169397676990307	     -0.15932392424999206049	      1.62071866444795009699	      1.35536097984223413704	      0.00000000000000095539	     -0.00000000000000145148	     -0.49648128756142245743	     -0.24902252655994788766	      0.03437392867080368147	      1.67746940301073910184	      1.32661506720806632309	     -0.00000000000000445600	     -0.00000000000000275731
      3.52300000000000013145	     -0.21207157887377350858	     -0.06673701059307929340	     -0.00437783593726762035	      0.94263524608826287920	      0.98693140978826465748	     -0.33993571083611601180	      0.51556222300556353577	      0.06896939792194284324	     -0.05826825741402359704	      0.78664972028922752756	      0.78664972028922464098	      0.28655175300238194813	      0.00000000000000330346	     -0.00000000000000061770	      0.65950417085942647510	     -0.02705867043888918189	      0.05296219756278668783	      1.70025455340392550596	      1.70025455340392550596	     -0.00526594189613979920	     -0.00000000000000399293	     -0.00000000000001772463	     -0.00775730476420608602	      0.09359342883071318508	      0.11996540395610388874	     -0.40446324951110990131	     -0.37066824224519118181	     -0.15681486188455615038	      1.62670983029872351366	      1.35532094853964824033	      0.00000000000000097871	     -0.00000000000000147684	     -0.50265250986555576329	     -0.25186143330631233228	      0.03573431740030084264	      1.67405223264192493104	      1.32726984363265043676	     -0.00000000000000447483	     -0.00000000000000279822
      3.52700000000000013500	     -0.21584253620462709455	     -0.06483785078376422262	     -0.00354133741842325642	      0.94202537656323825921	      0.98768773786720909236	     -0.33998629379901701419	      0.50051642161374709783	      0.06728252099098949723	     -0.05818257861399777492	      0.77620521168776190901	      0.77620521168775891141	      0.29118430546244866708	      0.00000000000000340204	     -0.00000000000000061685	      0.68020180372751481990	     -0.02472838485853348992	      0.05285744074202451681	      1.69495275790668276095	      1.69495275790668276095	     -0.00253120584532921366	     -0.00000000000000404813	     -0.00000000000001782795	     -0.00457426141217574193	      0.09068738083691173235	      0.12609305275241611266	     -0.39258069630590031185	     -0.37123417733473224045	     -0.15449853748883807247	      1.63547572502630544911	      1.35534021968497686572	      0.00000000000000100265	     -0.00000000000000150356	     -0.51021100341577962922	     -0.25483351130740156121	      0.03655446757762404603	      1.67395237061158552727	      1.32782855610197914054	     -0.00000000000000449320	     -0.00000000000000283827
      3.53100000000000013856	     -0.21985409109671755212	     -0.06254787168005242204	     -0.00287702826671750594	      0.94152561740586160344	      0.98862121155938009753	     -0.34002505847273667428	      0.48467625632072419695	      0.06538019182843007870	     -0.05748840480952289306	      0.76347707333420278264	      0.76347707333420000708	      0.29429376714014460203	      0.00000000000000350283	     -0.00000000000000062283	      0.70031942991910578478	     -0.02194483372209500224	      0.05229562225454242874	      1.68775858356634733681	      1.68775858356634733681	     -0.00019738717929313100	     -0.00000000000000410314	     -0.00000000000001793157	     -0.00087008936557625546	      0.08726127401071870349	      0.13217191886743198670	     -0.38147822182964374882	     -0.37157972125291710563	     -0.15234363170522061126	      1.64681712846829153563	      1.35543864352125997819	      0.00000000000000102434	     -0.00000000000000153061	     -0.51914631602631799989	     -0.25790118564117003874	      0.03677102366600256550	      1.67708287671573064159	      1.32829903593825515706	     -0.00000000000000451007	     -0.00000000000000288264
      3.53500000000000014211	     -0.22403216748972115679	     -0.05989683349140539903	     -0.00234409172735950983	      0.94114046608222690082	      0.98973051035587944479	     -0.34004967308699607376	      0.46803034963994583073	      0.06329504263235889716	     -0.05621408775679514330	      0.74856716031148573531	      0.74856716031148284873	      0.29560406507109576735	      0.00000000000000358984	     -0.00000000000000067316	      0.71971789897464544250	     -0.01874828481692483034	      0.05129998754094904773	      1.67863151774991159471	      1.67863151774991159471	      0.00181466556365337140	     -0.00000000000000415839	     -0.00000000000001803528	      0.00327142124331881090	      0.08333102487416374493	      0.13815916567865327291	     -0.37113700084588169270	     -0.37165896074757054368	     -0.15032332317947394440	      1.66044788289274447557	      1.35563490063207470193	      0.00000000000000103986	     -0.00000000000000155793	     -0.52939301371100377924	     -0.26102954351767831964	      0.03633715916891954584	      1.68324687444714760076	      1.32869144440943975916	     -0.00000000000000452585	     -0.00000000000000293172
      3.53900000000000014566	     -0.22828924637163158784	     -0.05695120048389273187	     -0.00188511451441629517	      0.94087119774528649163	      0.99101427075309400649	     -0.34005825504763093070	      0.45059393571995187688	      0.06107958328637230067	     -0.05446119585519227507	      0.73167377853751980332	      0.73167377853751658368	      0.29487749449894173903	      0.00000000000000366841	     -0.00000000000000074306	      0.73825678107244807613	     -0.01522054595827831459	      0.04990174858536554348	      1.66754820033768846876	      1.66754820033768824672	      0.00360595697921319968	     -0.00000000000000421422	     -0.00000000000001813948	      0.00774305682755996316	      0.07895466930987433962	      0.14400215076122707680	     -0.36152575313295221004	     -0.37144282996144789566	     -0.14841766903774811226	      1.67601594444964074881	      1.35594478466739443157	      0.00000000000000105497	     -0.00000000000000158618	     -0.54082963954802343309	     -0.26418859812665257403	      0.03522658295385352328	      1.69214672281439004742	      1.32901684535261699338	     -0.00000000000000454196	     -0.00000000000000298275
      3.54300000000000014921	     -0.23252642012554008977	     -0.05380691718653920347	     -0.00143006983299706950	      0.94071555315848598422	      0.99247101113997548971	     -0.34004970381649168853	      0.43240784881031441023	      0.05879992967468690435	     -0.05239145971250761674	      0.71308224118166529948	      0.71308224118166219085	      0.29193078671388023038	      0.00000000000000374509	     -0.00000000000000080420	      0.75579903705466844333	     -0.01147508249254308374	      0.04814020805502701450	      1.65450972718843680731	      1.65450972718843658527	      0.00529028322543447903	     -0.00000000000000426992	     -0.00000000000001824419	      0.01241526688006480694	      0.07422574554464070329	      0.14964122217823996874	     -0.35260185069218441534	     -0.37091987005599091898	     -0.14661389830369636611	      1.69312917455811962064	      1.35638028168208490953	      0.00000000000000107043	     -0.00000000000000161559	     -0.55328336890141971427	     -0.26735511120996557910	      0.03343527746021660030	      1.70340141828264579615	      1.32928579724229889436	     -0.00000000000000455804	     -0.00000000000000303418
      3.54700000000000015277	     -0.23663733258672781101	     -0.05057827867276441791	     -0.00090171985841568179	      0.94066779624548635397	      0.99409893079087952028	     -0.34002392202254860809	      0.41353494431102272300	      0.05652746008398858157	     -0.05020811913721464487	      0.69314544719241344417	      0.69314544719241022452	      0.28664390233916825501	      0.00000000000000381575	     -0.00000000000000085712	      0.77221602047191006957	     -0.00764339939451141783	      0.04606138273823781604	      1.63954558254264193273	      1.63954558254264193273	      0.00698304091614874393	     -0.00000000000000432588	     -0.00000000000001834959	      0.01714037101101954091	      0.06926197288947878727	      0.15501310366839915478	     -0.34431315036722232037	     -0.37009506881020909352	     -0.14490473621440169705	      1.71138332177455687599	      1.35694949819761090382	      0.00000000000000108269	     -0.00000000000000164353	     -0.56653991968488059960	     -0.27051357627922284488	      0.03098092830554056987	      1.71657045275281294749	      1.32950711300161428241	     -0.00000000000000457409	     -0.00000000000000308597
      3.55100000000000015632	     -0.24051368515630452971	     -0.04738473439227808282	     -0.00022195380335157886	      0.94071914876010265250	      0.99589558912434417159	     -0.33998188896365405531	      0.39405455950619661110	      0.05433001222594439211	     -0.04813373828092020607	      0.67225645781301446302	      0.67225645781301135440	      0.27896077282231984684	      0.00000000000000389505	     -0.00000000000000090186	      0.78739245037527239024	     -0.00386001456503378380	      0.04371523892358212399	      1.62271377950348294483	      1.62271377950348294483	      0.00878927679814679903	     -0.00000000000000438267	     -0.00000000000001845412	      0.02175973352394955027	      0.06419128292833400917	      0.16005462532025976907	     -0.33660029072202668488	     -0.36898728360229132717	     -0.14328510276617406616	      1.73038954623700913515	      1.35765738922439904712	      0.00000000000000109700	     -0.00000000000000167254	     -0.58035786667388500337	     -0.27365595668093256609	      0.02790024435385396115	      1.73118182620738281230	      1.32968691013532480660	     -0.00000000000000458989	     -0.00000000000000313485
      3.55500000000000015987	     -0.24405184222798562144	     -0.04433748990290366926	      0.00068154322994437404	      0.94085858571847391651	      0.99785748882225588918	     -0.33992556763817649568	      0.37405608428891512496	      0.05226403421365241608	     -0.04638699678302296570	      0.65081646750936095192	      0.65081646750935784329	      0.26888280403781716910	      0.00000000000000397291	     -0.00000000000000096111	      0.80123095796929655332	     -0.00024812645267875423	      0.04115165377626158610	      1.60409700506141650322	      1.60409700506141672527	      0.01079243533505289294	     -0.00000000000000444062	     -0.00000000000001855786	      0.02611352270217440208	      0.05913726838592845564	      0.16470655073607254337	     -0.32939949086398750966	     -0.36762576338943969700	     -0.14174780574490075669	      1.74979915278522679678	      1.35850709544825387631	      0.00000000000000111099	     -0.00000000000000170142	     -0.59448617529333569465	     -0.27677998226842337459	      0.02424463085243822383	      1.74676160947802983081	      1.32982804424076683780	     -0.00000000000000460556	     -0.00000000000000318441
      3.55900000000000016342	     -0.24716001010029153839	     -0.04152772217536791766	      0.00186896654948382878	      0.94107393722059995422	      0.99997959951164161474	     -0.33985764965764236889	      0.35363290954570053559	      0.05036887448509268228	     -0.04516119617141871323	      0.62920237653147881307	      0.62920237653147570445	      0.25645727170767718128	      0.00000000000000405074	     -0.00000000000000101920	      0.81365580674774096170	      0.00309214053168224961	      0.03841526685258743468	      1.58379484093318056992	      1.58379484093318034788	      0.01304529417814698916	     -0.00000000000000450011	     -0.00000000000001866134	      0.03005242260595419185	      0.05420605075200297246	      0.16891723500014152459	     -0.32264603199001490319	     -0.36604628223470531134	     -0.14027902618984305905	      1.76932344648189143754	      1.35950158535003251536	      0.00000000000000112447	     -0.00000000000000173021	     -0.60868342891650928372	     -0.27988604883314327498	      0.02007483658983392344	      1.76286231476774646332	      1.32992999671444267484	     -0.00000000000000462104	     -0.00000000000000323319
      3.56300000000000016698	     -0.24976547059225023828	     -0.03901773758626461697	      0.00338296517862395974	      0.94135315323020396505	      1.00225486401695484950	     -0.33978117134632590535	      0.33287786936659469195	      0.04866373613453804647	     -0.04460674951801147509	      0.60773809911343557033	      0.60773809911343257273	      0.24176327414666962112	      0.00000000000000412673	     -0.00000000000000108581	      0.82461569711928062176	      0.00609169391398378928	      0.03553961729008195403	      1.56191310648719627885	      1.56191310648719605680	      0.01556435313823191328	     -0.00000000000000455926	     -0.00000000000001876583	      0.03345027086929548005	      0.04947602438568290267	      0.17264594215366332874	     -0.31627820771252296295	     -0.36428738047499176211	     -0.13885442185579968677	      1.78874712909691280238	      1.36064527027014414706	      0.00000000000000113938	     -0.00000000000000175952	     -0.62273682861210977180	     -0.28297309567162948207	      0.01545519508198537305	      1.77908765708261351612	      1.32998924344481839199	     -0.00000000000000463683	     -0.00000000000000327978
      3.56700000000000017053	     -0.25182130833228394406	     -0.03683568661827393148	      0.00524452237937034216	      0.94168549204836116129	      1.00467371913917613568	     -0.33969907167407886739	      0.31188111200985468852	      0.04714695932415075702	     -0.04481928732209970734	      0.58667355221678529897	      0.58667355221678219035	      0.22489843100622938787	      0.00000000000000420448	     -0.00000000000000113878	      0.83408598615746987193	      0.00871631613693536235	      0.03254125288322269605	      1.53855264917754741560	      1.53855264917754763765	      0.01832855897164399964	     -0.00000000000000461830	     -0.00000000000001886990	      0.03621613521884824161	      0.04499119751630371866	      0.17586576516379412438	     -0.31024101791491515145	     -0.36238717498052730459	     -0.13743670561390280982	      1.80793429050237697275	      1.36194527779739726903	      0.00000000000000115410	     -0.00000000000000178880	     -0.63647858524845724038	     -0.28603422671773304220	      0.01044806590291081846	      1.79511172734438417820	      1.33000006268606507653	     -0.00000000000000465301	     -0.00000000000000332529
      3.57100000000000017408	     -0.25331199270468035545	     -0.03497414022774148618	      0.00745053740919301381	      0.94206240304161725785	      1.00722367753994435091	     -0.33961378096159894335	      0.29073079734613233027	      0.04579712479256847768	     -0.04583440464682439486	      0.56617416095407735455	      0.56617416095407424592	      0.20596915981048732891	      0.00000000000000428152	     -0.00000000000000118280	      0.84207054459068630958	      0.01096648112453013461	      0.02941467663871921365	      1.51379989703663775380	      1.51379989703663797584	      0.02128281635118194418	     -0.00000000000000467727	     -0.00000000000001897329	      0.03830421667668817975	      0.04075854815604160880	      0.17856597955310629655	     -0.30448899087268788133	     -0.36038108121118839211	     -0.13597537033056919520	      1.82682655912886326988	      1.36341208998244378670	      0.00000000000000116884	     -0.00000000000000181753	     -0.64979738895768412998	     -0.28905298346521718367	      0.00510903314789711276	      1.81069105816225039973	      1.32995569918836942236	     -0.00000000000000466942	     -0.00000000000000337091
      3.57500000000000017764	     -0.25425690603294581749	     -0.03339281805376086154	      0.00997356518974343298	      0.94247797968700963711	      1.00988906309564296926	     -0.33952692510342624699	      0.26951581344741776247	      0.04457605044060487104	     -0.04762882592378042679	      0.54632116495955795887	      0.54632116495955485025	      0.18508546905456721432	      0.00000000000000435661	     -0.00000000000000122652	      0.84860279251402237488	      0.01287345022986797864	      0.02612930257180330618	      1.48772041466773008445	      1.48772041466773030649	      0.02434570504150056908	     -0.00000000000000473621	     -0.00000000000001907621	      0.03971991934637526117	      0.03674982685996775605	      0.18075336629089813756	     -0.29898812574653838015	     -0.35830061388867517902	     -0.13440876438525795056	      1.84543407233585643468	      1.36505936498343016794	      0.00000000000000118301	     -0.00000000000000184634	     -0.66264333742381376080	     -0.29200100950345708739	     -0.00051660310217896887	      1.82566878033062884867	      1.32984970521504175522	     -0.00000000000000468578	     -0.00000000000000341639
      3.57900000000000018119	     -0.25471078401952185200	     -0.03202558622839483254	      0.01276415979879122128	      0.94292894726788334392	      1.01265101043390304270	     -0.33943921824550277178	      0.24832905133232752171	      0.04343398487119881635	     -0.05012699521774264394	      0.52712135376821023236	      0.52712135376820712374	      0.16235987615531088935	      0.00000000000000442954	     -0.00000000000000125524	      0.85374509653651176055	      0.01449217137981840750	      0.02262969339605910846	      1.46035594585062966644	      1.46035594585062922235	      0.02742010259560024449	     -0.00000000000000479493	     -0.00000000000001917918	      0.04052058748268507621	      0.03290810422692711651	      0.18245192706482002420	     -0.29371726063621789171	     -0.35617329824210597344	     -0.13266837908404024993	      1.86382070191838300488	      1.36690284450835153329	      0.00000000000000119688	     -0.00000000000000187507	     -0.67502541325488540913	     -0.29483762460716750331	     -0.00639554494861544181	      1.83997065773964840751	      1.32967722965535428692	     -0.00000000000000470218	     -0.00000000000000346176
      3.58300000000000018474	     -0.25480258821688667181	     -0.03078147545809363159	      0.01573693897282884072	      0.94340999985663409610	      1.01548120615900860919	     -0.33935033488532623247	      0.22724547968521532915	      0.04231796215373773151	     -0.05315028618416824113	      0.50845441068993324496	      0.50845485668464218687	      0.13811525453917314343	      0.00000000000000446941	     -0.00000000000000125679	      0.85773989282811036183	      0.01591323023498083730	      0.01888319215389423419	      1.43188115662355386348	      1.43188459331378248329	      0.03042448124656133013	     -0.00000000000000482428	     -0.00000000000001923065	      0.04086331821533212977	      0.02915362137553525329	      0.18375285831477333742	     -0.28863970706608255146	     -0.35402354712266470571	     -0.13072083039489157397	      1.88209304253891840375	      1.36893050548820327528	      0.00000000000000120367	     -0.00000000000000188939	     -0.68704372452621564893	     -0.29753661071022136086	     -0.01247845867974879328	      1.85367294964048245909	      1.32944295032536685675	     -0.00000000000000471046	     -0.00000000000000348455
