Run_30002_cycle3_RRA_q_uniform250_rad
version=1
nRows=281
nColumns=40
inDegrees=no
endheader
time	pelvis_tilt	pelvis_list	pelvis_rotation	pelvis_tx	pelvis_ty	pelvis_tz	hip_flexion_r	hip_adduction_r	hip_rotation_r	knee_angle_r	knee_angle_r_beta	ankle_angle_r	subtalar_angle_r	mtp_angle_r	hip_flexion_l	hip_adduction_l	hip_rotation_l	knee_angle_l	knee_angle_l_beta	ankle_angle_l	subtalar_angle_l	mtp_angle_l	lumbar_extension	lumbar_bending	lumbar_rotation	arm_flex_r	arm_add_r	arm_rot_r	elbow_flex_r	pro_sup_r	wrist_flex_r	wrist_dev_r	arm_flex_l	arm_add_l	arm_rot_l	elbow_flex_l	pro_sup_l	wrist_flex_l	wrist_dev_l
      1.75499999999999989342	     -0.28759011791600647134	      0.03403858402609265948	      0.07524886497132880769	      0.97780184106879786121	      0.99329836859142861538	     -0.35471245479469987183	      0.74534011773241970467	     -0.09630695220123702827	      0.05907004440224868091	      1.61823550283949124662	      1.61823550283949102457	      0.02390236462498272069	      0.00000000000000000000	      0.00000000000000000000	      0.41069286347430655759	      0.15353415717889828951	     -0.04289217106976012106	      0.67065834213568509270	      0.67065834213568509270	      0.25782642830224233865	      0.00000000000000000000	      0.00000000000000000000	      0.05290411430413684973	     -0.06018888014223233718	     -0.12521969733097670918	     -0.55832452985235236920	     -0.35849207752257039594	     -0.07316012324279970447	      1.53028387109361529994	      1.45770739558559525584	      0.00000000000000000000	      0.00000000000000000000	     -0.39604287637576290892	     -0.22302551578143747779	     -0.17611981148597785629	      1.88978162308302866101	      1.33717299893111807307	      0.00000000000000000000	      0.00000000000000000000
      1.75899999999999989697	     -0.29109149117008908947	      0.03228148894776915884	      0.07302519211360833373	      0.97784637776689331545	      0.99580073203198582465	     -0.35501750139968507591	      0.76068207068627125000	     -0.09387162911656518616	      0.05999343563730395040	      1.60103812004746415276	      1.60103812004746370867	      0.02761915731786013239	     -0.00000000000000000012	      0.00000000000000000036	      0.39323585753717604785	      0.15076294727024955322	     -0.04172330570262468286	      0.65366185913816365893	      0.65366185913816365893	      0.24843841954944687056	     -0.00000000000000000088	     -0.00000000000000001810	      0.05937360452962824053	     -0.05670628410367996308	     -0.13152308931642933687	     -0.57040442486406850442	     -0.36276128611249436329	     -0.07528197874801674516	      1.54301737306466302257	      1.45681639673324436757	      0.00000000000000000035	     -0.00000000000000000007	     -0.39897849973618082497	     -0.22044480165726820786	     -0.17804802076252448928	      1.90794281779474750316	      1.33725084020888407288	      0.00000000000000000014	     -0.00000000000000000046
      1.76299999999999990052	     -0.29430586262977093126	      0.03054016322783902407	      0.07082140676013172487	      0.97797133368658739627	      0.99844682826911856921	     -0.35531908120445448995	      0.77477103116814582950	     -0.09172094691356692808	      0.05998021219634813023	      1.58224060183931269918	      1.58224060183931247714	      0.03113910556848210887	     -0.00000000000000000195	      0.00000000000000000071	      0.37539959353121310492	      0.14792591442339511620	     -0.04074268114822184039	      0.63620206565905090823	      0.63620206565905101925	      0.23676721220471935725	     -0.00000000000000000253	     -0.00000000000000006402	      0.06566222243473947284	     -0.05319971669339055437	     -0.13776443887619752027	     -0.58231106596195425507	     -0.36696929569240299696	     -0.07755480605923592563	      1.55595055820958672044	      1.45585118631519261356	      0.00000000000000000094	      0.00000000000000000051	     -0.40222632581031281251	     -0.21808287905471551715	     -0.17972959123691520378	      1.92605482395830107656	      1.33721512506539053078	      0.00000000000000000028	     -0.00000000000000000067
      1.76699999999999990408	     -0.29719024242983532735	      0.02883696163181069527	      0.06858896740689307547	      0.97816545545907485071	      1.00122643550471090990	     -0.35560973565258802154	      0.78761032635870709129	     -0.08987497723378153058	      0.05900326337531672238	      1.56196907536721663057	      1.56196907536721618648	      0.03454177738844428636	     -0.00000000000000000430	      0.00000000000000000089	      0.35722056496645743229	      0.14500295225843615188	     -0.04005066171985707801	      0.61830177789203788485	      0.61830177789203788485	      0.22262987035035225469	      0.00000000000000000039	     -0.00000000000000014375	      0.07167132778856656616	     -0.04969798044298297246	     -0.14385073675756088196	     -0.59398271202524810519	     -0.37099786495875991532	     -0.08006199960521767633	      1.56893983136007286738	      1.45477033879387374071	      0.00000000000000000149	      0.00000000000000000285	     -0.40570129350010436520	     -0.21598637401482478904	     -0.18112358642130657604	      1.94397463568562578473	      1.33704899416150380098	      0.00000000000000000029	     -0.00000000000000000089
      1.77099999999999990763	     -0.29970993444874360900	      0.02715541655239458660	      0.06628840990983454751	      0.97841722504408756844	      1.00412793086398632880	     -0.35588284713309620289	      0.79921341459120909256	     -0.08829354879471529305	      0.05705189225158625865	      1.54033119230722825854	      1.54033119230722803650	      0.03788236947188925591	     -0.00000000000000000525	      0.00000000000000000080	      0.33873392713142347343	      0.14194540998474058924	     -0.03970783050179792217	      0.59996497385790803492	      0.59996497385790814594	      0.20587200848937470266	     -0.00000000000000001229	     -0.00000000000000027891	      0.07731275653115021740	     -0.04618310140592529756	     -0.14970109611598614308	     -0.60539815537260477374	     -0.37474365383995278389	     -0.08288908863494097445	      1.58188877804221705858	      1.45353166766032271262	      0.00000000000000000203	      0.00000000000000000577	     -0.40933569369239908298	     -0.21417685635745620232	     -0.18220289770329070600	      1.96162039467927340475	      1.33674287275926739760	      0.00000000000000000040	     -0.00000000000000000072
      1.77499999999999991118	     -0.30184152591518603748	      0.02544470469935261603	      0.06389004600524500477	      0.97871573974072900715	      1.00713815018372288002	     -0.35613293236887128002	      0.80960196498673697718	     -0.08688448658609190800	      0.05413454748502461583	      1.51741004330886375406	      1.51741004330886353202	      0.04118957254299050741	     -0.00000000000000000676	      0.00000000000000000025	      0.31997681734962829525	      0.13868148855208931036	     -0.03973454328941981861	      0.58118761880243818840	      0.58118761880243818840	      0.18638712814736510537	     -0.00000000000000003039	     -0.00000000000000042770	      0.08251588039530975693	     -0.04259603583829054546	     -0.15524905309673170395	     -0.61657475660213700852	     -0.37812458449155722517	     -0.08611476293340995791	      1.59474068682839154043	      1.45209768747614309525	      0.00000000000000000238	      0.00000000000000000796	     -0.41307893054059197091	     -0.21265262860546157997	     -0.18295157470761863605	      1.97896298116708146964	      1.33629613365178445683	      0.00000000000000000075	     -0.00000000000000000040
      1.77899999999999991473	     -0.30357662695098114325	      0.02362902305823763593	      0.06137441337746822601	      0.97905137443611134351	      1.01024220569812706039	     -0.35635585186460383422	      0.81880555145966160691	     -0.08551859983605093751	      0.05027925381846858055	      1.49326158406974207615	      1.49326158406974185411	      0.04446650667428755227	     -0.00000000000000000885	      0.00000000000000000033	      0.30099420407881444239	      0.13512614404350242747	     -0.04011485965931307213	      0.56197220148535920181	      0.56197220148535942386	      0.16413732127199212596	     -0.00000000000000004540	     -0.00000000000000054941	      0.08723477469855060729	     -0.03884856400757654565	     -0.16044384396183467012	     -0.62756272586308348149	     -0.38108396698268026670	     -0.08980251211173079229	      1.60746866753879991130	      1.45044074512721010706	      0.00000000000000000272	      0.00000000000000000964	     -0.41689678092745585669	     -0.21139332492687007425	     -0.18336214104593870355	      1.99601426284158045554	      1.33571812582216664644	      0.00000000000000000115	      0.00000000000000000007
      1.78299999999999991829	     -0.30492588009255711112	      0.02162051299077205960	      0.05873280381617299040	      0.97941617603251651669	      1.01342329878026604639	     -0.35654893514096558382	      0.82686286461512081836	     -0.08404932381276662701	      0.04553127792963970744	      1.46791578128823152483	      1.46791578128823152483	      0.04769419247500803621	     -0.00000000000000001158	      0.00000000000000000068	      0.28184654745640119744	      0.13119417017004347814	     -0.04080413141625230389	      0.54234445573664213924	      0.54234445573664225027	      0.13917319042940481943	     -0.00000000000000006039	     -0.00000000000000064338	      0.09145477923562038425	     -0.03483964282569505105	     -0.16525100755404362185	     -0.63843656779019875014	     -0.38359202361413297089	     -0.09399366226896119225	      1.62006470871497043618	      1.44854721114855178321	      0.00000000000000000291	      0.00000000000000001112	     -0.42077020087750494071	     -0.21036669066698590602	     -0.18343318745922532198	      2.01281339614056875575	      1.33502843670892068495	      0.00000000000000000164	      0.00000000000000000070
      1.78699999999999992184	     -0.30592189526821655932	      0.01933426826798083017	      0.05596767436134701679	      0.97980399697752573740	      1.01666265280342815736	     -0.35671101275429051292	      0.83382312667929159300	     -0.08233437042972639730	      0.03994900546020811044	      1.44138048195595724899	      1.44138048195595724899	      0.05083638792582237387	     -0.00000000000000001568	      0.00000000000000000059	      0.26261709740534727731	      0.12681484784143315370	     -0.04173881780037055900	      0.52236915656403837271	      0.52236915656403859476	      0.11164905894427513966	     -0.00000000000000007460	     -0.00000000000000073632	      0.09519677410238705506	     -0.03047417725184593459	     -0.16965222412953231967	     -0.64928468977490849667	     -0.38564467687620246350	     -0.09870255492670532149	      1.63252893780345531560	      1.44642026230150166910	      0.00000000000000000309	      0.00000000000000001257	     -0.42469364245622265308	     -0.20953637861235488438	     -0.18316766385893482050	      2.02941299871255109721	      1.33425624559405719971	      0.00000000000000000218	      0.00000000000000000142
      1.79099999999999992539	     -0.30661982111388863537	      0.01670377930045330306	      0.05309263898932888720	      0.98021039765255524312	      1.01993967734527757329	     -0.35684234486106863882	      0.83974637011190056413	     -0.08025663489886175617	      0.03359928993020590282	      1.41364687459701610095	      1.41364687459701587890	      0.05384463690810962350	     -0.00000000000000002018	     -0.00000000000000000027	      0.24341659880028168605	      0.12194632485823361789	     -0.04284702279535534258	      0.50216182987768853696	      0.50216182987768875901	      0.08182969145822147072	     -0.00000000000000008788	     -0.00000000000000083495	      0.09851763714998115762	     -0.02568197453414191450	     -0.17364428993462244222	     -0.66019824851728359238	     -0.38725968091103901703	     -0.10391442894218105852	      1.64486018747625717396	      1.44408092383506536649	      0.00000000000000000321	      0.00000000000000001395	     -0.42867278983578788187	     -0.20886954502772847597	     -0.18257216030329173617	      2.04586681750030718874	      1.33343869387989832909	      0.00000000000000000271	      0.00000000000000000240
      1.79499999999999992895	     -0.30709505649648355385	      0.01369471740578272548	      0.05013191186452068543	      0.98063236901020278680	      1.02323238470146282708	     -0.35694445336982305594	      0.84470220083479530260	     -0.07774160248274036844	      0.02655308661914146731	      1.38469608295774970763	      1.38469608295774926354	      0.05666301090812373570	     -0.00000000000000002448	     -0.00000000000000000189	      0.22438406017142026316	      0.11658752166003638617	     -0.04405844312298759502	      0.48189412387419372497	      0.48189412387419394701	      0.05008662284442076673	     -0.00000000000000009681	     -0.00000000000000093180	      0.10150649481821656661	     -0.02043424421501989496	     -0.17723743208614750611	     -0.67126041841733341542	     -0.38847062739266891018	     -0.10958599590843187688	      1.65704866206898393521	      1.44156726579389249387	      0.00000000000000000326	      0.00000000000000001532	     -0.43272160160869210799	     -0.20834325248596735625	     -0.18165706623491131855	      2.06221975671222468307	      1.33261838474225879914	      0.00000000000000000321	      0.00000000000000000358
      1.79899999999999993250	     -0.30743816469886153797	      0.01031478296050923095	      0.04711918937857684231	      0.98106794269317842971	      1.02651802470771058573	     -0.35701987251483369157	      0.84876728731473294332	     -0.07476868479148694735	      0.01888186721619029146	      1.35450683437447261248	      1.35450683437447239044	      0.05923242036316542919	     -0.00000000000000002859	     -0.00000000000000000389	      0.20568289558755908919	      0.11078532049789564795	     -0.04531253952888536496	      0.46179135308841195995	      0.46179135308841218199	      0.01688335936735853304	     -0.00000000000000010413	     -0.00000000000000104860	      0.10427714046080892307	     -0.01475493948819300155	     -0.18045331844967044121	     -0.68253719289165704076	     -0.38931969256612963814	     -0.11564834764220445484	      1.66907130651913893082	      1.43893181830946947919	      0.00000000000000000329	      0.00000000000000001642	     -0.43685862456730822911	     -0.20794889415030043400	     -0.18043728063271885498	      2.07850060274766690327	      1.33184024636874598357	      0.00000000000000000374	      0.00000000000000000470
      1.80299999999999993605	     -0.30774743591483999516	      0.00661800212131707054	      0.04409597784528355296	      0.98151574815518882744	      1.02977387590642077697	     -0.35707183150093541046	      0.85202189772871972373	     -0.07137491374126744836	      0.01065520897761924705	      1.32306382846638403983	      1.32306382846638381778	      0.06149437951971954697	     -0.00000000000000003216	     -0.00000000000000000599	      0.18749258580016611719	      0.10463560951404539401	     -0.04656413838066798816	      0.44212217484097671161	      0.44212217484097693365	     -0.01724974649555403514	     -0.00000000000000012418	     -0.00000000000000118016	      0.10695737644509696607	     -0.00872515315127142185	     -0.18332296877659740031	     -0.69407042589749623485	     -0.38985008912534807601	     -0.12201183078345330391	      1.68089024921543939151	      1.43623741468619248174	      0.00000000000000000304	      0.00000000000000001745	     -0.44110279249732686768	     -0.20769417944309817581	     -0.17893312889705637048	      2.09471760233250137162	      1.33114806167844546003	      0.00000000000000000431	      0.00000000000000000615
      1.80699999999999993960	     -0.30811998785998323536	      0.00270276795841463240	      0.04110940412381632048	      0.98197456159673068843	      1.03297810983794446926	     -0.35710389202234282813	      0.85454582781103516353	     -0.06765065113082957549	      0.00193992072333071079	      1.29036589561257031278	      1.29036589561256986869	      0.06339409543278599901	     -0.00000000000000003623	     -0.00000000000000000828	      0.16999705358313280112	      0.09827775964294731270	     -0.04778626521217169826	      0.42318216156307236764	      0.42318216156307258968	     -0.05174855230840656739	     -0.00000000000000014619	     -0.00000000000000130335	      0.10967646271170473915	     -0.00247992565714507101	     -0.18588457404173888698	     -0.70587338679633460092	     -0.39009926395533867094	     -0.12857252528325516239	      1.69245436417567352017	      1.43355182673814374184	      0.00000000000000000257	      0.00000000000000001878	     -0.44546919619929320477	     -0.20760258687224264484	     -0.17717110129830868082	      2.11085694875961848993	      1.33058105785507607699	      0.00000000000000000472	      0.00000000000000000768
      1.81099999999999994316	     -0.30864242178005751871	     -0.00129636810596699191	      0.03820957438955099872	      0.98244288811284008478	      1.03611064558218179954	     -0.35711956524548926772	      0.85641397966071819425	     -0.06372773199267664501	     -0.00719903137929692790	      1.25643286566676470883	      1.25643286566676426474	      0.06488273457685371504	     -0.00000000000000003979	     -0.00000000000000001071	      0.15337120071527612919	      0.09188289744795390124	     -0.04897017037164895503	      0.40527359700771453666	      0.40527359700771470319	     -0.08605289003160321304	     -0.00000000000000017356	     -0.00000000000000142300	      0.11255193895988548081	      0.00380236158610398499	     -0.18818116072186277798	     -0.71792884736649764665	     -0.39009378811262529485	     -0.13521987422195744233	      1.70370371026017308758	      1.43094166324513816235	      0.00000000000000000212	      0.00000000000000002010	     -0.44996538268560443141	     -0.20771042782412066363	     -0.17518409795919334671	      2.12688401986802499977	      1.33017091908558815483	      0.00000000000000000513	      0.00000000000000000931
      1.81499999999999994671	     -0.30938198013205914227	     -0.00522200269565675432	      0.03544654690599560037	      0.98291863380816735241	      1.03915392749008295148	     -0.35712193630611704931	      0.85769158304632708845	     -0.05976162400816802112	     -0.01669553072046205469	      1.22130984304199863288	      1.22130984304199841084	      0.06591874894673779850	     -0.00000000000000004305	     -0.00000000000000001320	      0.13776692167225060293	      0.08563754202290711770	     -0.05012278400944155526	      0.38868369736596114494	      0.38868369736596136699	     -0.11964552495340090299	     -0.00000000000000020577	     -0.00000000000000154565	      0.11567701850674179387	      0.00991657131920865506	     -0.19025803272946867351	     -0.73018946175450916147	     -0.38984650438190970867	     -0.14184476158487141495	      1.71457601107883061964	      1.42846617577777301733	      0.00000000000000000185	      0.00000000000000002132	     -0.45458874551622024951	     -0.20806199495692184742	     -0.17301100407776870416	      2.14274674893067196280	      1.32993946443158872484	      0.00000000000000000553	      0.00000000000000001099
      1.81899999999999995026	     -0.31037901917817362074	     -0.00891035381100535248	      0.03286698232195798403	      0.98339894067520416954	      1.04209357476453123859	     -0.35711332776708964998	      0.85842897523406924698	     -0.05590997045053405085	     -0.02647707164526803131	      1.18506761578530506185	      1.18506761578530483980	      0.06646821553446409514	     -0.00000000000000004606	     -0.00000000000000001607	      0.12329985634413591356	      0.07972491069493981009	     -0.05126201685961722515	      0.37366333181974453748	      0.37366333181974470401	     -0.15208862574300407999	     -0.00000000000000024228	     -0.00000000000000167645	      0.11910972106782848068	      0.01565112094682250682	     -0.19215995542336736235	     -0.74258017908998819046	     -0.38935612099376154527	     -0.14834717002223493654	      1.72501393017981174971	      1.42617170272022031341	      0.00000000000000000148	      0.00000000000000002243	     -0.45932542722227248655	     -0.20870348328343310551	     -0.17069549030576447457	      2.15838027722315972667	      1.32989714283503279724	      0.00000000000000000596	      0.00000000000000001265
      1.82299999999999995381	     -0.31164153421905110841	     -0.01220879855388754161	      0.03051063737488121652	      0.98388022230334681861	      1.04491884569221427093	     -0.35709502837556184041	      0.85865635066828605027	     -0.05231021521971445515	     -0.03645779869545281993	      1.14779904353405926010	      1.14779904353405881601	      0.06650442562626186771	     -0.00000000000000004989	     -0.00000000000000002040	      0.11003836822570622900	      0.07430617636758000966	     -0.05241043487336777967	      0.36040856855625430510	      0.36040856855625458266	     -0.18305396651195698920	     -0.00000000000000027584	     -0.00000000000000181147	      0.12286485927350716818	      0.02080958490920054721	     -0.19392817965832886973	     -0.75500248997520025274	     -0.38860908127504900644	     -0.15464268445256737494	      1.73497189359699022226	      1.42408735279117482087	      0.00000000000000000114	      0.00000000000000002324	     -0.46415068798964143060	     -0.20967647176109718843	     -0.16828396172911785911	      2.17371206764892566099	      1.33004243814166356330	      0.00000000000000000638	      0.00000000000000001410
      1.82699999999999995737	     -0.31314247713641446547	     -0.01499229228514188487	      0.02840704126793678480	      0.98435837395610381595	      1.04762285109342823120	     -0.35706711318499045893	      0.85837956958079708603	     -0.04905938515350793949	     -0.04653121227735560611	      1.10961270400347311593	      1.10961270400347311593	      0.06600723893767554418	     -0.00000000000000005378	     -0.00000000000000002416	      0.09799657300823741424	      0.06950384974684084560	     -0.05358804284674542617	      0.34904782404042256072	      0.34904782404042283828	     -0.21234275198107926963	     -0.00000000000000031099	     -0.00000000000000194889	      0.12690994242085396060	      0.02523100656924634477	     -0.19559757332458019286	     -0.76734020856375506625	     -0.38758321789307603744	     -0.16066735015223410077	      1.74442130445250875859	      1.42222235809700925380	      0.00000000000000000076	      0.00000000000000002410	     -0.46903026318082069457	     -0.21101186906704061386	     -0.16582262324045027313	      2.18866667119459989976	      1.33036222746960741681	      0.00000000000000000665	      0.00000000000000001522
      1.83099999999999996092	     -0.31482039876202355666	     -0.01717665262717598881	      0.02657271415527366967	      0.98482908321383022532	      1.05020246281203144534	     -0.35702838171648659804	      0.85757805521377661329	     -0.04619887098166262918	     -0.05656406718123114380	      1.07062535437173633746	      1.07062535437173611541	      0.06496269020198328081	     -0.00000000000000005830	     -0.00000000000000002895	      0.08713287231348100514	      0.06538922358048000760	     -0.05480494207782235505	      0.33963689413750930424	      0.33963689413750958179	     -0.23989173155567475315	     -0.00000000000000034610	     -0.00000000000000208804	      0.13116570240564923155	      0.02880652400649458961	     -0.19719414291852216392	     -0.77946643957368222377	     -0.38625253156271099897	     -0.16638053067939292951	      1.75335326342208186468	      1.42056537324369336339	      0.00000000000000000053	      0.00000000000000002510	     -0.47392218360667964783	     -0.21272516460321164167	     -0.16335375682373307060	      2.20316951664416427192	      1.33083306870904261032	      0.00000000000000000667	      0.00000000000000001633
      1.83499999999999996447	     -0.31658326338370240682	     -0.01872709848195878990	      0.02500917864347163011	      0.98528815596475682881	      1.05265793261827123040	     -0.35697642327637579829	      0.85620507257595546147	     -0.04370625195421589532	     -0.06639282607072080622	      1.03095431920344271504	      1.03095431920344249299	      0.06336278934090815163	     -0.00000000000000006332	     -0.00000000000000003367	      0.07735420705110142292	      0.06197545262250665071	     -0.05605445616268016351	      0.33216250476555886362	      0.33216250476555908566	     -0.26576450206469653947	     -0.00000000000000037800	     -0.00000000000000222541	      0.13551101497247686201	      0.03149034964260528924	     -0.19873309918818204967	     -0.79125128159201763012	     -0.38459226014904357438	     -0.17176568591015536902	      1.76177858730455394465	      1.41908576657812690591	      0.00000000000000000028	      0.00000000000000002630	     -0.47877877507208932428	     -0.21481357827127581239	     -0.16091167122983729421	      2.21714962990744801630	      1.33142324666913158815	      0.00000000000000000645	      0.00000000000000001734
      1.83899999999999996803	     -0.31831484912070362459	     -0.01966083928972121170	      0.02370195607546670899	      0.98573178105508774127	      1.05499227965454589473	     -0.35690781376852259710	      0.85419024345960015143	     -0.04149551281152458887	     -0.07582378405357333151	      0.99071061957220707406	      0.99071061957220674099	      0.06120516916311773137	     -0.00000000000000006833	     -0.00000000000000003696	      0.06852540857306207989	      0.05921749046561426699	     -0.05730726261091524665	      0.32655380731809946493	      0.32655380731809979800	     -0.29012867567208378006	     -0.00000000000000040873	     -0.00000000000000236055	      0.13979140074293233686	      0.03330357775667448783	     -0.20021750872586710490	     -0.80256960312604219698	     -0.38258343695742563773	     -0.17682920617300776356	      1.76972541983140518873	      1.41773677146398524584	      0.00000000000000000011	      0.00000000000000002752	     -0.48354883421951005973	     -0.21725546256424246860	     -0.15851901800456746905	      2.23054151463527183807	      1.33209532089588522652	      0.00000000000000000657	      0.00000000000000001809
      1.84299999999999997158	     -0.31988317035160473978	     -0.02004335728051841528	      0.02262076812643184706	      0.98615670384415843319	      1.05721049639605491066	     -0.35681845262162886767	      0.85144431502860196126	     -0.03942585066481130163	     -0.08463745867343384910	      0.94999383237304269034	      0.94999383237304246830	      0.05849271974988691503	     -0.00000000000000007379	     -0.00000000000000003939	      0.06048276254138348906	      0.05701920840965813558	     -0.05850716523045163681	      0.32270042004528454171	      0.32270042004528487478	     -0.31322112260851087129	     -0.00000000000000043889	     -0.00000000000000249456	      0.14383037053557709561	      0.03433028655322108158	     -0.20163764853369869900	     -0.81330815597504302339	     -0.38021643366754109827	     -0.18159750619103920410	      1.77723490689613394800	      1.41646018819357610852	     -0.00000000000000000013	      0.00000000000000002881	     -0.48818012629734641727	     -0.22001198881484082537	     -0.15618406986161259553	      2.24328623709732610791	      1.33280892145403107030	      0.00000000000000000666	      0.00000000000000001900
      1.84699999999999997513	     -0.32115048228171372280	     -0.01997909861999032713	      0.02172119565808541125	      0.98656031706161395611	      1.05931861411396788242	     -0.35670403531633998462	      0.84786644150142809195	     -0.03731785028305011770	     -0.09259741794055070807	      0.90889000996530000531	      0.90889000996529989429	      0.05523399153023312441	     -0.00000000000000007989	     -0.00000000000000004126	      0.05305066632360323775	      0.05524683841209284546	     -0.05956921614777148377	      0.32047478117000155473	      0.32047478117000188780	     -0.33530509177196698989	     -0.00000000000000046880	     -0.00000000000000262568	      0.14744305693325704398	      0.03470664947535986172	     -0.20297137122939568066	     -0.82337153584916678017	     -0.37749318793342345746	     -0.18611260938744286775	      1.78435550443110280128	      1.41519212331559085527	     -0.00000000000000000066	      0.00000000000000003018	     -0.49262226507743017700	     -0.22303083436382414861	     -0.15389936896229772234	      2.25533143066893115858	      1.33352354080253099333	      0.00000000000000000623	      0.00000000000000002158
      1.85099999999999997868	     -0.32198432340225296988	     -0.01959782886726824450	      0.02094790700571324410	      0.98694067167982890698	      1.06132268866455148348	     -0.35656064432913242568	      0.84335402006808501962	     -0.03497508974728307657	     -0.09946323421448961810	      0.86747369810264685075	      0.86747369810264651768	      0.05144496103205701415	     -0.00000000000000008715	     -0.00000000000000004222	      0.04605997772682934172	      0.05374720745070202255	     -0.06038075658914370675	      0.31975623363138466759	      0.31975623363138494515	     -0.35662376617183155769	     -0.00000000000000049712	     -0.00000000000000275736	      0.15045133240723768120	      0.03460446316791555843	     -0.20418570535311636460	     -0.83268660143114758831	     -0.37442801664830088759	     -0.19042658214453725418	      1.79113659456154517002	      1.41386917621308239035	     -0.00000000000000000174	      0.00000000000000003121	     -0.49682988917189002676	     -0.22625137943152093256	     -0.15164199442792430927	      2.26663007387936765724	      1.33420109887651094915	      0.00000000000000000528	      0.00000000000000002575
      1.85499999999999998224	     -0.32226846253670571318	     -0.01903853478250264186	      0.02023916543549647215	      0.98729640670668783464	      1.06322780028118590856	     -0.35638540278613872747	      0.83781436367009176625	     -0.03220839386215854777	     -0.10500667931088303320	      0.82581428190413119772	      0.82581428190413108670	      0.04715182172157466461	     -0.00000000000000009427	     -0.00000000000000004331	      0.03936600721572380140	      0.05236834320503905987	     -0.06080531475624004895	      0.32045391433591707830	      0.32045391433591735586	     -0.37735561766251130011	     -0.00000000000000052599	     -0.00000000000000289045	      0.15269873928080848757	      0.03421132808402545245	     -0.20523944935334395567	     -0.84120486233474001114	     -0.37104727748654009467	     -0.19459552477431943385	      1.79762238606590529777	      1.41243442451907408319	     -0.00000000000000000382	      0.00000000000000003144	     -0.50076578000803273483	     -0.22961058233720432753	     -0.14937552854254021462	      2.27713857168304034673	      1.33480807029228865090	      0.00000000000000000431	      0.00000000000000003087
      1.85899999999999998579	     -0.32191231551228938201	     -0.01843312305010282384	      0.01953204827523508796	      0.98762657798208852711	      1.06503718646986800245	     -0.35617710089722542932	      0.83117700107472447524	     -0.02885951763703198392	     -0.10902990013912575162	      0.78398628648097246074	      0.78398628648097223870	      0.04239387912554261340	     -0.00000000000000010132	     -0.00000000000000004404	      0.03286378701089093940	      0.05097949834495949656	     -0.06068890228728321401	      0.32252541289299974103	      0.32252541289300007410	     -0.39757737637566759048	     -0.00000000000000055400	     -0.00000000000000302338	      0.15406310306221815409	      0.03371019951696684058	     -0.20608628656588484640	     -0.84890256111096873415	     -0.36738821449221159554	     -0.19867398554968429547	      1.80384716717126059038	      1.41084255057039253956	     -0.00000000000000000737	      0.00000000000000003130	     -0.50440329838236874771	     -0.23304857170879605954	     -0.14705363962433493086	      2.28681506219169206062	      1.33531699035385642560	      0.00000000000000000262	      0.00000000000000003724
      1.86299999999999998934	     -0.32085786848099379087	     -0.01789199155818739853	      0.01876781428242589242	      0.98793038066076144244	      1.06675160394734414027	     -0.35593671257382725193	      0.82340533907315827111	     -0.02482131833768477444	     -0.11138392042553062200	      0.74208243415525920739	      0.74208243415525898534	      0.03722595614030651395	     -0.00000000000000010887	     -0.00000000000000004417	      0.02649891483217524379	      0.04948793341337683060	     -0.05986839660971290944	      0.32598891951800756939	      0.32598891951800790245	     -0.41723933923199812979	     -0.00000000000000058097	     -0.00000000000000315679	      0.15446544492989475184	      0.03326087852812537743	     -0.20667815013946630454	     -0.85577876596738922110	     -0.36349714491386037052	     -0.20271035389290292805	      1.80983259393445372609	      1.40906360708807776305	     -0.00000000000000001180	      0.00000000000000003093	     -0.50772768821870961631	     -0.23651323599075832482	     -0.14462496732844523639	      2.29561858261983831042	      1.33570727268288402811	      0.00000000000000000064	      0.00000000000000004448
      1.86699999999999999289	     -0.31908368455424307442	     -0.01749323170064137623	      0.01789700803632116033	      0.98820685587040557607	      1.06836894996819564696	     -0.35566774259382039070	      0.81450654563059643465	     -0.02005193588334985497	     -0.11198535825413856448	      0.70022755893150745443	      0.70022755893150723239	      0.03172038334152538913	     -0.00000000000000011633	     -0.00000000000000004388	      0.02027316518750657895	      0.04785036857314919900	     -0.05818185136061262280	      0.33092755345062668804	      0.33092755345062707661	     -0.43615615868251028653	     -0.00000000000000060812	     -0.00000000000000329030	      0.15387485184528157389	      0.03298567669548327363	     -0.20696886100547445819	     -0.86185222387734428118	     -0.35942706356878062479	     -0.20674337057548813901	      1.81558727290624943862	      1.40708511981812112168	     -0.00000000000000001618	      0.00000000000000003041	     -0.51073630564386551800	     -0.23996337409942133934	     -0.14203877049199736815	      2.30350931957777138592	      1.33596537914542334846	     -0.00000000000000000097	      0.00000000000000005203
      1.87099999999999999645	     -0.31660589305087721845	     -0.01727679715039393687	      0.01688382722592637192	      0.98845462837086039976	      1.06988416403875885585	     -0.35537634604629525503	      0.80453857379594728716	     -0.01458109517348351106	     -0.11082936924856490180	      0.65859124851283168400	      0.65859124851283146196	      0.02596870444527511410	     -0.00000000000000012440	     -0.00000000000000004413	      0.01424452337944568173	      0.04607755836915999187	     -0.05548047822123717415	      0.33748514826865022576	      0.33748514826865061433	     -0.45401767850472357635	     -0.00000000000000063517	     -0.00000000000000342369	      0.15230932165195029682	      0.03296097881054540352	     -0.20691798007545478266	     -0.86715782880714464831	     -0.35523472094753394401	     -0.21079975732178782288	      1.82110854914024256068	      1.40491237743518793124	     -0.00000000000000001994	      0.00000000000000002955	     -0.51343785129842156589	     -0.24337017724642903693	     -0.13925070903677974621	      2.31044989515175736017	      1.33608444291545302995	     -0.00000000000000000298	      0.00000000000000005920
      1.87500000000000000000	     -0.31347708549561276170	     -0.01724413066137521142	      0.01570910259017426272	      0.98867139617391408546	      1.07128904725026585787	     -0.35507108357026540002	      0.79361297161229726882	     -0.00850862382379930296	     -0.10799682346137752520	      0.61739762004907283721	      0.61739762004907261517	      0.02008293315948566499	     -0.00000000000000013255	     -0.00000000000000004405	      0.00852146356792294300	      0.04423198957920194963	     -0.05164235319590251144	      0.34585417437748910974	      0.34585417437748944280	     -0.47042425999235298884	     -0.00000000000000066244	     -0.00000000000000355694	      0.14983207213129040580	      0.03321483769928133822	     -0.20649449770996222697	     -0.87174308746200301901	     -0.35097707158315583076	     -0.21489288892386762542	      1.82638581658083420933	      1.40256701689886265072	     -0.00000000000000002348	      0.00000000000000002862	     -0.51584957098335215697	     -0.24671746287882229121	     -0.13622814396827059857	      2.31640648360478973444	      1.33606348575252020794	     -0.00000000000000000558	      0.00000000000000006585
      1.87900000000000000355	     -0.30978274542528705382	     -0.01736385958654577955	      0.01437123519519085263	      0.98885350091560686447	      1.07257224647184967736	     -0.35476233293886400011	      0.78189349955622711175	     -0.00199412220130425850	     -0.10365469055095505313	      0.57693043294567525336	      0.57693043294567503132	      0.01419599404374189029	     -0.00000000000000014094	     -0.00000000000000004386	      0.00325161294434746185	      0.04241779457370181694	     -0.04658172475905820314	      0.35625540665957738939	      0.35625540665957772246	     -0.48493498825589886891	     -0.00000000000000068989	     -0.00000000000000369008	      0.14654435745338317831	      0.03373197449357873134	     -0.20567980657346104922	     -0.87566522153055725841	     -0.34670788292142717957	     -0.21902273948171563367	      1.83140496188761470187	      1.40008393664748886920	     -0.00000000000000002730	      0.00000000000000002784	     -0.51799290759467486733	     -0.25000032211505729407	     -0.13295413069116795990	      2.32135027724374243263	      1.33590639125160826062	     -0.00000000000000000816	      0.00000000000000007312
      1.88300000000000000711	     -0.30562935862375051332	     -0.01757975710058433394	      0.01288644726972184434	      0.98899761041839162612	      1.07372202927370863357	     -0.35446231275827427831	      0.76959475804023580459	      0.00476328166094613405	     -0.09805023561042366942	      0.53753121791917146677	      0.53753121791917124472	      0.00846033749911825200	     -0.00000000000000014941	     -0.00000000000000004373	     -0.00138825090328816513	      0.04076290631432113315	     -0.04026201577236885459	      0.36892266839635395881	      0.36892266839635423636	     -0.49698842642267393455	     -0.00000000000000071757	     -0.00000000000000382405	      0.14258046171540394997	      0.03446601920101208250	     -0.20446870157878355156	     -0.87898552290872045134	     -0.34247955144464187205	     -0.22317779421135761075	      1.83615394849826896184	      1.39750698257186822815	     -0.00000000000000003188	      0.00000000000000002688	     -0.51989756428754296813	     -0.25321838855944184266	     -0.12942958926794154162	      2.32526495735147520350	      1.33562076244647043310	     -0.00000000000000001021	      0.00000000000000008214
      1.88699999999999978861	     -0.30113789045518007947	     -0.01782217912059435097	      0.01128544662001612284	      0.98909970583717454762	      1.07472580967683217779	     -0.35418378060997757206	      0.75696936434694173101	      0.01154432171591958899	     -0.09149514459104718389	      0.49959167220436223600	      0.49959167220436201395	      0.00304453228464785343	     -0.00000000000000015795	     -0.00000000000000004271	     -0.00521158515997913272	      0.03940315882272171083	     -0.03270448848493435340	      0.38406677762797525322	      0.38406677762797553077	     -0.50613279414310452520	     -0.00000000000000074483	     -0.00000000000000395937	      0.13809297211807552985	      0.03535012942861796154	     -0.20286842125589318875	     -0.88176359432904827251	     -0.33834153374396963576	     -0.22733676026709709328	      1.84062659219895352614	      1.39488455434673608302	     -0.00000000000000003666	      0.00000000000000002600	     -0.52159614365049622453	     -0.25637313009808887498	     -0.12567445448268774189	      2.32814540096084243714	      1.33521677807693173179	     -0.00000000000000001229	      0.00000000000000009250
      1.89099999999999979217	     -0.29643454360172838413	     -0.01802173946484132358	      0.00960950894645213292	      0.98915516983134210705	      1.07557090280915867986	     -0.35393899405322842844	      0.74429345685679504374	      0.01813356336799861260	     -0.08434559950422433616	      0.46353755346476477328	      0.46353755346476455124	     -0.00187353103901445844	     -0.00000000000000016690	     -0.00000000000000004044	     -0.00803917924052063339	      0.03846209585755915039	     -0.02399323285446321175	      0.40185550467660380303	      0.40185550467660413609	     -0.51201035165060382326	     -0.00000000000000077168	     -0.00000000000000409557	      0.13324031290980550835	      0.03631239893185091161	     -0.20089732265966681046	     -0.88405331853598900782	     -0.33434090916692182915	     -0.23147148977053327856	      1.84482663181263362162	      1.39226469352644643962	     -0.00000000000000004219	      0.00000000000000002529	     -0.52312204184649224725	     -0.25946345750356097914	     -0.12172654087449388816	      2.32999960801242345099	      1.33470623863247173091	     -0.00000000000000001515	      0.00000000000000010304
      1.89499999999999979572	     -0.29164080020740423826	     -0.01812116178653503870	      0.00790545169946017465	      0.98915914623293954566	      1.07624552871605638771	     -0.35373868106066652661	      0.73184845829638545123	      0.02434176723625756586	     -0.07697757812976160907	      0.42980565728593800312	      0.42980565728593778108	     -0.00611627302137618400	     -0.00000000000000017568	     -0.00000000000000003771	     -0.00971550035470237876	      0.03803298879199536187	     -0.01427705012202594610	      0.42239279249336181277	      0.42239279249336214583	     -0.51440429685545563387	     -0.00000000000000079778	     -0.00000000000000423211	      0.12817423497525737286	      0.03728957329582487795	     -0.19858229869312971072	     -0.88589939113365534507	     -0.33052309952641240054	     -0.23554986835961097547	      1.84876988483679838282	      1.38969082174955915754	     -0.00000000000000004824	      0.00000000000000002477	     -0.52450825041764514989	     -0.26248212420455480087	     -0.11763870105687296297	      2.33085006908704217565	      1.33410182842511204626	     -0.00000000000000001798	      0.00000000000000011430
      1.89899999999999979927	     -0.28686452346683422032	     -0.01808448217269777863	      0.00622018004977071149	      0.98910699770720900137	      1.07673970744002867050	     -0.35359110130754101142	      0.71990102089458785084	      0.03002411541761139738	     -0.06976006567623369015	      0.39881605359785199383	      0.39881605359785177178	     -0.00951788988605271717	     -0.00000000000000018496	     -0.00000000000000003565	     -0.01012235991688254649	      0.03816494147741145149	     -0.00376714345623622169	      0.44570378353137640737	      0.44570378353137674043	     -0.51327279652935831056	     -0.00000000000000082353	     -0.00000000000000436933	      0.12302880747542557782	      0.03823779258547765902	     -0.19595572022906204701	     -0.88733500636323947575	     -0.32693230630954772664	     -0.23953835661385200484	      1.85248413369696196540	      1.38719842424203476661	     -0.00000000000000005535	      0.00000000000000002412	     -0.52578666048273647871	     -0.26541363741189377690	     -0.11347443574134995214	      2.33073366293584216535	      1.33341667250061624017	     -0.00000000000000002054	      0.00000000000000012765
      1.90299999999999980282	     -0.28219284902608510190	     -0.01790227494556823062	      0.00459533870101909176	      0.98899483584032954475	      1.07704596313096678806	     -0.35350129139562824765	      0.70868294380953777978	      0.03509209116879685730	     -0.06302862083735132070	      0.37094201801734033586	      0.37094201801734016932	     -0.01193688880443850332	     -0.00000000000000019475	     -0.00000000000000003462	     -0.00918864979616614008	      0.03885483415732329804	      0.00726968186916838316	      0.47172708567865162532	      0.47172708567865201390	     -0.50876616750143732748	     -0.00000000000000084893	     -0.00000000000000450535	      0.11791192147824634817	      0.03913881677947722570	     -0.19305224704660195467	     -0.88838083211363283453	     -0.32361128930832910866	     -0.24340388198327392311	      1.85600647230760062989	      1.38481299881619945857	     -0.00000000000000006349	      0.00000000000000002333	     -0.52698774297247386045	     -0.26823407407183336160	     -0.10930239585460339857	      2.32969982249966367505	      1.33266416904919182684	     -0.00000000000000002298	      0.00000000000000014181
      1.90699999999999980638	     -0.27768715874579802394	     -0.01759213068944500899	      0.00306261634851869328	      0.98882007829284523925	      1.07715980019984014504	     -0.35347056457885928094	      0.69837275423062272761	      0.03951767741465770506	     -0.05706199123420734737	      0.34648032868354577962	      0.34648032868354555758	     -0.01326955488467648943	     -0.00000000000000020431	     -0.00000000000000003312	     -0.00689560021807176377	      0.04004605327313612989	      0.01852224754145967434	      0.50031480322625587753	      0.50031480322625621060	     -0.50122498435214946078	     -0.00000000000000087503	     -0.00000000000000464195	      0.11289974592643711726	      0.04000082069806286389	     -0.18990570618159616223	     -0.88904518489376604951	     -0.32060032488934259165	     -0.24711501760632209601	      1.85937845519906463920	      1.38254942010570114341	     -0.00000000000000007192	      0.00000000000000002268	     -0.52814041700736080731	     -0.27091282365993701875	     -0.10519053195100697140	      2.32780734555271617836	      1.33185798376345609917	     -0.00000000000000002561	      0.00000000000000015713
      1.91099999999999980993	     -0.27338024907759428395	     -0.01719419313256865048	      0.00164028311180922483	      0.98858197677496728595	      1.07707993428343051789	     -0.35349632824572663203	      0.68908057400346223176	      0.04332941676474560272	     -0.05206418840477485682	      0.32562476171481052889	      0.32562476171481041787	     -0.01346396122613298905	     -0.00000000000000021412	     -0.00000000000000003233	     -0.00327740178518067882	      0.04163422484987171907	      0.02965035288958848061	      0.53124023410296739023	      0.53124023410296772330	     -0.49115842387352204312	     -0.00000000000000090108	     -0.00000000000000477935	      0.10803430157337590156	      0.04085354904283753502	     -0.18654622080359634095	     -0.88932507054969034410	     -0.31793549198096282549	     -0.25064252158776645363	      1.86263974941649790296	      1.38041272100674672352	     -0.00000000000000008075	      0.00000000000000002184	     -0.52927211769186632839	     -0.27341598994423388369	     -0.10120067066732385541	      2.32512042726822620864	      1.33101208235354073750	     -0.00000000000000002918	      0.00000000000000017235
      1.91499999999999981348	     -0.26927576509043088526	     -0.01676280011701242537	      0.00033148402020105540	      0.98828205205322250393	      1.07680827040397719685	     -0.35357225740677161729	      0.68083796776153948649	      0.04660153937961536430	     -0.04815395225186770017	      0.30844607093092524241	      0.30844607093092518690	     -0.01253279650828375592	     -0.00000000000000022372	     -0.00000000000000003143	      0.00158257347619689126	      0.04347876758646514878	      0.04030315711613990243	      0.56421214443941125616	      0.56421214443941158923	     -0.47920523461155029032	     -0.00000000000000092718	     -0.00000000000000491800	      0.10332414513179700999	      0.04173910930377671552	     -0.18299801204971591351	     -0.88920785345767949792	     -0.31564664386080615310	     -0.25395942351711708884	      1.86582141049810856792	      1.37840002522417970354	     -0.00000000000000008988	      0.00000000000000002086	     -0.53040920635039334741	     -0.27571087970486035656	     -0.09738408759340339005	      2.32170452187876596994	      1.33014073540116739558	     -0.00000000000000003322	      0.00000000000000018830
      1.91899999999999981704	     -0.26534994454510707484	     -0.01635603233178978613	     -0.00087526054708507472	      0.98792436929783344901	      1.07634963119176751967	     -0.35368884162398761539	      0.67359436546095274867	      0.04943833628205230452	     -0.04536298864528569980	      0.29488181463482343592	      0.29488181463482338041	     -0.01056262985565438288	     -0.00000000000000023305	     -0.00000000000000003125	      0.00755940106865559888	      0.04541820289526873194	      0.05013901306688393206	      0.59889385055128196989	      0.59889385055128230295	     -0.46608181718286034734	     -0.00000000000000095348	     -0.00000000000000505691	      0.09874799386723769057	      0.04270057363792541943	     -0.17927843615382549336	     -0.88867344323571006992	     -0.31375550312797428898	     -0.25704089908332161674	      1.86894011104058699324	      1.37650319332437076625	     -0.00000000000000009914	      0.00000000000000001994	     -0.53157785178021332850	     -0.27777084356987630231	     -0.09377848157444183819	      2.31762261921417733745	      1.32925846434289129938	     -0.00000000000000003818	      0.00000000000000020403
      1.92299999999999982059	     -0.26155562647173785651	     -0.01602492409287074523	     -0.00200330473185250007	      0.98751558512714576743	      1.07571126041160014530	     -0.35383426596119671448	      0.66722095372734724350	      0.05195612438824221552	     -0.04364315636555153588	      0.28473805102908616993	      0.28473805102908605891	     -0.00771777226220892679	     -0.00000000000000024126	     -0.00000000000000003069	      0.01449730682303842534	      0.04728709669983792441	      0.05884527902339612565	      0.63492514768520091906	      0.63492514768520125212	     -0.45252245152222642099	     -0.00000000000000098007	     -0.00000000000000519589	      0.09426090615551331597	      0.04377042586517623096	     -0.17539840330431996640	     -0.88769674384154295677	     -0.31227432777910058004	     -0.25986413393647839198	      1.87199424410119430462	      1.37471173964646897758	     -0.00000000000000010814	      0.00000000000000001871	     -0.53280532013007153580	     -0.27957971664474845497	     -0.09040657042554842149	      2.31293222836228862249	      1.32837989241756493364	     -0.00000000000000004313	      0.00000000000000022030
      1.92699999999999982414	     -0.25782833028201601611	     -0.01580398144134962171	     -0.00308343557626148800	      0.98706471062776601766	      1.07490212861795009225	     -0.35399550337976226633	      0.66152215560376248504	      0.05426532865881994461	     -0.04288138170874101346	      0.27770329916639180379	      0.27770329916639174828	     -0.00423745248836719657	     -0.00000000000000024889	     -0.00000000000000003042	      0.02222245182393971230	      0.04893249036832787030	      0.06615672567585655084	      0.67194491291693214663	      0.67194491291693270174	     -0.43921739398744324978	     -0.00000000000000100698	     -0.00000000000000533551	      0.08980241216534413928	      0.04496064861341078633	     -0.17136375852636931416	     -0.88624996700827474161	     -0.31120548710605638876	     -0.26240830441034357357	      1.87496221650322225649	      1.37301558529285361310	     -0.00000000000000011710	      0.00000000000000001689	     -0.53412125838226165442	     -0.28113512738160523208	     -0.08727628833206402259	      2.30768296552417417900	      1.32751945700359019753	     -0.00000000000000004819	      0.00000000000000023646
      1.93099999999999982769	     -0.25409405320819761220	     -0.01570446052608811746	     -0.00414848577278341315	      0.98658256683025735700	      1.07393207932408474292	     -0.35415947497566074853	      0.65625418138466984352	      0.05645493215264957287	     -0.04292040663566794312	      0.27337408107466765195	      0.27337408107466759644	     -0.00042562265255771952	     -0.00000000000000025623	     -0.00000000000000003002	      0.03055675520657313501	      0.05022779067470686809	      0.07187122718527022558	      0.70961231920602019230	      0.70961231920602063639	     -0.42675462307251421645	     -0.00000000000000103370	     -0.00000000000000547557	      0.08530587884902875173	      0.04625600809427161259	     -0.16717717335082979413	     -0.88430467161992121206	     -0.31054200350759225691	     -0.26465475067580324087	      1.87780298564670133921	      1.37140725975555444194	     -0.00000000000000012617	      0.00000000000000001511	     -0.53555835226242298752	     -0.28245014014081037956	     -0.08438241862035875118	      2.30191464429587888674	      1.32669095980201090512	     -0.00000000000000005367	      0.00000000000000025253
      1.93499999999999983125	     -0.25027818582830402283	     -0.01571152385041108338	     -0.00522777397497267270	      0.98608096242130161002	      1.07281087251122819737	     -0.35431413869506911407	      0.65114914201502838154	      0.05858115036532291625	     -0.04358283652849153506	      0.27128985383542675303	      0.27128985383542664200	      0.00336665251942994386	     -0.00000000000000026441	     -0.00000000000000002922	      0.03933170628734850710	      0.05108237739391687654	      0.07586150810476267881	      0.74762497642855640922	      0.74762497642855696434	     -0.41557081226323389078	     -0.00000000000000106039	     -0.00000000000000561521	      0.08070826877022388435	      0.04761174757496519638	     -0.16284024613653810820	     -0.88183369125968213975	     -0.31026885076059623758	     -0.26658740335329367266	      1.88045881597637953853	      1.36988327296956180490	     -0.00000000000000013561	      0.00000000000000001370	     -0.53715191195575495708	     -0.28355304683825660605	     -0.08170935762226540222	      2.29565609659257452435	      1.32590699475078666048	     -0.00000000000000005934	      0.00000000000000026873
      1.93899999999999983480	     -0.24631475446508838134	     -0.01578604526894855642	     -0.00634212747549929134	      0.98557167181586191607	      1.07154718554475603121	     -0.35444938698802630483	      0.64594255020132718137	      0.06066183043029731853	     -0.04469560036028964040	      0.27097409953958989659	      0.27097409953958984108	      0.00676566801025394599	     -0.00000000000000027272	     -0.00000000000000002833	      0.04840113901002575381	      0.05144550528088764202	      0.07808180894136802774	      0.78573261957827200686	      0.78573261957827245094	     -0.40591681744483287808	     -0.00000000000000108711	     -0.00000000000000575480	      0.07595939779734399433	      0.04895657745293341412	     -0.15835561368919076619	     -0.87881322937034955789	     -0.31036466857367261962	     -0.26819349976474760044	      1.88286012793247592434	      1.36844447028437010694	     -0.00000000000000014550	      0.00000000000000001183	     -0.53893809718121843400	     -0.28448534591145091532	     -0.07923460338134276360	      2.28892513107803718952	      1.32517833682157570863	     -0.00000000000000006524	      0.00000000000000028528
      1.94299999999999983835	     -0.24215512681644929538	     -0.01587115601034556553	     -0.00750010795310612679	      0.98506531594062840540	      1.07014764255457683895	     -0.35455767804765042639	      0.64040178165504013652	      0.06267732597347791534	     -0.04611213128464439898	      0.27197798334533640485	      0.27197798334533634934	      0.00940510681362580724	     -0.00000000000000028068	     -0.00000000000000002771	      0.05765208722761856058	      0.05130387804672945778	      0.07856887972347845195	      0.82374551244502636216	      0.82374551244502680625	     -0.39784130628390806939	     -0.00000000000000111505	     -0.00000000000000589435	      0.07102982091767470751	      0.05020113956709633396	     -0.15372890650618206698	     -0.87522521187639978901	     -0.31080362658982879642	     -0.26946451453041725399	      1.88493194913772277310	      1.36709531941872164396	     -0.00000000000000015602	      0.00000000000000000996	     -0.54095062737595334124	     -0.28529811936513060910	     -0.07693244180124511611	      2.28172966103841456942	      1.32451338834029064273	     -0.00000000000000007136	      0.00000000000000030205
      1.94699999999999984190	     -0.23777527606049728148	     -0.01590278621543059906	     -0.00869587518112040735	      0.98457025143449983240	      1.06861599374706006671	     -0.35463437366686106911	      0.63435276176962429595	      0.06457770404116082441	     -0.04772982509167027210	      0.27392262502616432363	      0.27392262502616426811	      0.01095945442118930781	     -0.00000000000000028789	     -0.00000000000000002666	      0.06701297106135732651	      0.05067333732670797203	      0.07743757172740781125	      0.86153742438542502136	      0.86153742438542557647	     -0.39119383885476349816	     -0.00000000000000114363	     -0.00000000000000603419	      0.06591644828027837244	      0.05125118346149126758	     -0.14897033497586859019	     -0.87105959946683375605	     -0.31155741482546767118	     -0.27039710816426326678	      1.88660105242528342018	      1.36584224440402146605	     -0.00000000000000016666	      0.00000000000000000812	     -0.54321613248175415478	     -0.28604721023450513373	     -0.07477716965346828393	      2.27406947754729982236	      1.32391779302571599430	     -0.00000000000000007739	      0.00000000000000031942
      1.95099999999999984546	     -0.23318082537433909573	     -0.01582292678962520308	     -0.00990898649988116234	      0.98409157974016803205	      1.06695253875000295452	     -0.35467779239994723373	      0.62770221395183678492	      0.06629550404955593390	     -0.04950078051491845627	      0.27653596337436459063	      0.27653596337436453512	      0.01117799466021861775	     -0.00000000000000029508	     -0.00000000000000002587	      0.07645852346627921015	      0.04958588045782113402	      0.07487150653484661578	      0.89904336817921781666	      0.89904336817921837177	     -0.38564723145156076800	     -0.00000000000000117165	     -0.00000000000000617329	      0.06064521376002514341	      0.05202405937500067384	     -0.14409562794435515354	     -0.86631613616004710110	     -0.31259742973330123528	     -0.27099388763285414683	      1.88780281966837693020	      1.36469123053030449988	     -0.00000000000000017666	      0.00000000000000000578	     -0.54574861682319975031	     -0.28678764382372118336	     -0.07274530491653959097	      2.26593808568946908366	      1.32339431450847100358	     -0.00000000000000008324	      0.00000000000000033705
      1.95499999999999984901	     -0.22840928854694034222	     -0.01559321326944031888	     -0.01110596923545512094	      0.98363041197160516749	      1.06515387819795059876	     -0.35468905082620444391	      0.62045259043828537848	      0.06776167057165066732	     -0.05143488983425911071	      0.27967947649929997267	      0.27967947649929991716	      0.00991960418283388892	     -0.00000000000000030281	     -0.00000000000000002532	      0.08601091505117661185	      0.04807470470052971345	      0.07110996005342215542	      0.93625256544718515883	      0.93625256544718582497	     -0.38073629290368832256	     -0.00000000000000119962	     -0.00000000000000631255	      0.05527053040936751038	      0.05246574430457037752	     -0.13912611591957629864	     -0.86100494740037836205	     -0.31389716014654289733	     -0.27126378922580118846	      1.88848706010949074496	      1.36364512869886889135	     -0.00000000000000018669	      0.00000000000000000337	     -0.54854413249758127158	     -0.28756781576192147476	     -0.07081669158000622466	      2.25732445831228556443	      1.32294297943381478078	     -0.00000000000000008940	      0.00000000000000035581
      1.95899999999999985256	     -0.22353144987887085815	     -0.01520590404898235042	     -0.01224451325599558438	      0.98318297368483453802	      1.06321448379107952320	     -0.35467231057203058020	      0.61271113926928855165	      0.06892668054277859002	     -0.05360781843129790170	      0.28336364213586789917	      0.28336364213586789917	      0.00709059386465287281	     -0.00000000000000031074	     -0.00000000000000002483	      0.09573820582330648532	      0.04615861485930274760	      0.06642974065056024557	      0.97319806293094557326	      0.97319806293094601735	     -0.37590823886506380402	     -0.00000000000000122734	     -0.00000000000000645207	      0.04987280822131234803	      0.05256792053927830666	     -0.13408370381267464833	     -0.85513980228706654163	     -0.31544163411942027775	     -0.27122306680561264480	      1.88862341328914440375	      1.36270107068480728074	     -0.00000000000000019662	      0.00000000000000000098	     -0.55158295356805708831	     -0.28842075391744698143	     -0.06897456347550114109	      2.24821520476599179261	      1.32256187636842414967	     -0.00000000000000009573	      0.00000000000000037457
      1.96299999999999985612	     -0.21864488971463905131	     -0.01469059502927357388	     -0.01327604322567258084	      0.98274116845587522473	      1.06112646847369496150	     -0.35463362450874108545	      0.60467976418427216156	      0.06977358949013010014	     -0.05610167634302799800	      0.28774315147460333142	      0.28774315147460338693	      0.00290875598865996668	     -0.00000000000000031902	     -0.00000000000000002541	      0.10574537848816152608	      0.04383378906053895380	      0.06113083630064072849	      1.00994241084177338585	      1.00994241084177382994	     -0.37057883916512635025	     -0.00000000000000125545	     -0.00000000000000659205	      0.04455065331967920927	      0.05237316792769751428	     -0.12899313296581330079	     -0.84874178317814030770	     -0.31722238908347011321	     -0.27089301034636864562	      1.88820250500363417956	      1.36184906459119914324	     -0.00000000000000020684	     -0.00000000000000000138	     -0.55482354659856369938	     -0.28936403420685108401	     -0.06720568240778840297	      2.23859701661580201559	      1.32224671029538054512	     -0.00000000000000010209	      0.00000000000000039332
      1.96699999999999985967	     -0.21386990576547662557	     -0.01411951469122426500	     -0.01415619171118072395	      0.98229274303206992602	      1.05888032054192215980	     -0.35457999982458515698	      0.59664711355517585645	      0.07032505711808301196	     -0.05903504247662336862	      0.29310133358103773737	      0.29310133358103779289	     -0.00235790534294732287	     -0.00000000000000032700	     -0.00000000000000002580	      0.11616922286885845994	      0.04106575282572744873	      0.05551520056919109769	      1.04656341764321814125	      1.04656341764321858534	     -0.36419023892002611031	     -0.00000000000000128328	     -0.00000000000000673165	      0.03941521096039546368	      0.05198118211057901894	     -0.12387567437822771810	     -0.84183862373242268617	     -0.31923582603088901388	     -0.27029885167788197942	      1.88723293269459224675	      1.36107077231966022701	     -0.00000000000000021693	     -0.00000000000000000327	     -0.55819744670358584226	     -0.29039684379652208612	     -0.06549729320173990066	      2.22845437039952276592	      1.32199292089023656693	     -0.00000000000000010884	      0.00000000000000041183
      1.97099999999999986322	     -0.20933981466030082697	     -0.01360336519840349943	     -0.01484921233270846026	      0.98182197436965223947	      1.05646707063947209448	     -0.35451899134861808438	      0.58896386203804296233	      0.07065186916424326391	     -0.06251950630345377846	      0.29981930062854861285	      0.29981930062854861285	     -0.00829789638028465872	     -0.00000000000000033533	     -0.00000000000000002728	      0.12716595074692318978	      0.03778986742139225918	      0.04987093980765845702	      1.08314004770744043427	      1.08314004770744087836	     -0.35626302935701664731	     -0.00000000000000131107	     -0.00000000000000687170	      0.03457994428399024933	      0.05154438526399082038	     -0.11874562052856113548	     -0.83445819724806935547	     -0.32148571714766832619	     -0.26946809741531202453	      1.88573839917358276885	      1.36033987172584325265	     -0.00000000000000022660	     -0.00000000000000000495	     -0.56161552682851345608	     -0.29149926861383257393	     -0.06383563089258577350	      2.21777077078115247843	      1.32179616106843389467	     -0.00000000000000011557	      0.00000000000000042978
      1.97499999999999986677	     -0.20518962846791377608	     -0.01328321715644530457	     -0.01533362008624388796	      0.98131072854162981756	      1.05388022554764071437	     -0.35445798924762894622	      0.58201309486991981146	      0.07087153861010417333	     -0.06663722700409512034	      0.30833464247360625743	      0.30833464247360631294	     -0.01438519472120338219	     -0.00000000000000034411	     -0.00000000000000003007	      0.13889880830261777667	      0.03391757321650347434	      0.04445793467870171739	      1.11973948892427044299	      1.11973948892427110913	     -0.34643934905520373801	     -0.00000000000000133891	     -0.00000000000000701223	      0.03015045849372478132	      0.05125707802897608995	     -0.11360677115131966042	     -0.82662427126752757722	     -0.32398157135481220337	     -0.26842840862498934529	      1.88375145746766281540	      1.35962344474344454248	     -0.00000000000000023634	     -0.00000000000000000626	     -0.56497248235863761767	     -0.29263438592064244803	     -0.06220364812628521173	      2.20652759657892483247	      1.32165330226578037198	     -0.00000000000000012273	      0.00000000000000044762
      1.97899999999999987033	     -0.20154333741887167641	     -0.01331709328374694121	     -0.01560634763797653056	      0.98073981880986638160	      1.05111776259062916772	     -0.35440352952901854611	      0.57617594991171561247	      0.07113945352544367995	     -0.07141980468560056583	      0.31909289168497173561	      0.31909289168497168010	     -0.02001336735792370522	     -0.00000000000000035140	     -0.00000000000000003251	      0.15152456748885503868	      0.02934893975280938871	      0.03949708163675737932	      1.15640541617250636186	      1.15640541617250725004	     -0.33451319229747433770	     -0.00000000000000136655	     -0.00000000000000715285	      0.02621434346832621221	      0.05133747738544655603	     -0.10844991233335300740	     -0.81835265787422295514	     -0.32673543895739365350	     -0.26720515540843542412	      1.88130595050529358936	      1.35888457996579692377	     -0.00000000000000024654	     -0.00000000000000000776	     -0.56815297060776182025	     -0.29375239573630673728	     -0.06057939907923019091	      2.19470251739196609009	      1.32156327055518407754	     -0.00000000000000013018	      0.00000000000000046631
      1.98299999999999987388	     -0.19850127333778658234	     -0.01386240333225700373	     -0.01568492707804411412	      0.98009052538082552797	      1.04818394472605502799	     -0.35436069202218262175	      0.57179549749371161305	      0.07163320533897629683	     -0.07683259765888428294	      0.33249609470924196275	      0.33249609470924190724	     -0.02453975082135525024	     -0.00000000000000035918	     -0.00000000000000003440	      0.16517978539366445778	      0.02399015227084128066	      0.03516363093882474838	      1.19314800644371854510	      1.19314800644371921123	     -0.32044553927125063453	     -0.00000000000000139435	     -0.00000000000000729413	      0.02283191265999255995	      0.05200429949707407323	     -0.10325158277919871397	     -0.80964812553658527250	     -0.32975754152378322637	     -0.26581892423478298282	      1.87842914436673558143	      1.35808595050493363665	     -0.00000000000000025709	     -0.00000000000000000950	     -0.57103876790341900893	     -0.29479628910915028905	     -0.05893545925418179621	      2.18226782279497300010	      1.32152763813598195242	     -0.00000000000000013773	      0.00000000000000048558
      1.98699999999999987743	     -0.19612944469991178131	     -0.01505672164793691280	     -0.01560737806844627457	      0.97934607021895114798	      1.04509062786132078671	     -0.35433266358342468960	      0.56914246725249850734	      0.07253275931123558118	     -0.08276635866927119223	      0.34885412139951177402	      0.34885412139951182953	     -0.02733518762227869076	     -0.00000000000000036522	     -0.00000000000000003358	      0.17996825840234023652	      0.01777289678424099836	      0.03158430513357510933	      1.22993695425448423819	      1.22993695425448512637	     -0.30436330088839591568	     -0.00000000000000142101	     -0.00000000000000743620	      0.02002878319606643878	      0.05345130228969467712	     -0.09797439476424092686	     -0.80050218889406066225	     -0.33305155229485283730	     -0.26428349544441281926	      1.87513459460921394495	      1.35719381439821029645	     -0.00000000000000026773	     -0.00000000000000001160	     -0.57351619728482117200	     -0.29570843668700402818	     -0.05723935991907008747	      2.16918913290077686185	      1.32155091093678578318	     -0.00000000000000014514	      0.00000000000000050521
      1.99099999999999988098	     -0.19445249651813698022	     -0.01699954107723729985	     -0.01542964863687743687	      0.97849284629887478548	      1.04185773312494922571	     -0.35432054938757773233	      0.56838631146041829201	      0.07399952658244153547	     -0.08903741764955626359	      0.36834409553132169135	      0.36834409553132169135	     -0.02783410935864262525	     -0.00000000000000037050	     -0.00000000000000003102	      0.19595101745231269241	      0.01067244712157463735	      0.02883770598036149505	      1.26669845362498012520	      1.26669845362498056929	     -0.28654234751462998032	     -0.00000000000000144700	     -0.00000000000000757828	      0.01779111004394783729	      0.05582337948143632073	     -0.09256901005282223982	     -0.79089159473851611271	     -0.33661049158225631039	     -0.26260473664536987393	      1.87141670185975828034	      1.35618185814373748421	     -0.00000000000000027831	     -0.00000000000000001390	     -0.57548321828862147864	     -0.29643731215174123905	     -0.05545493278641337731	      2.15542489281575067039	      1.32164046664314827062	     -0.00000000000000015247	      0.00000000000000052475
      1.99499999999999988454	     -0.19345099487808944949	     -0.01973700904802242959	     -0.01522074592256698368	      0.97752128380809089059	      1.03851269830388481807	     -0.35432349047953787258	      0.56957429580237795008	      0.07615682586065387893	     -0.09539665757705563520	      0.39098180304142621244	      0.39098180304142621244	     -0.02558052081115802859	     -0.00000000000000037604	     -0.00000000000000002703	      0.21313949954371042006	      0.00272216301082299104	      0.02695767586941397176	      1.30331576866695830752	      1.30331576866695919570	     -0.26737746323087485667	     -0.00000000000000147288	     -0.00000000000000772104	      0.01606384894549132275	      0.05919691409917528235	     -0.08697760392140668761	     -0.78077714737453129956	     -0.34041404731394286909	     -0.26078047203607718219	      1.86724773498033314034	      1.35503447097136908717	     -0.00000000000000028903	     -0.00000000000000001653	     -0.57685573598129658013	     -0.29694336115055969261	     -0.05354455979999095394	      2.14092679496493953906	      1.32180612893304227917	     -0.00000000000000015992	      0.00000000000000054470
      1.99899999999999988809	     -0.19306289425909867186	     -0.02325127133679433938	     -0.01505595486816074281	      0.97642633881417939534	      1.03508895827250801958	     -0.35433909668306240448	      0.57262080438410989380	      0.07907371408667886181	     -0.10154678035646452772	      0.41660769590429647113	      0.41660769590429652665	     -0.02026585831307521970	     -0.00000000000000038381	     -0.00000000000000002210	      0.23149219954454230974	     -0.00597727410137779622	      0.02593927175580347175	      1.33963224362782584720	      1.33963224362782695742	     -0.24734368197459630223	     -0.00000000000000149969	     -0.00000000000000786462	      0.01475229868168915180	      0.06356642598927210452	     -0.08113854025557323824	     -0.77010290762865329928	     -0.34442775255319102445	     -0.25880114908565537979	      1.86257796579000145520	      1.35374915353873759294	     -0.00000000000000029944	     -0.00000000000000001929	     -0.57757281155706485798	     -0.29720304131461688923	     -0.05147233665844397343	      2.12564123562577167448	      1.32205938325058158789	     -0.00000000000000016772	      0.00000000000000056479
      2.00300000000000011369	     -0.19318862680992718306	     -0.02745582267756910277	     -0.01500882587369321841	      0.97520764801811266054	      1.03162377917965564222	     -0.35436412535224515175	      0.57730815445415106790	      0.08275391343506881270	     -0.10716639462278798600	      0.44488845031536011776	      0.44488845031536022878	     -0.01175504825560914901	     -0.00000000000000039282	     -0.00000000000000001896	      0.25091517705949806238	     -0.01525526158661234984	      0.02574659357124660375	      1.37545600365757136885	      1.37545600365757247907	     -0.22695355587774443396	     -0.00000000000000152612	     -0.00000000000000800949	      0.01372719867419727388	      0.06883902557088654450	     -0.07499192662483276928	     -0.75879660043573293748	     -0.34860390549089365075	     -0.25665118288024546533	      1.85733930802162894302	      1.35233779845889712234	     -0.00000000000000030965	     -0.00000000000000002202	     -0.57760066754681305135	     -0.29721054694052423395	     -0.04920790661935911525	      2.10951218113249128194	      1.32241227593672316942	     -0.00000000000000017561	      0.00000000000000058434
      2.00700000000000011724	     -0.19369914907422020045	     -0.03219790995924677601	     -0.01514291550884124503	      0.97386940510498987145	      1.02815597959108995241	     -0.35439526354878253533	      0.58329888713279964829	      0.08713131336777538150	     -0.11193828087763531276	      0.47533310491844382728	      0.47533310491844388279	     -0.00009844846983498299	     -0.00000000000000040392	     -0.00000000000000001788	      0.27126677091943773856	     -0.02487630527335502745	      0.02632127724735013399	      1.41056620257825748865	      1.41056620257825837683	     -0.20671502253538623362	     -0.00000000000000155230	     -0.00000000000000815361	      0.01283344361124789078	      0.07483762030626246731	     -0.06848562664991632298	     -0.74677266678162046443	     -0.35288370524274548234	     -0.25431099254953198896	      1.85145254500192613101	      1.35082658830497570612	     -0.00000000000000031985	     -0.00000000000000002470	     -0.57693548745249878529	     -0.29697737169412374847	     -0.04673040029464663875	      2.09248608569811755942	      1.32287610973060587582	     -0.00000000000000018349	      0.00000000000000060364
      2.01100000000000012079	     -0.19444643837802505493	     -0.03726847706720511771	     -0.01550433414857546426	      0.97241996392355389833	      1.02472404192197785733	     -0.35442984541749117389	      0.59015864091896763632	      0.09207298600877079908	     -0.11557879120433106612	      0.50732208885316520952	      0.50732208885316509850	      0.01447154807784371139	     -0.00000000000000041652	     -0.00000000000000002342	      0.29236661754051002093	     -0.03455306915269133056	      0.02759037528944912124	      1.44472095571570657846	      1.44472095571570768868	     -0.18709386315269102563	     -0.00000000000000157831	     -0.00000000000000829744	      0.01190207388129368819	      0.08131316209441932785	     -0.06158126724875007812	     -0.73393926767106121289	     -0.35720000871351326177	     -0.25175970219257215454	      1.84483782622373770899	      1.34925436548263344427	     -0.00000000000000033029	     -0.00000000000000002718	     -0.57560465437115926335	     -0.29653024270864913881	     -0.04403186013317560848	      2.07451918598408502348	      1.32346006604568011689	     -0.00000000000000019144	      0.00000000000000062278
      2.01499999999999968026	     -0.19527572523885697309	     -0.04241894690832403308	     -0.01611599410280355194	      0.97087117208328521656	      1.02136486545879723309	     -0.35446636055556729472	      0.59738754387135184487	      0.09738940714813847099	     -0.11786505569891925216	      0.54014643583779975433	      0.54014643583779986535	      0.03155891125784698187	     -0.00000000000000043069	     -0.00000000000000003017	      0.31400861146771524846	     -0.04396640426742275121	      0.02947286452355913841	      1.47766729491485704351	      1.47766729491485793169	     -0.16848295728104167868	     -0.00000000000000160502	     -0.00000000000000844149	      0.01076460392686007413	      0.08796487324593607604	     -0.05425970276856482283	     -0.72020936701471471864	     -0.36148033326284229050	     -0.24897823174315691919	      1.83742727293917851306	      1.34766955922969411397	     -0.00000000000000034069	     -0.00000000000000002979	     -0.57366590564045616407	     -0.29590815741718595744	     -0.04111958471279977129	      2.05558653638175892198	      1.32416989514498983915	     -0.00000000000000019961	      0.00000000000000064194
      2.01899999999999968381	     -0.19603839960851132673	     -0.04738320213606712211	     -0.01697424953152561547	      0.96923751482768860654	      1.01811307024308184133	     -0.35450466518742873578	      0.60445728777969698342	      0.10285076000446828626	     -0.11865661719505678218	      0.57305363923919472313	      0.57305363923919483415	      0.05063646477965824677	     -0.00000000000000044074	     -0.00000000000000002498	      0.33597711829113341420	     -0.05279027743698930936	      0.03188439083769827737	      1.50915343139075441847	      1.50915343139075552870	     -0.15117939232992971821	     -0.00000000000000163216	     -0.00000000000000858640	      0.00926843154854102916	      0.09446644351046608323	     -0.04652530500058000423	     -0.70551463884229692614	     -0.36565000391533847290	     -0.24595233962984838771	      1.82917796757065942437	      1.34612593232811694755	     -0.00000000000000035118	     -0.00000000000000003216	     -0.57120407207462742250	     -0.29515908370724264209	     -0.03801689790814113262	      2.03569145697915443449	      1.32500681758293281653	     -0.00000000000000020793	      0.00000000000000066160
      2.02299999999999968736	     -0.19660424934236081507	     -0.05190232351886134299	     -0.01804832250021576323	      0.96753524366605236917	      1.01500056982747222101	     -0.35454587330547782109	      0.61085045983059660379	      0.10820747729075679000	     -0.11790905972333355634	      0.60529583083883031769	      0.60529583083883053973	      0.07109011516522298346	     -0.00000000000000045036	     -0.00000000000000001549	      0.35806491619009589433	     -0.06071875919499570423	      0.03474026909806081365	      1.53894234107049610039	      1.53894234107049721061	     -0.13537068847273275862	     -0.00000000000000165999	     -0.00000000000000873184	      0.00729188503571412665	      0.10049536857813484714	     -0.03840848533092865169	     -0.68982008787710435982	     -0.36963537157956272150	     -0.24267518155763204146	      1.82008383493092762428	      1.34467762807682977844	     -0.00000000000000036144	     -0.00000000000000003463	     -0.56832552339529773811	     -0.29433648093426817427	     -0.03476221115281942498	      2.01487411874483557384	      1.32596674441806694489	     -0.00000000000000021643	      0.00000000000000068173
      2.02699999999999969091	     -0.19687166435498865136	     -0.05574870395965179914	     -0.01928258294792005445	      0.96578165608411647991	      1.01205616557809796596	     -0.35459196247189211926	      0.61609783158579289886	      0.11321221957327702590	     -0.11567872279272518876	      0.63617504580948858184	      0.63617504580948880388	      0.09226880646279056464	     -0.00000000000000045801	     -0.00000000000000000590	      0.38009005607319240605	     -0.06749134559956562751	      0.03795744260267327336	      1.56682390464847021150	      1.56682390464847154377	     -0.12113194935330057200	     -0.00000000000000168858	     -0.00000000000000887799	      0.00475704593154020750	      0.10576154078406641013	     -0.02996593901322340200	     -0.67313683863548623432	     -0.37336700042589948678	     -0.23914897133770185444	      1.81018545510452422143	      1.34337425412279221071	     -0.00000000000000037170	     -0.00000000000000003738	     -0.56515096916524021342	     -0.29349557133758225058	     -0.03140677059625063272	      1.99321832164887569050	      1.32703986860643419199	     -0.00000000000000022466	      0.00000000000000070203
      2.03099999999999969447	     -0.19677502106257738212	     -0.05874625608800834037	     -0.02060146187957098696	      0.96399454765782766064	      1.00930504594267667073	     -0.35464519991040321933	      0.61980945455357450147	      0.11764062208390635433	     -0.11211832378896482987	      0.66508094806526241172	      0.66508094806526252274	      0.11353328904644867381	     -0.00000000000000046190	      0.00000000000000001284	      0.40190892689673585192	     -0.07291325041924347217	      0.04145610160525747129	      1.59262324279385958370	      1.59262324279386069392	     -0.10843481313492671358	     -0.00000000000000171716	     -0.00000000000000902380	      0.00163848566379271466	      0.11003149294005271086	     -0.02127824264442322588	     -0.65553067367713402369	     -0.37678295642742914984	     -0.23538547246484758935	      1.79957703000723334696	      1.34225668506788831102	     -0.00000000000000038237	     -0.00000000000000004051	     -0.56180751209297841164	     -0.29268939414072342453	     -0.02801154768192826855	      1.97085573847015882443	      1.32821066322359992995	     -0.00000000000000023268	      0.00000000000000072281
      2.03499999999999969802	     -0.19628921233191168327	     -0.06078464097377832970	     -0.02191633686415260865	      0.96219171975595496615	      1.00676817339774560267	     -0.35470754748813887458	      0.62169681593672843078	      0.12130926493691178425	     -0.10746399783383880910	      0.69151840060847324931	      0.69151840060847324931	      0.13429922478580394452	     -0.00000000000000046768	      0.00000000000000002622	      0.42342445187889959923	     -0.07686902063566911081	      0.04516083463956094279	      1.61620549464196838763	      1.61620549464196971989	     -0.09716590350947541810	     -0.00000000000000174497	     -0.00000000000000916907	     -0.00203314745349590523	      0.11314620427589910934	     -0.01244483752701134108	     -0.63712472044686430106	     -0.37983248451707724014	     -0.23140542159298635450	      1.78840956518443627843	      1.34135391239731593949	     -0.00000000000000039285	     -0.00000000000000004413	     -0.55842098707600584806	     -0.29196501213055681134	     -0.02464343956678983691	      1.94796704795861597148	      1.32945827514568581940	     -0.00000000000000024034	      0.00000000000000074369
      2.03899999999999970157	     -0.19543128970483722440	     -0.06182639086621025126	     -0.02313349153644968237	      0.96039045635988296024	      1.00446163314028091840	     -0.35478020461373355188	      0.62158452171532985187	      0.12408992840608465413	     -0.10201483747967697580	      0.71512342863666855663	      0.71512342863666866766	      0.15407229032015343217	     -0.00000000000000047268	      0.00000000000000004249	      0.44458954665279770690	     -0.07932892363951253578	      0.04900082284793041282	      1.63747871815600065659	      1.63747871815600176681	     -0.08715060587138280523	     -0.00000000000000177210	     -0.00000000000000931437	     -0.00617289490467192586	      0.11503137828482384863	     -0.00357676847898033253	     -0.61809549152563247887	     -0.38248015336133128761	     -0.22723718681043036938	      1.77688936310450862344	      1.34068103626826684582	     -0.00000000000000040296	     -0.00000000000000004893	     -0.55510990576533991714	     -0.29136036789964037119	     -0.02137079054299485803	      1.92477958709369056933	      1.33075727833997703442	     -0.00000000000000024793	      0.00000000000000076511
      2.04299999999999970512	     -0.19425888219704165460	     -0.06190634889894174042	     -0.02416232244221547254	      0.95860701074283249934	      1.00239611619351021155	     -0.35486339543304051825	      0.61941122670104531434	      0.12591896094831572794	     -0.09610685363244554635	      0.73566713813064033012	      0.73566713813064044114	      0.17247350296724664465	     -0.00000000000000047589	      0.00000000000000005900	      0.46540600535580384234	     -0.08034774321228681238	      0.05290914296496163072	      1.65639536437011258840	      1.65639536437011392067	     -0.07817864814224466385	     -0.00000000000000179900	     -0.00000000000000946021	     -0.01064809238115731714	      0.11569945757539538966	      0.00521222677584055709	     -0.59866241849871482117	     -0.38471001589698311518	     -0.22291480449970299538	      1.76527166389840495242	      1.34023851405348248811	     -0.00000000000000041359	     -0.00000000000000005512	     -0.55198220799954111904	     -0.29090203083955978869	     -0.01825855112455243914	      1.90156152506855358197	      1.33207874330872333424	     -0.00000000000000025537	      0.00000000000000078664
      2.04699999999999970868	     -0.19286511017852386862	     -0.06112341443674371849	     -0.02492311531675873645	      0.95685622046632012871	      1.00057674450260436494	     -0.35495641866373439655	      0.61522078049320394477	      0.12680021012399239622	     -0.09008425740974417006	      0.75304853582429431835	      0.75304853582429442937	      0.18925274676044859246	     -0.00000000000000047570	      0.00000000000000007723	      0.48591861552983850459	     -0.08005579300342764715	      0.05682184621091757731	      1.67295095484709888112	      1.67295095484710043543	     -0.07002906474568212913	     -0.00000000000000182510	     -0.00000000000000960518	     -0.01528879483308010281	      0.11524294169659191067	      0.01381541754891756936	     -0.57907222310634620666	     -0.38652877413007014074	     -0.21847534081569144893	      1.75385015957856449376	      1.34001286205881364744	     -0.00000000000000042333	     -0.00000000000000006207	     -0.54913515061059725575	     -0.29060385614215228367	     -0.01536384018377262399	      1.87861291495954163544	      1.33339154079806232467	     -0.00000000000000026290	      0.00000000000000080754
      2.05099999999999971223	     -0.19137011649511742606	     -0.05962538251704615350	     -0.02535385534341566202	      0.95515130985617902049	      0.99900341074525678131	     -0.35505788356316969612	      0.60914503460019364667	      0.12680035404823392087	     -0.08427107359623024763	      0.76727790020168562535	      0.76727790020168562535	      0.20428899650596829551	     -0.00000000000000047266	      0.00000000000000009235	      0.50620450295844143795	     -0.07864249628291240801	      0.06067758486894322956	      1.68717860948120934594	      1.68717860948121090026	     -0.06249266460307657811	     -0.00000000000000185044	     -0.00000000000000974974	     -0.01990094519219665764	      0.11381921800519001486	      0.02214251421254152460	     -0.55958050518191038147	     -0.38796672128221354470	     -0.21395563559517163932	      1.74294340224298505149	      1.33997887428240103347	     -0.00000000000000043184	     -0.00000000000000007162	     -0.54665761731158168946	     -0.29046680535994534589	     -0.01273264155844731904	      1.85625425195813975598	      1.33466381022601154882	     -0.00000000000000027004	      0.00000000000000082811
      2.05499999999999971578	     -0.18991014108506087954	     -0.05758918270070657180	     -0.02541566526510748852	      0.95350383543322581037	      0.99767164963443433212	     -0.35516600142870402568	      0.60138061821968058496	      0.12603727539697573423	     -0.07894569750937416308	      0.77845344141174555030	      0.77845344141174555030	      0.21757781363415037990	     -0.00000000000000046426	      0.00000000000000010321	      0.52635881579454046886	     -0.07633466276472564149	      0.06441787644216090403	      1.69913968282150062983	      1.69913968282150218414	     -0.05539070548036437863	     -0.00000000000000187510	     -0.00000000000000989362	     -0.02428101315216155479	      0.11162892636469236296	      0.03012770418516287976	     -0.54043340918099569414	     -0.38907566062731274714	     -0.20938896613881677333	      1.73287922948252992583	      1.34010303747763437343	     -0.00000000000000043991	     -0.00000000000000008297	     -0.54463328128607801926	     -0.29048022884505192431	     -0.01039786021488505428	      1.83481356072414847347	      1.33586451919939541710	     -0.00000000000000027762	      0.00000000000000084800
      2.05899999999999971934	     -0.18862547581155600374	     -0.05519963370859409801	     -0.02509648466938715558	      0.95192371345854143172	      0.99657391200670097930	     -0.35527880241015136198	      0.59216251635615535509	      0.12466350620332743160	     -0.07432074723378570558	      0.78673452041620450803	      0.78673452041620461905	      0.22920893964185359848	     -0.00000000000000045578	      0.00000000000000010015	      0.54647855355146857104	     -0.07337273560977432274	      0.06798767349038425944	      1.70891180076531212784	      1.70891180076531390419	     -0.04858890014505706789	     -0.00000000000000189957	     -0.00000000000001003718	     -0.02823071564121545918	      0.10889108107950180859	      0.03773526318642823202	     -0.52185189674297027818	     -0.38992371730947478214	     -0.20480244676132033921	      1.72397839293630350532	      1.34034757771826606998	     -0.00000000000000044764	     -0.00000000000000009262	     -0.54314299721473480176	     -0.29062465261865216837	     -0.00837865636964505237	      1.81461324875020890701	      1.33696502151710228112	     -0.00000000000000028524	      0.00000000000000086802
      2.06299999999999972289	     -0.18764856078009908846	     -0.05262938021185154663	     -0.02441266362937830059	      0.95041932223049552242	      0.99570103839115431388	     -0.35539420098186136343	      0.58173737779320844332	      0.12284701937712173836	     -0.07052990602816033849	      0.79231468526916570827	      0.79231468526916581929	      0.23933708279326867951	     -0.00000000000000043130	      0.00000000000000010900	      0.56664646727629575107	     -0.06998786534818635108	      0.07133591783555121024	      1.71657590528385961548	      1.71657590528386139184	     -0.04200584247872957838	     -0.00000000000000192435	     -0.00000000000001018167	     -0.03157053474602694587	      0.10581803099208442198	      0.04496214217099713667	     -0.50402027580623365299	     -0.39058770727127528621	     -0.20021569241518796800	      1.71653851109435651168	      1.34067459458172644204	     -0.00000000000000045444	     -0.00000000000000010265	     -0.54226548567607091300	     -0.29087577803985742442	     -0.00668099207820347079	      1.79595767870241873609	      1.33794052142361308277	     -0.00000000000000029361	      0.00000000000000088951
      2.06699999999999972644	     -0.18709336671793000417	     -0.05002197447639030597	     -0.02340822531295879555	      0.94899770158792684516	      0.99504369644065404632	     -0.35550992074547671518	      0.57033956114872463861	      0.12075169273775045176	     -0.06762256042329667372	      0.79539773659118107041	      0.79539773659118118143	      0.24814991897972271673	     -0.00000000000000039798	      0.00000000000000014056	      0.58691704498970531656	     -0.06638198039205235601	      0.07441575637547423461	      1.72220426485849120724	      1.72220426485849298359	     -0.03561474257676772864	     -0.00000000000000194910	     -0.00000000000001032645	     -0.03415086828728650103	      0.10259298330022904866	      0.05183740034351391746	     -0.48707974768373113461	     -0.39114435774604816576	     -0.19564080957412530171	      1.71081939160933815813	      1.34104981960926572526	     -0.00000000000000045823	     -0.00000000000000011057	     -0.54207625701589046141	     -0.29120909232339103889	     -0.00529937752739485356	      1.77912199848504859467	      1.33877134623940330371	     -0.00000000000000030284	      0.00000000000000091081
      2.07099999999999972999	     -0.18704707948095827819	     -0.04747954422885737602	     -0.02215165647362881199	      0.94766485275172129832	      0.99459357649484436692	     -0.35562334919155574875	      0.55817242487104656856	      0.11851974392787617552	     -0.06556649299764356897	      0.79617939607687282511	      0.79617939607687293613	      0.25583690023623456566	     -0.00000000000000036314	      0.00000000000000016844	      0.60730627288566529920	     -0.06271274320106304256	      0.07718418480498416556	      1.72585118885861987792	      1.72585118885862165428	     -0.02943800591703676570	     -0.00000000000000197372	     -0.00000000000001047173	     -0.03585990937448935850	      0.09935247371008418260	      0.05841865544435605184	     -0.47112681754638618958	     -0.39166185256475000154	     -0.19108356075697846554	      1.70703069541399865550	      1.34144560829723991091	     -0.00000000000000045809	     -0.00000000000000011647	     -0.54264529292699381635	     -0.29160428624239553841	     -0.00421973385131394624	      1.76434263537146174272	      1.33944392591025396300	     -0.00000000000000031289	      0.00000000000000092862
      2.07499999999999973355	     -0.18756476948025757601	     -0.04505594160207613413	     -0.02073038220403150209	      0.94642609719507175825	      0.99434422762554286468	     -0.35573140087056098757	      0.54539602919091167976	      0.11625824881129905031	     -0.06425792604948679654	      0.79483546585797881789	      0.79483546585797915096	      0.26256198960917070950	     -0.00000000000000032454	      0.00000000000000020104	      0.62778601345138751455	     -0.05908482342258428166	      0.07960126708176715193	      1.72754721205747685531	      1.72754721205747863166	     -0.02353619756362996043	     -0.00000000000000199834	     -0.00000000000001061666	     -0.03662785132730833615	      0.09617552649770563789	      0.06478600678206193619	     -0.45621545405395724782	     -0.39219286275742765158	     -0.18654541704202701191	      1.70532282370692889195	      1.34184291371405928217	     -0.00000000000000045678	     -0.00000000000000011875	     -0.54403414559552276675	     -0.29204864335397995312	     -0.00342304864693461844	      1.75180996400455080142	      1.33995141230450087733	     -0.00000000000000032344	      0.00000000000000094412
      2.07899999999999973710	     -0.18866743846608011181	     -0.04275589295510964088	     -0.01924334928536039491	      0.94528640822230514118	      0.99429147306231802084	     -0.35583045224298559539	      0.53212153502382308901	      0.11403142611118866068	     -0.06353754404732321615	      0.79151628734596157777	      0.79151628734596191084	      0.26844307270430811663	     -0.00000000000000027314	      0.00000000000000024990	      0.64828326148091719450	     -0.05554844383621346943	      0.08162927816471721165	      1.72729686953512828751	      1.72729686953513006387	     -0.01799414819034862029	     -0.00000000000000202386	     -0.00000000000001076114	     -0.03642735349107686232	      0.09308061228744794746	      0.07103401316673270405	     -0.44236163781250553706	     -0.39276976051351220054	     -0.18202613082184518345	      1.70578175685374855419	      1.34223210552864213874	     -0.00000000000000045444	     -0.00000000000000012001	     -0.54629298454540109464	     -0.29253872679791181888	     -0.00288933755783499181	      1.74166364398535256086	      1.34029389049527547506	     -0.00000000000000033346	      0.00000000000000096006
      2.08299999999999974065	     -0.19034334697985583196	     -0.04054008261989260065	     -0.01779240246536631029	      0.94425061449175795580	      0.99443338601208164373	     -0.35591638908262329677	      0.51841197453276155471	      0.11185938411166392037	     -0.06321068892446680965	      0.78634686890796101633	      0.78634686890796123837	      0.27353982522389219678	     -0.00000000000000022125	      0.00000000000000030850	      0.66868412402799004557	     -0.05210519319654326187	      0.08323205589638117685	      1.72508017917129086172	      1.72508017917129286012	     -0.01290632251358025083	     -0.00000000000000204965	     -0.00000000000001090543	     -0.03527067807586865833	      0.09003052670291329662	      0.07726247487524105784	     -0.42954926079959881990	     -0.39340233824906373217	     -0.17752645777077866174	      1.70842806678380632057	      1.34261261633346307143	     -0.00000000000000045452	     -0.00000000000000012133	     -0.54945799886386981203	     -0.29308014891464645446	     -0.00260141924836769078	      1.73399067733389711243	      1.34047815625046906618	     -0.00000000000000034289	      0.00000000000000097619
      2.08699999999999974420	     -0.19255194421060961574	     -0.03833537489392654929	     -0.01647345456708879802	      0.94332339542593290904	      0.99476986757348118129	     -0.35598477362449337802	      0.50428843435062475908	      0.10972299596519487219	     -0.06306935514462336245	      0.77943171036191283285	      0.77943171036191316592	      0.27785030468912708113	     -0.00000000000000017853	      0.00000000000000036886	      0.68884197510613520699	     -0.04871984337261302256	      0.08437480356589958930	      1.72085808073942514440	      1.72085808073942714280	     -0.00836250137237429421	     -0.00000000000000207580	     -0.00000000000001104900	     -0.03320447351915598727	      0.08694419248334980810	      0.08356704692540775636	     -0.41773663319305703867	     -0.39407811317644741989	     -0.17305068653966426684	      1.71321969131460183355	      1.34299152011494671299	     -0.00000000000000045407	     -0.00000000000000012210	     -0.55354946525819581638	     -0.29368573647387308245	     -0.00254802073875778435	      1.72882570809154656466	      1.34051708088066390268	     -0.00000000000000035227	      0.00000000000000099449
      2.09099999999999974776	     -0.19522957542063010261	     -0.03604892584681736178	     -0.01536841758947684461	      0.94250904481258168666	      0.99530191906573284299	     -0.35603110354085909517	      0.48974040391659895421	      0.10757380707469875458	     -0.06291370055211890910	      0.77086305379108011060	      0.77086305379108022162	      0.28131529880125366594	     -0.00000000000000013401	      0.00000000000000042516	      0.70858896171165364208	     -0.04533626637300768036	      0.08502441671743295182	      1.71458174022825504679	      1.71458174022825660110	     -0.00443458196907717435	     -0.00000000000000210143	     -0.00000000000001119182	     -0.03030320283407636137	      0.08371363210236926200	      0.09003058497895992385	     -0.40686323374818206267	     -0.39476501732814389678	     -0.16860865633635033212	      1.72005788730636588468	      1.34338125429791177545	     -0.00000000000000045214	     -0.00000000000000012305	     -0.55857056043559372149	     -0.29437266712748821895	     -0.00272584361827086109	      1.72615303137778464126	      1.34042859735480734962	     -0.00000000000000035956	      0.00000000000000101463
      2.09499999999999975131	     -0.19829617996940132607	     -0.03358414252421327434	     -0.01453852712989846772	      0.94181107516465489837	      0.99603074816648251577	     -0.35605110045098747884	      0.47473857987055589902	      0.10534697188804811874	     -0.06257121636744866766	      0.76073067428703144977	      0.76073067428703167181	      0.28382853156443915710	     -0.00000000000000008972	      0.00000000000000048266	      0.72774950120364634287	     -0.04189471517341620405	      0.08515025388507338477	      1.70620443985855274605	      1.70620443985855452240	     -0.00116547594922197079	     -0.00000000000000212730	     -0.00000000000001133389	     -0.02666191606336944936	      0.08022327024405750961	      0.09671577068741260552	     -0.39685667243393507597	     -0.39541580023112155029	     -0.16421684408949202560	      1.72879583355080845841	      1.34379689226868270779	     -0.00000000000000044878	     -0.00000000000000012074	     -0.56450697869641508486	     -0.29515923637251334499	     -0.00314053240541709803	      1.72591001197876914297	      1.34023438149993157076	     -0.00000000000000036529	      0.00000000000000103596
      2.09899999999999975486	     -0.20166224221948123030	     -0.03085597527131502330	     -0.01401944295703790554	      0.94123178546255881205	      0.99695686766223523545	     -0.35604096143152713649	      0.45924814111830314367	      0.10297482220664701258	     -0.06191203675416161872	      0.74913102065480363656	      0.74913102065480385860	      0.28525031075925211255	     -0.00000000000000003968	      0.00000000000000053746	      0.74615406916872817344	     -0.03834736557764149845	      0.08472522340984119105	      1.69569403776152372032	      1.69569403776152527463	      0.00143882892491045190	     -0.00000000000000215368	     -0.00000000000001147559	     -0.02238891475293595945	      0.07636823034153356060	      0.10365936225673760829	     -0.38763980755615523588	     -0.39597328026697220515	     -0.15989807555199517242	      1.73924934601846414850	      1.34425348518752940663	     -0.00000000000000044183	     -0.00000000000000011796	     -0.57132749648634983952	     -0.29606185396886108840	     -0.00380668318120420479	      1.72799173565658348295	      1.33995832819095994637	     -0.00000000000000037170	      0.00000000000000105342
      2.10299999999999975842	     -0.20523522096199478537	     -0.02780362965568758393	     -0.01381837152240896274	      0.94077188496659291950	      0.99807933575250840086	     -0.35599754073635259122	      0.44324054790133593507	      0.10039922899176874360	     -0.06085920540072686791	      0.73617379912199454317	      0.73617379912199476522	      0.28542230476105301396	      0.00000000000000000781	      0.00000000000000059482	      0.76365163402771973900	     -0.03467006490252712292	      0.08372718586065709678	      1.68304423757921406413	      1.68304423757921606253	      0.00341315826989131059	     -0.00000000000000218088	     -0.00000000000001161695	     -0.01759904134849665444	      0.07206926033870285353	      0.11086833939384807546	     -0.37913742739545402971	     -0.39637579189858518358	     -0.15567976885144996224	      1.75120893472748551112	      1.34476386554560956021	     -0.00000000000000043389	     -0.00000000000000011376	     -0.57898531674042841288	     -0.29709264998149226278	     -0.00474696940336483998	      1.73225662425998105931	      1.33962492241679509419	     -0.00000000000000037698	      0.00000000000000106804
      2.10699999999999976197	     -0.20892460805461351980	     -0.02439969542321776541	     -0.01391335430898866729	      0.94043021249431213437	      0.99939526300672598680	     -0.35591846248438335776	      0.42670197463128334281	      0.09758165542079136334	     -0.05939301486335706037	      0.72198447842419000153	      0.72198447842419022358	      0.28418110118630768302	      0.00000000000000005899	      0.00000000000000066356	      0.78011922282817269814	     -0.03086968898816986467	      0.08214085420955639927	      1.66828335953569317773	      1.66828335953569517613	      0.00483238584233073708	     -0.00000000000000220856	     -0.00000000000001175788	     -0.01240859774798619072	      0.06728325384210144533	      0.11831814957596034632	     -0.37128129754145533514	     -0.39656240378820828418	     -0.15159110505259082435	      1.76445209242008993478	      1.34533711041856363089	     -0.00000000000000042500	     -0.00000000000000010974	     -0.58741950172471724123	     -0.29825784518224562891	     -0.00599033594818284675	      1.73853259102198798303	      1.33925761362144180033	     -0.00000000000000038039	      0.00000000000000107808
      2.11099999999999976552	     -0.21264507639421975638	     -0.02065505166182648664	     -0.01425482123783939140	      0.94020355860519944091	      1.00089964477871840032	     -0.35580217018907861481	      0.40963711374140820975	      0.09451014144784275484	     -0.05754909569193752961	      0.70670205913949335486	      0.70670205913949357690	      0.28136830625609993151	      0.00000000000000011505	      0.00000000000000074376	      0.79546744750004871882	     -0.02698690241561272143	      0.07996020843071016682	      1.65147950222415818011	      1.65147950222416017851	      0.00580586131486801604	     -0.00000000000000223738	     -0.00000000000001189882	     -0.00693262832121372373	      0.06200882476260551057	      0.12595322710881001749	     -0.36401262897299002663	     -0.39647759096139428836	     -0.14765962109866920260	      1.77875471022110520636	      1.34597779064419298400	     -0.00000000000000041723	     -0.00000000000000010749	     -0.59655593383602079083	     -0.29955692697331331997	     -0.00756929885810496330	      1.74662331160808048658	      1.33887730518865755158	     -0.00000000000000038306	      0.00000000000000108418
      2.11499999999999976907	     -0.21631797170348751602	     -0.01661900718743955854	     -0.01476939920349753209	      0.94008658920452681240	      1.00258546688737393282	     -0.35564792315902565845	      0.39206876096889864414	      0.09120243502016583959	     -0.05541141431599184985	      0.69047337832816935155	      0.69047337832816957359	      0.27683687282821950459	      0.00000000000000016800	      0.00000000000000079034	      0.80964160007957319820	     -0.02309397463440213127	      0.07719087874001528959	      1.63274109783895715609	      1.63274109783895915449	      0.00646790807564039984	     -0.00000000000000226706	     -0.00000000000001203947	     -0.00128429883879302344	      0.05628648820651828422	      0.13368988035497531008	     -0.35728216873688167787	     -0.39607514708165164619	     -0.14390761646102781524	      1.79390081926125910528	      1.34668609009058193315	     -0.00000000000000040680	     -0.00000000000000010631	     -0.60630816240817153595	     -0.30098258764042240543	     -0.00951677838302322082	      1.75631431166813190003	      1.33850107219951786064	     -0.00000000000000038500	      0.00000000000000109188
      2.11899999999999977263	     -0.21987181176838171970	     -0.01237433656681760988	     -0.01536585430198498387	      0.94007188126358420810	      1.00444398443130733511	     -0.35545575266461099107	      0.37403465814201325434	      0.08770460280082550963	     -0.05310218194007329529	      0.67344634439001149762	      0.67344634439001171966	      0.27045409775506390471	      0.00000000000000022252	      0.00000000000000082887	      0.82261850465079677797	     -0.01928734389196481991	      0.07385164405116143027	      1.61221205732220607132	      1.61221205732220784768	      0.00696592688311392563	     -0.00000000000000229676	     -0.00000000000001218065	      0.00442455915500201274	      0.05019319553597943045	      0.14142157269422978016	     -0.35104873920802359688	     -0.39532121670552045067	     -0.14034870568518045819	      1.80969016704174623378	      1.34745882613552381279	     -0.00000000000000039560	     -0.00000000000000010315	     -0.61657911461657743946	     -0.30252126478508684082	     -0.01186309894047927159	      1.76737865313442266135	      1.33814122181859396221	     -0.00000000000000038630	      0.00000000000000110040
      2.12299999999999977618	     -0.22324227142916419631	     -0.00802771696311750313	     -0.01594265601997263415	      0.94015010890473127425	      1.00646508998768857701	     -0.35522639331191874223	      0.35558293236249155500	      0.08408530729254427849	     -0.05077021661139232561	      0.65576371373797093245	      0.65576371373797115449	      0.26210254284080131137	      0.00000000000000028150	      0.00000000000000087078	      0.83439989305521355956	     -0.01567562186103006738	      0.06997443939026200266	      1.59006165803318300078	      1.59006165803318522123	      0.00744751418378668088	     -0.00000000000000232588	     -0.00000000000001232152	      0.01008275886041811592	      0.04383189403377306392	      0.14902623470059028765	     -0.34527692046566499373	     -0.39419633346787374961	     -0.13698488062577834912	      1.82594354056044272383	      1.34829124326618576823	     -0.00000000000000038360	     -0.00000000000000009927	     -0.62726423884763404804	     -0.30415398464892540176	     -0.01463354200821990851	      1.77958219029137310052	      1.33780477986353063535	     -0.00000000000000038778	      0.00000000000000111012
      2.12699999999999977973	     -0.22637194488711426255	     -0.00369715781677679546	     -0.01639612319412596386	      0.94031044050110834664	      1.00863770645882611099	     -0.35496121257104967794	      0.33676713089814636071	      0.08042692512474092226	     -0.04857871333801742908	      0.63755785833525913109	      0.63755785833525946416	      0.25167989838454374318	      0.00000000000000033406	      0.00000000000000088966	      0.84500375070350286499	     -0.01236512825586443508	      0.06560265681098140234	      1.56647060964964657259	      1.56647060964964879304	      0.00804768282531137698	     -0.00000000000000235490	     -0.00000000000001246275	      0.01557992163445188864	      0.03731797252867100068	      0.15637469306923490464	     -0.33993444992915761160	     -0.39269631534895088620	     -0.13380451615254898567	      1.84250616677144307687	      1.34917924564824809330	     -0.00000000000000037071	     -0.00000000000000009527	     -0.63825579372928764599	     -0.30585716082008213013	     -0.01784650140780403432	      1.79268864734665078764	      1.33749344251107893378	     -0.00000000000000038919	      0.00000000000000111999
      2.13099999999999978328	     -0.22921004492178070899	      0.00050164053257822970	     -0.01662810356181124161	      0.94054119099508870505	      1.01095016116841662779	     -0.35466216469596706373	      0.31764164777285358587	      0.07681505887998180127	     -0.04669313378376528656	      0.61894670241074456474	      0.61894670241074478678	      0.23909879963057087404	      0.00000000000000036785	      0.00000000000000088804	      0.85445513497088176891	     -0.00944533420780235312	      0.06078783458505292170	      1.54161512664195066158	      1.54161512664195288203	      0.00887717963057921278	     -0.00000000000000238416	     -0.00000000000001260438	      0.02080817345460034620	      0.03076482314719967623	      0.16333923326376412200	     -0.33498981493389257125	     -0.39083199137792046240	     -0.13078170295601049267	      1.85924961375718789114	      1.35012167882191569390	     -0.00000000000000035751	     -0.00000000000000009128	     -0.64944770756882663765	     -0.30760302340711914715	     -0.02151216636088652476	      1.80646470951802085025	      1.33720400632828084753	     -0.00000000000000039030	      0.00000000000000112970
      2.13499999999999978684	     -0.23171201806683058844	      0.00446797113241252219	     -0.01655248969042528648	      0.94083067090066563321	      1.01339052233704296491	     -0.35433180275601677822	      0.29825814512672371714	      0.07332814331804878016	     -0.04527000391607999968	      0.60003132721788987602	      0.60003132721789020909	      0.22428697022299712294	      0.00000000000000038719	      0.00000000000000088260	      0.86277756748072520487	     -0.00697636266351571964	      0.05558542426521800861	      1.51565092059292183535	      1.51565092059292383375	      0.01001281204776218771	     -0.00000000000000241389	     -0.00000000000001274584	      0.02566518448888565132	      0.02427089812468044908	      0.16980157107584931131	     -0.33041030070586979717	     -0.38862810936647951277	     -0.12787708674616560245	      1.87607241806049018784	      1.35112228431402892070	     -0.00000000000000034435	     -0.00000000000000008733	     -0.66074034550514781916	     -0.30935944518171970552	     -0.02563161410303838733	      1.82068491086740080753	      1.33692921965241895421	     -0.00000000000000039084	      0.00000000000000113746
      2.13899999999999979039	     -0.23383909828168178424	      0.00812589430223625668	     -0.01610014032201732836	      0.94116806996066293411	      1.01594687809964767666	     -0.35397338422822838266	      0.27866338188679162791	      0.07002881343404628034	     -0.04444746989932452791	      0.58089591049401756440	      0.58089591049401789746	      0.20718823799440402866	      0.00000000000000040696	      0.00000000000000087849	      0.86998582285316805596	     -0.00498039652447471604	      0.05005066069900805659	      1.48869906490884229555	      1.48869906490884451600	      0.01149062027602703283	     -0.00000000000000244542	     -0.00000000000001288705	      0.03005780730282616581	      0.01791056167228893131	      0.17565967331034473831	     -0.32616072652319555436	     -0.38612196450993035990	     -0.12504024469001165376	      1.89289945319737085150	      1.35219097625290429754	     -0.00000000000000033242	     -0.00000000000000008308	     -0.67204438140174416194	     -0.31108913662408188561	     -0.03019620191856964286	      1.83513589931053622273	      1.33665895290827485553	     -0.00000000000000039139	      0.00000000000000114401
      2.14299999999999979394	     -0.23555831541585114941	      0.01142996133336946461	     -0.01522203279720778062	      0.94154420287240547793	      1.01860749182282073200	     -0.35359107471515865972	      0.25889895643294513761	      0.06695811172123539157	     -0.04433834780468231401	      0.56161049032991539054	      0.56161049032991583463	      0.18776552926584255676	      0.00000000000000042086	      0.00000000000000087307	      0.87608110844507836035	     -0.00343793606918399702	      0.04423500069096541337	      1.46083554029756013115	      1.46083554029756235160	      0.01330269954317840966	     -0.00000000000000247579	     -0.00000000000001302812	      0.03390605537460816138	      0.01172993776556573164	      0.18083306871776486102	     -0.32220326236329394076	     -0.38336207789426035575	     -0.12221345097192949647	      1.90967999346114525316	      1.35334420811100786253	     -0.00000000000000032108	     -0.00000000000000007905	     -0.68328339130839776949	     -0.31274845834162412483	     -0.03518722364819409226	      1.84961992632455296537	      1.33638158254710992523	     -0.00000000000000039193	      0.00000000000000115054
      2.14699999999999979750	     -0.23684396342012634107	      0.01436680074888653340	     -0.01389076269680395229	      0.94195201187825516875	      1.02136071993322619100	     -0.35319020949356511041	      0.23900377952669399351	      0.06413290885736912250	     -0.04502622864134447206	      0.54223679786938228098	      0.54223679786938272507	      0.16600731173192542767	      0.00000000000000042913	      0.00000000000000086546	      0.88105000227116569977	     -0.00228872575890635499	      0.03818272290439839178	      1.43208608950037397101	      1.43208608950037619145	      0.01539843076382305283	     -0.00000000000000250508	     -0.00000000000001316832	      0.03714803118571460838	      0.00574753211285566716	      0.18526658251452926551	     -0.31849879803184744098	     -0.38040696748829272433	     -0.11933644174406118910	      1.92638449258014476939	      1.35460435204420592825	     -0.00000000000000030967	     -0.00000000000000007484	     -0.69439562780802965847	     -0.31428626252193619939	     -0.04057586296896627948	      1.86395778800690115062	      1.33608547092334872808	     -0.00000000000000039260	      0.00000000000000115653
      2.15099999999999980105	     -0.23768111803460514886	      0.01695281723660804762	     -0.01210052724854286145	      0.94238678220458316215	      1.02419463301599167337	     -0.35277756493527062664	      0.21901963022421028215	      0.06154653670558700440	     -0.04656490838283972727	      0.52283681395930114988	      0.52283681395930148295	      0.14193785674343503689	      0.00000000000000043806	      0.00000000000000084995	      0.88486805704123727701	     -0.00143682251747935855	      0.03192748448907582748	      1.40242755341037472760	      1.40242755341037717010	      0.01769042229780645042	     -0.00000000000000253381	     -0.00000000000001330837	      0.03974617891579675794	     -0.00004104113754326689	      0.18893247527646889194	     -0.31501002530728783313	     -0.37732396101363935292	     -0.11635170378530686197	      1.94300026669432246429	      1.35599809641366908508	     -0.00000000000000029858	     -0.00000000000000007058	     -0.70533543920026853247	     -0.31564317603686598002	     -0.04632346529621503978	      1.87799145523889432496	      1.33576042069554912217	     -0.00000000000000039326	      0.00000000000000116222
      2.15499999999999980460	     -0.23807034802681109609	      0.01922821784123989602	     -0.00986556005319434021	      0.94284606104523172032	      1.02709644018091439399	     -0.35236159803611011299	      0.19899836991839714440	      0.05917248814010113434	     -0.04898045024926381275	      0.50348227576738324718	      0.50348227576738380229	      0.11562937420935968935	      0.00000000000000044750	      0.00000000000000083869	      0.88750733580007579171	     -0.00075925421755947348	      0.02548983624299696812	      1.37179589351427644317	      1.37179589351427866362	      0.02006441557235867645	     -0.00000000000000256231	     -0.00000000000001344775	      0.04169362380331433082	     -0.00565484458584538351	      0.19183076333845069938	     -0.31170565983263637255	     -0.37418799120511525569	     -0.11320976027458154456	      1.95952660711240977953	      1.35755399428119538641	     -0.00000000000000028748	     -0.00000000000000006632	     -0.71607377353135071019	     -0.31675174308329084871	     -0.05238205532843091122	      1.89158631567564561315	      1.33539896873958618961	     -0.00000000000000039389	      0.00000000000000116793
      2.15899999999999980815	     -0.23803191106664914334	      0.02124767818243955206	     -0.00721693544394435942	      0.94332929562633160980	      1.03005190257037226864	     -0.35195261342447109465	      0.17900840075536875173	      0.05697090469371573346	     -0.05227463313498030562	      0.48426261738061332496	      0.48426261738061382456	      0.08721240181140917092	      0.00000000000000046268	      0.00000000000000083246	      0.88894611852359128878	     -0.00011763885227193308	      0.01887735056385744098	      1.34010035118703174639	      1.34010035118703418888	      0.02239167695722115575	     -0.00000000000000259157	     -0.00000000000001358703	      0.04301846575184212207	     -0.01111656094984708222	      0.19398742262796409008	     -0.30856486495555440763	     -0.37108029565880373823	     -0.10987390738851948724	      1.97596997449814848480	      1.35929938799473815081	     -0.00000000000000027625	     -0.00000000000000006188	     -0.72659660598450603874	     -0.31753783696246939972	     -0.05869497691291242908	      1.90463275780160956607	      1.33499737992865319391	     -0.00000000000000039442	      0.00000000000000117354
      2.16299999999999981171	     -0.23760816033371381928	      0.02306869113482341860	     -0.00419802455674327373	      0.94383725635486426242	      1.03304487603903294435	     -0.35156280947232165790	      0.15913874205341299595	      0.05489709076275723493	     -0.05642880240188009183	      0.46528968769989714760	      0.46528968769989764720	      0.05688204650712029575	      0.00000000000000048100	      0.00000000000000083294	      0.88917908413728696804	      0.00062846199068119233	      0.01208810414539458408	      1.30724223644864867566	      1.30724223644865089611	      0.02454229872190366590	     -0.00000000000000262074	     -0.00000000000001372592	      0.04378474588500389647	     -0.01643993553030944840	      0.19545061570611449442	     -0.30558111095987861017	     -0.36808690461969939545	     -0.10632389285866923612	      1.99233958715084313873	      1.36125702590394692670	     -0.00000000000000026501	     -0.00000000000000005746	     -0.73690098684412197461	     -0.31792349901048500005	     -0.06519762100827602991	      1.91704685272215114011	      1.33455623493796382562	     -0.00000000000000039501	      0.00000000000000117915
      2.16699999999999981526	     -0.23686363869517734759	      0.02473958945487420014	     -0.00085937895502320131	      0.94437136681190836374	      1.03605706105658956773	     -0.35120614404157551869	      0.13950028035064515608	      0.05291068029269210826	     -0.06140750991597789671	      0.44669886687614712706	      0.44669886687614768217	      0.02489901804282208114	      0.00000000000000049636	      0.00000000000000084019	      0.88822652573859228742	      0.00160848064749263267	      0.00511686360977012516	      1.27313569586553820834	      1.27313569586554042878	      0.02639792812476914399	     -0.00000000000000264990	     -0.00000000000001386425	      0.04409003957911082627	     -0.02161801149672868197	      0.19628570322947683224	     -0.30276487868143275861	     -0.36529677874661714565	     -0.10255805044263940906	      2.00864327283919985589	      1.36344181188500224167	     -0.00000000000000025373	     -0.00000000000000005302	     -0.74698974491986513957	     -0.31783095881076250944	     -0.07181833084583119642	      1.92876993889185133213	      1.33408055166881545084	     -0.00000000000000039566	      0.00000000000000118492
      2.17099999999999981881	     -0.23588268999230982415	      0.02628923586497129011	      0.00274618290701006580	      0.94493305705459651467	      1.03906801136261472962	     -0.35089797276733170062	      0.12022416146980736962	      0.05098403341353109630	     -0.06716154766011087074	      0.42864668711338843599	      0.42864668711338888007	     -0.00841510296355206522	      0.00000000000000051088	      0.00000000000000085333	      0.88614135177196384774	      0.00292991624455267571	     -0.00203706086517606647	      1.23772769841276097935	      1.23772769841276297775	      0.02786257040625448808	     -0.00000000000000267916	     -0.00000000000001400195	      0.04406003246714088051	     -0.02661434732359146960	      0.19656987544896120657	     -0.30014469363949330960	     -0.36279947370259979511	     -0.09859353739759832425	      2.02488344055937741217	      1.36585811490382535993	     -0.00000000000000024245	     -0.00000000000000004853	     -0.75686615339436358330	     -0.31718739606526319408	     -0.07847958574743603422	      1.93976703852298060227	      1.33357941710177918537	     -0.00000000000000039631	      0.00000000000000119084
      2.17499999999999982236	     -0.23476473850090376350	      0.02771967034813692735	      0.00656783971424605099	      0.94552321429647157025	      1.04205542034388143335	     -0.35065444906213455445	      0.10145746904230595886	      0.04910879119085517774	     -0.07363020905554233664	      0.41130527585177584227	      0.41130527585177634187	     -0.04268862240572428302	      0.00000000000000052681	      0.00000000000000086122	      0.88301299316763381952	      0.00467041728075429704	     -0.00936128201354940320	      1.20101506305256755525	      1.20101506305256977569	      0.02887046280808905699	     -0.00000000000000270895	     -0.00000000000001414065	      0.04384058860912776190	     -0.03135847657355476242	      0.19638686031701590995	     -0.29776623281792058417	     -0.36068221725250126930	     -0.09446472669573216518	      2.04105340593628259427	      1.36849795045002542437	     -0.00000000000000023109	     -0.00000000000000004417	     -0.76652932380133775858	     -0.31593000207892729669	     -0.08509955933286170171	      1.95002434412627434490	      1.33306518274142926650	     -0.00000000000000039691	      0.00000000000000119710
      2.17899999999999982592	     -0.23361767128742716437	      0.02900248100205209470	      0.01056013085162038449	      0.94614175811471135091	      1.04499567269008286630	     -0.35049170074294910826	      0.08335645147049966508	      0.04729980848243237751	     -0.08074271556470841160	      0.39485415991408528980	      0.39485415991408573388	     -0.07751628422977331623	      0.00000000000000053877	      0.00000000000000086288	      0.87896759577394745211	      0.00687312839684542203	     -0.01682211221041955349	      1.16305679250646520906	      1.16305679250646742950	      0.02939034340214898011	     -0.00000000000000273990	     -0.00000000000001427992	      0.04358789584239015913	     -0.03574620794377912636	      0.19582191267225024234	     -0.29568947907018278132	     -0.35902631894962899750	     -0.09022008571892017881	      2.05713447961735562686	      1.37134025739977594149	     -0.00000000000000021974	     -0.00000000000000003956	     -0.77597063149987277608	     -0.31401096752513990573	     -0.09159414579172805992	      1.95954620413647329080	      1.33255232416630220449	     -0.00000000000000039758	      0.00000000000000120322
      2.18299999999999982947	     -0.23254993282962949097	      0.03007926682762004228	      0.01468518661997319195	      0.94678733162060102480	      1.04786463160599918609	     -0.35042483033377613832	      0.06607781960020862877	      0.04559599923875819888	     -0.08841882567561640260	      0.37947046914414928054	      0.37947046914414978014	     -0.11248040037957969528	      0.00000000000000055192	      0.00000000000000086960	      0.87416407172738241904	      0.00954537006530383793	     -0.02435761658018583548	      1.12398020930919506633	      1.12398020930919706473	      0.02942567893986790944	     -0.00000000000000277150	     -0.00000000000001441869	      0.04345731403794343001	     -0.03964482480356514710	      0.19495732547750549424	     -0.29398410989258555448	     -0.35790305129153437980	     -0.08591793835267891311	      2.07309406995652656391	      1.37435137647264538074	     -0.00000000000000020855	     -0.00000000000000003458	     -0.78517131173336063288	     -0.31140198205346997229	     -0.09787951959071701513	      1.96835194720168682458	      1.33205609007527847609	     -0.00000000000000039825	      0.00000000000000120916
      2.18699999999999983302	     -0.23166202527921569976	      0.03086612405652177857	      0.01891357067459499205	      0.94745709142024192584	      1.05063861238334843584	     -0.35046682573254067661	      0.04976900124781893919	      0.04405796805794873899	     -0.09656878625604888022	      0.36531915218363414377	      0.36531915218363458786	     -0.14717432821216885896	      0.00000000000000056201	      0.00000000000000087347	      0.86878577506737852953	      0.01266055429752894167	     -0.03187281448688752267	      1.08397952637618422145	      1.08397952637618644189	      0.02901060959359686928	     -0.00000000000000280302	     -0.00000000000001455649	      0.04359163441331521949	     -0.04290263024507109252	      0.19386882756212392431	     -0.29272351579801997312	     -0.35736941940379901572	     -0.08162154850351349689	      2.08888489202259375332	      1.37748669200749929153	     -0.00000000000000019702	     -0.00000000000000002980	     -0.79410131098679093142	     -0.30809768358349909345	     -0.10387526201775328094	      1.97647271307111371819	      1.33159110140578351711	     -0.00000000000000039892	      0.00000000000000121499
      2.19099999999999983658	     -0.23103811518339745223	      0.03126182426927637953	      0.02322356819121506460	      0.94814660330803124388	      1.05329547226585540365	     -0.35062747493784146569	      0.03455838139834085943	      0.04276252793323633006	     -0.10509270886582706972	      0.35254478221074153632	      0.35254478221074203592	     -0.18122562837359462717	      0.00000000000000057008	      0.00000000000000087885	      0.86302803755749180059	      0.01616310253478387901	     -0.03923788172459979906	      1.04330619216659559179	      1.04330619216659781223	      0.02820184156333318051	     -0.00000000000000283449	     -0.00000000000001469499	      0.04410959401357142373	     -0.04536203852230532435	      0.19262321893142625440	     -0.29197789073220725697	     -0.35746424032543483440	     -0.07739397330754381465	      2.10444522981577897269	      1.38069332248253284767	     -0.00000000000000018538	     -0.00000000000000002551	     -0.80271948020314065619	     -0.30411753302554528355	     -0.10950800484409839441	      1.98394833378872137430	      1.33117005285061229536	     -0.00000000000000039963	      0.00000000000000122071
      2.19499999999999984013	     -0.23073857350751103557	      0.03115909312621407967	      0.02759892924022218016	      0.94884987903597806103	      1.05581571155961229103	     -0.35091236741835324375	      0.02054661404888526860	      0.04179448333343138006	     -0.11387925109028493309	      0.34126602743887024527	      0.34126602743887074487	     -0.21431566039853999772	      0.00000000000000057788	      0.00000000000000089095	      0.85708278747374888606	      0.01997589731925706116	     -0.04629022532542076407	      1.00225194931956851363	      1.00225194931957051203	      0.02706730835288422704	     -0.00000000000000286305	     -0.00000000000001483391	      0.04509579490425158488	     -0.04687525469503083658	      0.19127752522963503701	     -0.29180690565788808266	     -0.35820476418916408212	     -0.07329317260310624915	      2.11969981206170077215	      1.38391361853838357199	     -0.00000000000000017325	     -0.00000000000000002126	     -0.81097523607289623282	     -0.29950583059428076416	     -0.11471531818792209123	      1.99082416587428245869	      1.33080263555536992826	     -0.00000000000000040054	      0.00000000000000122639
      2.19899999999999984368	     -0.23079436644489936814	      0.03045815405804961490	      0.03202524294595599647	      0.94955959578630244611	      1.05818345015878034765	     -0.35132205765436563816	      0.00780010427505803405	      0.04123627591433087075	     -0.12280344513220955993	      0.33157349401767000074	      0.33157349401767044483	     -0.24619221784806991082	      0.00000000000000058708	      0.00000000000000090585	      0.85112213165240691026	      0.02400960555123846443	     -0.05284120697580407117	      0.96112666343531727442	      0.96112666343531949487	      0.02567294074610621674	     -0.00000000000000289158	     -0.00000000000001497279	      0.04659331396972823947	     -0.04732141724130912996	      0.18987983923685133880	     -0.29225251221798109746	     -0.35958397074260284310	     -0.06936786403269035173	      2.13456067205075594728	      1.38708914399455984778	     -0.00000000000000016239	     -0.00000000000000001615	     -0.81881179326131103835	     -0.29432976950061900956	     -0.11944943780271381761	      1.99714771840662397295	      1.33049477349498079803	     -0.00000000000000040164	      0.00000000000000123228
      2.20299999999999984723	     -0.23120397589694174911	      0.02908105701172336924	      0.03648551044101858848	      0.95026751108557439007	      1.06038714688215129911	     -0.35185147868537081095	     -0.00365247601766143393	      0.04115656213383044049	     -0.13172417409596359761	      0.32353127937677866877	      0.32353127937677911286	     -0.27667346319852331726	      0.00000000000000059522	      0.00000000000000091436	      0.84528291838833391481	      0.02817274976308823536	     -0.05868742104222843953	      0.92023374472180308192	      0.92023374472180552441	      0.02406955000503638309	     -0.00000000000000291758	     -0.00000000000001511262	      0.04859984428013323227	     -0.04662339999140435731	      0.18847148272009406345	     -0.29333254865699870395	     -0.36156882747749036211	     -0.06565452095264645571	      2.14892790142200373893	      1.39016476543940115107	     -0.00000000000000015262	     -0.00000000000000001009	     -0.82617069909254903237	     -0.28867558897496581327	     -0.12368049290891458547	      2.00296523821263772192	      1.33024824674951291925	     -0.00000000000000040295	      0.00000000000000123834
      2.20699999999999985079	     -0.23193321570960778732	      0.02698449441005574753	      0.04095602765690842945	      0.95096499717741955759	      1.06241998016826322271	     -0.35248972268676687092	     -0.01382011707911747454	      0.04159939310313211236	     -0.14048275735079449045	      0.31718215587002851485	      0.31718215587002895894	     -0.30564344866949078039	      0.00000000000000060372	      0.00000000000000091334	      0.83965430386330475176	      0.03238083941941319321	     -0.06362521228493790704	      0.87984669051295094633	      0.87984669051295327780	      0.02228231239644782105	     -0.00000000000000294375	     -0.00000000000001525276	      0.05106757759426678450	     -0.04476155008098594429	      0.18708939781714478690	     -0.29503600370075566683	     -0.36410002755823184240	     -0.06217579080308748007	      2.16269098723967578835	      1.39309240672016287910	     -0.00000000000000014311	     -0.00000000000000000462	     -0.83299700996933290220	     -0.28264307480187200738	     -0.12739899382912139858	      2.00831887398201480721	      1.33006075785944299916	     -0.00000000000000040419	      0.00000000000000124438
      2.21099999999999985434	     -0.23291802579505715975	      0.02416899839520481735	      0.04540355776807041693	      0.95164362366579013930	      1.06427984169669698211	     -0.35322028048567494229	     -0.02274566197942036461	      0.04257561205364809864	     -0.14890394528308337208	      0.31255589335315975275	      0.31255589335316036337	     -0.33304025036948925464	      0.00000000000000061465	      0.00000000000000090929	      0.83427003240666885997	      0.03656313376532611265	     -0.06746676103213465614	      0.84019000668640864138	      0.84019000668641097285	      0.02030505677218451960	     -0.00000000000000296976	     -0.00000000000001539229	      0.05390676263636916266	     -0.04178195410888179556	      0.18576777262352162090	     -0.29732076232746790234	     -0.36709361685885943949	     -0.05894048479551692449	      2.17573137579322839485	      1.39583406147818100962	     -0.00000000000000013393	      0.00000000000000000167	     -0.83924432856100406042	     -0.27633885930673224296	     -0.13061737513522023169	      2.01324496016475551485	      1.32992646225720867470	     -0.00000000000000040527	      0.00000000000000125065
      2.21499999999999985789	     -0.23407001280306977131	      0.02068364767920413336	      0.04978411288101416976	      0.95229574722802601272	      1.06596895005365555065	     -0.35402174652646517528	     -0.03049865659879580360	      0.04405732923970714227	     -0.15679945288337598930	      0.30967957255106443037	      0.30967957255106498549	     -0.35883799970042529193	      0.00000000000000062503	      0.00000000000000090042	      0.82910631971512871452	      0.04066679459155132792	     -0.07005621479070382740	      0.80142646806149631100	      0.80142646806149864247	      0.01810040594820641960	     -0.00000000000000299631	     -0.00000000000001553157	      0.05699269940598641199	     -0.03779846208933305973	      0.18453877105837909745	     -0.30011409985600734363	     -0.37044451834041025595	     -0.05594500172728771731	      2.18792597115166165267	      1.39836381113175378665	     -0.00000000000000012364	      0.00000000000000000722	     -0.84487922586084984733	     -0.26986912907513382898	     -0.13337030969224805688	      2.01777332297353417800	      1.32983689948591399244	     -0.00000000000000040616	      0.00000000000000125678
      2.21899999999999986144	     -0.23528429916299076208	      0.01662626974583709949	      0.05404325736561624988	      0.95291504640206814436	      1.06749313529330436268	     -0.35486893923606011025	     -0.03716571578908386270	      0.04597578585196530204	     -0.16397346158310324715	      0.30858829808917087600	      0.30858829808917137560	     -0.38302454555158899074	      0.00000000000000063351	      0.00000000000000089081	      0.82408554688920410136	      0.04465894584347316482	     -0.07128443788255761637	      0.76365167304181902352	      0.76365167304182124397	      0.01560585457529438044	     -0.00000000000000302254	     -0.00000000000001567040	      0.06017572799922676907	     -0.03298880055026576219	      0.18343276252621093514	     -0.30331579304881189918	     -0.37403169127516822101	     -0.05317585304590723844	      2.19915070592915551373	      1.40066871257811897955	     -0.00000000000000011377	      0.00000000000000001557	     -0.84988481508000501830	     -0.26333241528209111459	     -0.13571348234916230657	      2.02192712469313695678	      1.32978220270025881966	     -0.00000000000000040690	      0.00000000000000126297
      2.22299999999999986500	     -0.23644874579437241691	      0.01213932425503818323	      0.05811785617701720197	      0.95349696733239541757	      1.06886086709351268986	     -0.35573435889188698145	     -0.04283980237104440675	      0.04822279029304610276	     -0.17022954289098546354	      0.30933438235218518875	      0.30933438235218579937	     -0.40557760736920073219	      0.00000000000000064127	      0.00000000000000087841	      0.81908540488073589003	      0.04852708601552022799	     -0.07110091997380625639	      0.72689652462932718979	      0.72689652462932963228	      0.01274496336571705711	     -0.00000000000000304815	     -0.00000000000001580912	      0.06329322181592307583	     -0.02758536278874004766	      0.18247814650960061944	     -0.30680372008818229679	     -0.37772444635540070035	     -0.05061294985632980303	      2.20928373718391624081	      1.40274852880244171871	     -0.00000000000000010339	      0.00000000000000002626	     -0.85426298961791669040	     -0.25681332822709357355	     -0.13772073948645957575	      2.02572295608896846275	      1.32975243605324688900	     -0.00000000000000040777	      0.00000000000000126930
      2.22699999999999986855	     -0.23745311129814836160	      0.00740182773320795847	      0.06193938030848167298	      0.95403901601589935488	      1.07008214927164369001	     -0.35658987613723636123	     -0.04761048422187644930	      0.05065575116315348958	     -0.17537863708895029546	      0.31199271344218776347	      0.31199271344218837410	     -0.42644369891156974628	      0.00000000000000064785	      0.00000000000000086512	      0.81395240928428536087	      0.05227811998837587903	     -0.06952134005125207294	      0.69113792925612227425	      0.69113792925612460571	      0.00944197170836077147	     -0.00000000000000307317	     -0.00000000000001594730	      0.06618186697126439422	     -0.02186149526320145531	      0.18170035040443305308	     -0.31044161636206069055	     -0.38138921802363384694	     -0.04823328396550573272	      2.21820841561094583838	      1.40461442297338501284	     -0.00000000000000009383	      0.00000000000000003775	     -0.85803474038795024548	     -0.25037819901856095406	     -0.13947980801256743000	      2.02917118483592107125	      1.32973887182604166846	     -0.00000000000000040875	      0.00000000000000127577
      2.23099999999999987210	     -0.23819679867659426797	      0.00261782860529708892	      0.06543875579697638889	      0.95454083426702518445	      1.07116741155036221400	     -0.35740852803742589883	     -0.05155694641753235524	      0.05310619569856570715	     -0.17924783575920744116	      0.31666058349343317868	      0.31666058349343373379	     -0.44552392127105938657	      0.00000000000000065454	      0.00000000000000085346	      0.80851837597729125928	      0.05593614342795835692	     -0.06662959129313841822	      0.65631716439818632569	      0.65631716439818854614	      0.00563768354809602006	     -0.00000000000000309728	     -0.00000000000001608491	      0.06868860302040788457	     -0.01611418512982035547	      0.18111965393275272773	     -0.31408854186877543935	     -0.38489614716781517245	     -0.04601462872440785501	      2.22581634653066284812	      1.40628678216567526427	     -0.00000000000000008452	      0.00000000000000004925	     -0.86123818342263414038	     -0.24407329484097531336	     -0.14108687028579530720	      2.03227666796639105939	      1.32973504291933708465	     -0.00000000000000040974	      0.00000000000000128212
      2.23499999999999987566	     -0.23859462191438082779	     -0.00199783318845371495	      0.06855232066161853766	      0.95500403899328167867	      1.07212648638256702327	     -0.35816627414448803934	     -0.05474400037504548872	      0.05539134546025590439	     -0.18168996265839015836	      0.32345218114711782320	      0.32345218114711843382	     -0.46266897888780539327	      0.00000000000000066128	      0.00000000000000084181	      0.80261829486473290629	      0.05953902073629718100	     -0.06257386592370942080	      0.62236343795170268045	      0.62236343795170490090	      0.00130475216652780062	     -0.00000000000000312140	     -0.00000000000001622220	      0.07067959031385390167	     -0.01064424680135553011	      0.18074796310951357636	     -0.31760955096034704237	     -0.38812509307831444261	     -0.04393887622756327549	      2.23201080276054852902	      1.40779239802678901583	     -0.00000000000000007363	      0.00000000000000005932	     -0.86392441357460525442	     -0.23792561192468109077	     -0.14264039533449598962	      2.03503999298798676776	      1.32973748015345893947	     -0.00000000000000041069	      0.00000000000000128865
      2.23899999999999987921	     -0.23858067234479873875	     -0.00623548101803757422	      0.07122812751459987879	      0.95543183837940415248	      1.07296771098331200633	     -0.35884354357248710032	     -0.05722030703528269840	      0.05732794957692930599	     -0.18259421083455984469	      0.33248980034793151894	      0.33248980034793212957	     -0.47767495372057355851	      0.00000000000000066860	      0.00000000000000083011	      0.79610802845819172990	      0.06313377673021353109	     -0.05755711490269680569	      0.58921901383780239669	      0.58921901383780461714	     -0.00353934260723128349	     -0.00000000000000314598	     -0.00000000000001635919	      0.07204724757620159514	     -0.00573537734281377980	      0.18058507315275043603	     -0.32088685221350737864	     -0.39097088460459072934	     -0.04199463507569391185	      2.23671064445160361345	      1.40916127628642340319	     -0.00000000000000006367	      0.00000000000000006958	     -0.86615173922117083549	     -0.23194578116021163927	     -0.14423472035809914438	      2.03745946051814463829	      1.32974607696922109135	     -0.00000000000000041175	      0.00000000000000129552
      2.24299999999999988276	     -0.23811071522281640478	     -0.00990708966791190200	      0.07343227565814787472	      0.95582796688923576944	      1.07369672744951882848	     -0.35942669800660237422	     -0.05902034933344529194	      0.05875007438337620513	     -0.18189156057818253731	      0.34388678350984080989	      0.34388678350984136500	     -0.49038575523667893297	      0.00000000000000067642	      0.00000000000000081929	      0.78887798594804958707	      0.06677048455242094727	     -0.05182137499535936082	      0.55686253015030728886	      0.55686253015030950930	     -0.00882343771531344211	     -0.00000000000000317074	     -0.00000000000001649596	      0.07271305248028960000	     -0.00163155813858131436	      0.18061374218273831826	     -0.32383200991850041861	     -0.39334802458615708565	     -0.04017947016786495990	      2.23985261387479628326	      1.41042335627189330260	     -0.00000000000000005418	      0.00000000000000007968	     -0.86797616158844381751	     -0.22613302262178899826	     -0.14595361826361002988	      2.03953364231168077225	      1.32976429797133843813	     -0.00000000000000041278	      0.00000000000000130249
      2.24699999999999988631	     -0.23716320499452478443	     -0.01286006677337210233	      0.07515269392972223628	      0.95619643229816941865	      1.07431634954458554709	     -0.35990839795021078995	     -0.06016414220146487635	      0.05951996534101422487	     -0.17957880371204168468	      0.35774472976826088289	      0.35774472976826143800	     -0.50052890665126170688	      0.00000000000000068405	      0.00000000000000080840	      0.78086824048553071798	      0.07049709530432100857	     -0.04563209067273801822	      0.52532753903373641258	      0.52532753903373874405	     -0.01442019695534824640	     -0.00000000000000319558	     -0.00000000000001663263	      0.07263294792865708505	      0.00147754346254892538	      0.18079907020022348285	     -0.32639236284066847071	     -0.39519319180880169151	     -0.03849976872001589778	      2.24139697682042582372	      1.41160564655767584163	     -0.00000000000000004554	      0.00000000000000008962	     -0.86944827525154433356	     -0.22047988980489549582	     -0.14786525160796193390	      2.04126471783503138369	      1.32979831359144928804	     -0.00000000000000041393	      0.00000000000000130949
      2.25099999999999988987	     -0.23573302953182084796	     -0.01499286864694786454	      0.07640339602749933456	      0.95654197416481101524	      1.07482791839274582912	     -0.36028759894945960873	     -0.06066100225753831565	      0.05953931179833981541	     -0.17570620959353563939	      0.37413114113169110286	      0.37413114113169171349	     -0.50787799763755947513	      0.00000000000000069162	      0.00000000000000079794	      0.77207448213776708190	      0.07435318680702565630	     -0.03925659853436694324	      0.49471279345997704047	      0.49471279345997937194	     -0.02015130552270647316	     -0.00000000000000322024	     -0.00000000000001676948	      0.07179685152823556127	      0.00347083639744031388	      0.18108780531409923720	     -0.32855227340044756978	     -0.39646724427554286274	     -0.03696953772564305629	      2.24133278868464147493	      1.41272989923260205991	     -0.00000000000000003756	      0.00000000000000009946	     -0.87061108720038493658	     -0.21497515029491556793	     -0.15001676660734314384	      2.04265798077778715225	      1.32985666207169339614	     -0.00000000000000041491	      0.00000000000000131668
      2.25499999999999989342	     -0.23383173921159522424	     -0.01626090986425945614	      0.07722444769354321059	      0.95686847558265020197	      1.07523001883775970455	     -0.36056941595405578305	     -0.06051670198418206137	      0.05876140582266710377	     -0.17038654859622737181	      0.39306575469624599473	      0.39306575469624660535	     -0.51228431723781009399	      0.00000000000000069883	      0.00000000000000078702	      0.76254789770590347686	      0.07836442000538569597	     -0.03294483521852417662	      0.46518530314789763302	      0.46518530314789996449	     -0.02580049405591835002	     -0.00000000000000324455	     -0.00000000000001690623	      0.07022437330275364820	      0.00430464674177059945	      0.18140856277064390523	     -0.33033703937807878948	     -0.39715530354258121726	     -0.03561010605892907244	      2.23967619917818039355	      1.41381114838965737945	     -0.00000000000000003098	      0.00000000000000010948	     -0.87149145001052374937	     -0.20961047171583985227	     -0.15243165845376682732	      2.04372467901945986668	      1.32994910572464442033	     -0.00000000000000041594	      0.00000000000000132450
      2.25899999999999989697	     -0.23148435744407197534	     -0.01667999272441664238	      0.07767990271966103422	      0.95717866408615659424	      1.07551883874136233743	     -0.36076418769178231205	     -0.05973854250935543841	      0.05719629027152187128	     -0.16379106087168465722	      0.41451192740520254043	      0.41451192740520315105	     -0.51368463428384658620	      0.00000000000000070622	      0.00000000000000077569	      0.75239067704598483477	      0.08253721921651813176	     -0.02691254381447627173	      0.43697358002065145310	      0.43697358002065372906	     -0.03113400168367650225	     -0.00000000000000326918	     -0.00000000000001704253	      0.06796047249250171396	      0.00401462534451649863	      0.18167554858069223656	     -0.33180905674689098461	     -0.39726573041361951111	     -0.03444843101144394459	      2.23647099849466668431	      1.41485708671678556136	     -0.00000000000000002444	      0.00000000000000011888	     -0.87209863091623995857	     -0.20438356556648679119	     -0.15510846587622018067	      2.04448305679299302540	      1.33008536332922422396	     -0.00000000000000041690	      0.00000000000000133314
      2.26299999999999990052	     -0.22872621038096949131	     -0.01632521560618154996	      0.07785336096928090199	      0.95747404979015782178	      1.07568868977631360018	     -0.36088614579335887012	     -0.05833942947030416187	      0.05491115931250174775	     -0.15614278742293652424	      0.43837132175488319197	      0.43837132175488380259	     -0.51212472278611509413	      0.00000000000000071351	      0.00000000000000076513	      0.74174657945362310052	      0.08685395004003879094	     -0.02132861888728506197	      0.41035215526110541129	      0.41035215526110774276	     -0.03592620750679015318	     -0.00000000000000329343	     -0.00000000000001717847	      0.06507021528265041765	      0.00271190144966500669	      0.18179423215389131641	     -0.33306041454244617039	     -0.39682807994012780917	     -0.03351511824507227844	      2.23178824184120472296	      1.41586827630576261861	     -0.00000000000000001744	      0.00000000000000012742	     -0.87242547672090187127	     -0.19929953458807186939	     -0.15802133001672871715	      2.04495883679701151436	      1.33027381899413543742	     -0.00000000000000041782	      0.00000000000000134215
      2.26699999999999990408	     -0.22560064984352359851	     -0.01532521340732950245	      0.07784126299405644267	      0.95775505355633805404	      1.07573254928053430035	     -0.36095181291926459188	     -0.05633946598039351467	      0.05202574866342092597	     -0.14770622659587373526	      0.46448463870493600369	      0.46448463870493655881	     -0.50777281375643024131	      0.00000000000000072122	      0.00000000000000075583	      0.73078834520881452708	      0.09126940021868656938	     -0.01630786578861985817	      0.38561922439213308644	      0.38561922439213541791	     -0.03998682729656052176	     -0.00000000000000331720	     -0.00000000000001731435	      0.06163388687844996439	      0.00057353057474826498	      0.18166871171910844995	     -0.33420295702114727332	     -0.39589019512568296433	     -0.03284217021564155709	      2.22572443812531517437	      1.41683910888918540572	     -0.00000000000000001034	      0.00000000000000013674	     -0.87245192770411494898	     -0.19437056918488671009	     -0.16112238418307481269	      2.04518483105322523841	      1.33052039241150610316	     -0.00000000000000041877	      0.00000000000000135128
      2.27099999999999990763	     -0.22215807768910947329	     -0.01385199209501176976	      0.07774435892555948968	      0.95802128098152128377	      1.07564253972154943995	     -0.36097827165075369038	     -0.05376425883949693951	      0.04870281725112898807	     -0.13877355678254985061	      0.49263883485813531049	      0.49263883485813592111	     -0.50091993191602823821	      0.00000000000000072856	      0.00000000000000074739	      0.71970377296767806818	      0.09570943533373933720	     -0.01190983171344787636	      0.36306992804553883669	      0.36306992804554122367	     -0.04318581958226069828	     -0.00000000000000334061	     -0.00000000000001745009	      0.05774341128384408162	     -0.00217228832323455813	      0.18121017615187662297	     -0.33535707075482562578	     -0.39451454612066538807	     -0.03246049613501385267	      2.21839788608286969662	      1.41775938337936358025	     -0.00000000000000000226	      0.00000000000000014735	     -0.87215028994008969576	     -0.18961438721924356310	     -0.16434579088851072881	      2.04519933142822996075	      1.33082774853624363764	     -0.00000000000000041973	      0.00000000000000136052
      2.27499999999999991118	     -0.21845598052789985677	     -0.01210720860344885637	      0.07765821804747370660	      0.95827188158279363872	      1.07541031196798431147	     -0.36098147331333685361	     -0.05064036992515861396	      0.04513453235410980896	     -0.12964822944939724536	      0.52257988518449938198	      0.52257988518449993709	     -0.49196653444456689419	      0.00000000000000073567	      0.00000000000000073812	      0.70868203331298174064	      0.10007241489188642425	     -0.00814354758706796640	      0.34296858668097546241	      0.34296858668097779388	     -0.04547311914523322063	     -0.00000000000000336423	     -0.00000000000001758580	      0.05350019646740995088	     -0.00526499142510432165	      0.18034542854476973139	     -0.33664054998955844633	     -0.39277386150404386411	     -0.03239742912694463378	      2.20994324656705298793	      1.41861628151727381386	      0.00000000000000000659	      0.00000000000000015718	     -0.87149124375538222775	     -0.18505204529773730537	     -0.16761307040420572734	      2.04504329693784780986	      1.33119490947663798863	     -0.00000000000000042090	      0.00000000000000137002
      2.27899999999999991473	     -0.21455931497820573961	     -0.01030612708951352680	      0.07766391920680912331	      0.95850592564329450962	      1.07502733619248092012	     -0.36097476849950199673	     -0.04698917150498974765	      0.04152602984368700123	     -0.12062712139551928781	      0.55402926354509873796	      0.55402926354509929308	     -0.48139661816553647178	      0.00000000000000074292	      0.00000000000000072899	      0.69790154616656407960	      0.10423366607703603293	     -0.00497739897484037949	      0.32552365456498499885	      0.32552365456498733032	     -0.04689102175896753266	     -0.00000000000000338799	     -0.00000000000001772230	      0.04901392548673413202	     -0.00843270189504607276	      0.17902423436922212940	     -0.33815878332498594538	     -0.39074614686970932098	     -0.03267461757917200504	      2.20050473697928916650	      1.41939647105506283609	      0.00000000000000001657	      0.00000000000000016705	     -0.87044943192786339292	     -0.18070579928330995911	     -0.17083924504676623046	      2.04475663211091829297	      1.33161725252455265256	     -0.00000000000000042201	      0.00000000000000137954
      2.28299999999999991829	     -0.21054072510019397613	     -0.00866051506450363218	      0.07781997659770209519	      0.95872273880355640685	      1.07448511395585266648	     -0.36096780228012548264	     -0.04282032846191536485	      0.03807751826513860322	     -0.11198270283372353806	      0.58670231397222183389	      0.58670231397222238900	     -0.46974165028404424316	      0.00000000000000075058	      0.00000000000000071950	      0.68752045375849724085	      0.10805306291253667650	     -0.00235286125913387444	      0.31086858580881032710	      0.31086858580881265857	     -0.04757731131565207799	     -0.00000000000000341195	     -0.00000000000001785999	      0.04440172472949274751	     -0.01141388286948193283	      0.17722454648369539987	     -0.33999729991917038152	     -0.38850933262696923931	     -0.03330655256581079721	      2.19022844076043377015	      1.42008808735933533818	      0.00000000000000002709	      0.00000000000000017570	     -0.86900774306708350458	     -0.17659755404659865929	     -0.17393931775895790648	      2.04437409162500705051	      1.33208684660419884871	     -0.00000000000000042296	      0.00000000000000138890
      2.28699999999999992184	     -0.20648029953892413357	     -0.00736174994536400486	      0.07815640673668095006	      0.95892214530443065090	      1.07377533240403333359	     -0.36096586691108595302	     -0.03812595178185500949	      0.03496636611797430266	     -0.10394703621199911925	      0.62032677113436951455	      0.62032677113436995864	     -0.45753823956573397291	      0.00000000000000075822	      0.00000000000000070992	      0.67767039408699258907	      0.11138545715779023249	     -0.00020029079845041835	      0.29905095194401010161	      0.29905095194401248859	     -0.04775751831277762205	     -0.00000000000000343578	     -0.00000000000001799803	      0.03978714470778776241	     -0.01397803128228898052	      0.17495510234153513474	     -0.34221739692774577613	     -0.38613598192688242117	     -0.03429981159923222583	      2.17925436110964731995	      1.42068237256168861116	      0.00000000000000003686	      0.00000000000000018371	     -0.86715985927547989398	     -0.17274817516791804439	     -0.17683459738659915161	      2.04392161493436441688	      1.33259304536703693245	     -0.00000000000000042367	      0.00000000000000139768
      2.29099999999999992539	     -0.20246474474947862010	     -0.00656540052896474602	      0.07867168935101977179	      0.95910457663038217735	      1.07288997320832191207	     -0.36096976695503385502	     -0.03287640414941050276	      0.03233063840944331441	     -0.09669926147629694102	      0.65465969432011084095	      0.65465969432011139606	     -0.44528396724333713097	      0.00000000000000076584	      0.00000000000000070088	      0.66845394947925573792	      0.11409331010238206450	      0.00154520960739352813	      0.29003137928215744212	      0.29003137928215977359	     -0.04772564417948588905	     -0.00000000000000345986	     -0.00000000000001813565	      0.03529843235652074113	     -0.01594388658560803515	      0.17225513026462657695	     -0.34485502990581312632	     -0.38368857751824880786	     -0.03565297980936808775	      2.16770873791460783053	      1.42117480959231601290	      0.00000000000000004604	      0.00000000000000019179	     -0.86491097030446262295	     -0.16917764929476278302	     -0.17945835451022001950	      2.04341375762227084323	      1.33312325750637317157	     -0.00000000000000042449	      0.00000000000000140661
      2.29499999999999992895	     -0.19858597836028535344	     -0.00637856956703795105	      0.07933313275595577085	      0.95927103640485478220	      1.07182139514202678932	     -0.36097619922748969135	     -0.02701862891037508721	      0.03025559449775268306	     -0.09035762470728184170	      0.68950094867032585277	      0.68950094867032629686	     -0.43339605196709857227	      0.00000000000000077347	      0.00000000000000069216	      0.65994574864353727772	      0.11606034365789254237	      0.00292989308954388081	      0.28369264791976056550	      0.28369264791976300799	     -0.04781457063413731279	     -0.00000000000000348460	     -0.00000000000001827372	      0.03106581550505547670	     -0.01719364295069396656	      0.16919097870044413900	     -0.34792235354220441002	     -0.38121585302379218385	     -0.03735705583884398745	      2.15569685824796364315	      1.42156572053788310406	      0.00000000000000005532	      0.00000000000000019917	     -0.86227674597264347689	     -0.16590589556799886783	     -0.18176025189733124865	      2.04285230764456526842	      1.33366385979851664878	     -0.00000000000000042525	      0.00000000000000141545
      2.29899999999999993250	     -0.19493915327002397930	     -0.00685121581375321923	      0.08008091834444393264	      0.95942292823505370691	      1.07056241101742699584	     -0.36097860590203412201	     -0.02047773706519973383	      0.02876460671341498840	     -0.08497663754978403150	      0.72470137719689908806	      0.72470137719689975420	     -0.42217763219017917509	      0.00000000000000078084	      0.00000000000000068345	      0.65219687078650001588	      0.11720471307528300409	      0.00397141273192990699	      0.27985828278311464246	      0.27985828278311708495	     -0.04835879523621373216	     -0.00000000000000350970	     -0.00000000000001841237	      0.02721770196363056116	     -0.01768177062917769896	      0.16584961602708844786	     -0.35141083290709274056	     -0.37875054425112947287	     -0.03939604741861915671	      2.14329650147847061703	      1.42186038058259645034	      0.00000000000000006459	      0.00000000000000020637	     -0.85928083071899308276	     -0.16295389139303337322	     -0.18370902194310614886	      2.04222581833915262095	      1.33420123260349110517	     -0.00000000000000042595	      0.00000000000000142424
      2.30299999999999993605	     -0.19161991913848216984	     -0.00797222730031508717	      0.08083563474945473781	      0.95956176442642360236	      1.06910639434260135161	     -0.36096840636666754909	     -0.01316227874616603122	      0.02781544859950669732	     -0.08054951631499236708	      0.76016460874372115963	      0.76016460874372171475	     -0.41179558328350768237	      0.00000000000000078752	      0.00000000000000067500	      0.64524149023896126831	      0.11749024582755643320	      0.00465411237803425599	      0.27831847684795407716	      0.27831847684795651965	     -0.04965337996508803475	     -0.00000000000000353453	     -0.00000000000001855010	      0.02387563782246036881	     -0.01743761971282233383	      0.16232944215877867511	     -0.35529499523125052107	     -0.37630871380659053349	     -0.04174758013702354470	      2.13055257161946842714	      1.42206867607532427833	      0.00000000000000007335	      0.00000000000000021359	     -0.85595131263196211346	     -0.16034462191369752704	     -0.18529314605276908656	      2.04150995847272342942	      1.33472281672491166482	     -0.00000000000000042643	      0.00000000000000143267
      2.30699999999999993960	     -0.18872044989852401753	     -0.00967046255528933828	      0.08150852200742679521	      0.95968879612136503976	      1.06744744886349218760	     -0.36093645463396184514	     -0.00497320606508523666	      0.02730223221632380529	     -0.07701557266913919286	      0.79584258548178432591	      0.79584258548178499204	     -0.40227246743881817093	      0.00000000000000079425	      0.00000000000000066643	      0.63910377861382583475	      0.11693441992464495560	      0.00493000603039389206	      0.27885928943309051808	      0.27885928943309307160	     -0.05191450148091079214	     -0.00000000000000355965	     -0.00000000000001868787	      0.02114776793887383766	     -0.01656169434563441525	      0.15872945246782602102	     -0.35953628222210581855	     -0.37389047502753469665	     -0.04438355494750294977	      2.11747401673075641426	      1.42220428872065740578	      0.00000000000000008146	      0.00000000000000022105	     -0.85231666934224437071	     -0.15810328985258195744	     -0.18651966708031428310	      2.04066885773462169951	      1.33521798280810743975	     -0.00000000000000042658	      0.00000000000000144125
      2.31099999999999994316	     -0.18632390842981436108	     -0.01182066043066392659	      0.08201335388455167907	      0.95980461094668712008	      1.06558068388827420492	     -0.36087454799265417105	      0.00418397931579302107	      0.02706286575831522503	     -0.07427184936826317085	      0.83172551271659400651	      0.83172551271659478367	     -0.39349412366318980983	      0.00000000000000080193	      0.00000000000000065752	      0.63380324228920792429	      0.11561203770497259502	      0.00472533506527722611	      0.28129086480331705333	      0.28129086480331960685	     -0.05524693560058636238	     -0.00000000000000358478	     -0.00000000000001882659	      0.01912083730477917229	     -0.01521598214529013872	      0.15513797828836997650	     -0.36408658325552412105	     -0.37148184715130128097	     -0.04727089949943823893	      2.10403404109066771710	      1.42228341992205575828	      0.00000000000000008942	      0.00000000000000022832	     -0.84840172214129638828	     -0.15625640106902810578	     -0.18741143271279134264	      2.03965755453024932820	      1.33567852831463418362	     -0.00000000000000042648	      0.00000000000000144966
      2.31499999999999994671	     -0.18449760677514956408	     -0.01425376713166214004	      0.08227835876526543024	      0.95990874998245745431	      1.06350259336964403367	     -0.36077677913881595062	      0.01438536836985225380	      0.02689145324240477600	     -0.07218735081307273149	      0.86782788115245623750	      0.86782788115245679261	     -0.38523190490416264753	      0.00000000000000081016	      0.00000000000000064899	      0.62935737089837262559	      0.11365384633225035504	      0.00395278592622056758	      0.28547082918935179352	      0.28547082918935434703	     -0.05961697497258868633	     -0.00000000000000360977	     -0.00000000000001896511	      0.01785146596833691451	     -0.01360928238163808257	      0.15162252217156196865	     -0.36889101574129118388	     -0.36905758183750125845	     -0.05037235467852046317	      2.09017382806445173316	      1.42232318773986832205	      0.00000000000000009706	      0.00000000000000023592	     -0.84422413936350049202	     -0.15482973744712050235	     -0.18800318236092602997	      2.03842520812493654958	      1.33609879616840876437	     -0.00000000000000042640	      0.00000000000000145794
      2.31899999999999995026	     -0.18328877494291592742	     -0.01677021834210051451	      0.08225865446286267924	      0.95999860817140869607	      1.06121288526243562345	     -0.36064041820139125516	      0.02567654801553728022	      0.02655217066833780865	     -0.07062064661077119276	      0.90417377625044303979	      0.90417377625044359490	     -0.37717677130734750257	      0.00000000000000081852	      0.00000000000000064042	      0.62578499587299063478	      0.11124272533146038755	      0.00251205108002521991	      0.29132307971881821196	      0.29132307971882093200	     -0.06494079402553924740	     -0.00000000000000363448	     -0.00000000000001910326	      0.01735874772857035758	     -0.01198152344785371332	      0.14821930889767934159	     -0.37389017394974016772	     -0.36658431623348453066	     -0.05364718227081728685	      2.07580926736539117528	      1.42234046762125365682	      0.00000000000000010444	      0.00000000000000024379	     -0.83979157466690834699	     -0.15384773929086137390	     -0.18833739884939768028	      2.03691894763385050737	      1.33647531939154395886	     -0.00000000000000042633	      0.00000000000000146610
      2.32299999999999995381	     -0.18271350919389722778	     -0.01915782074155128120	      0.08193973096794898714	      0.96007018022347656583	      1.05871435242147549083	     -0.36046649770175331895	      0.03805912696106315135	      0.02580261175745372781	     -0.06942975133337458971	      0.94078020852190957779	      0.94078020852191024392	     -0.36898147952808002525	      0.00000000000000082665	      0.00000000000000063235	      0.62309799932748710649	      0.10860024771097932794	      0.00034444693795505606	      0.29884424881830934373	      0.29884424881831200826	     -0.07079996604891351797	     -0.00000000000000365913	     -0.00000000000001924092	      0.01761664217317429962	     -0.01057949343278220301	      0.14493246123817130067	     -0.37902310474189276901	     -0.36402589890576431131	     -0.05705252447390897486	      2.06084173710957729853	      1.42234929410077093337	      0.00000000000000011140	      0.00000000000000025216	     -0.83510025719730163196	     -0.15332916131143906058	     -0.18845907073705711610	      2.03508786408112651856	      1.33680678882078596281	     -0.00000000000000042620	      0.00000000000000147433
      2.32699999999999995737	     -0.18275475280226066710	     -0.02120579087798829532	      0.08134708734504721150	      0.96011787291765371410	      1.05601312132245150899	     -0.36026034021532693519	      0.05148887462923012331	      0.02440896929917293554	     -0.06849013269467424392	      0.97764460720949442063	      0.97764460720949508676	     -0.36030550029601038364	      0.00000000000000083507	      0.00000000000000062522	      0.62130569346392883201	      0.10597285893628545506	     -0.00259004268953919774	      0.30810141008749275526	      0.30810141008749547531	     -0.07676179694951804078	     -0.00000000000000368407	     -0.00000000000001937930	      0.01855446332478590671	     -0.00964087654318069621	      0.14172780127954115459	     -0.38422449627409227535	     -0.36134565500709259211	     -0.06054298106789131328	      2.04516707050083423880	      1.42236101454554120238	      0.00000000000000011877	      0.00000000000000026011	     -0.83013432160880495925	     -0.15328371534336857063	     -0.18841157581878056892	      2.03288365711128582447	      1.33709312604098662369	     -0.00000000000000042584	      0.00000000000000148221
      2.33099999999999996092	     -0.18335943541852767202	     -0.02272379664725195092	      0.08054479947037765375	      0.96013470698174685491	      1.05312000350465084786	     -0.36003094298509946691	      0.06587201991129212897	      0.02216623452499151894	     -0.06770171123066871799	      1.01473359791195538726	      1.01473359791195605339	     -0.35085764003059360938	      0.00000000000000084443	      0.00000000000000061838	      0.62040650302837252461	      0.10361412989986276689	     -0.00628488337912092021	      0.31921886043347513784	      0.31921886043347774686	     -0.08229225193793415771	     -0.00000000000000370945	     -0.00000000000001951878	      0.02005699855387005348	     -0.00937410816809755403	      0.13853609367105707006	     -0.38942479510672262100	     -0.35851107697412726294	     -0.06407152603306047467	      2.02868923201637008091	      1.42238312514690901089	      0.00000000000000012548	      0.00000000000000026848	     -0.82486765377190629511	     -0.15370964349955232309	     -0.18823269963559580154	      2.03026309410853222914	      1.33733496191250056384	     -0.00000000000000042546	      0.00000000000000149040
      2.33499999999999996447	     -0.18443913043657339523	     -0.02355771118048411231	      0.07963150112392282376	      0.96011292055689201330	      1.05005129179620237956	     -0.35979015310043405140	      0.08106867670452544417	      0.01891529516415939652	     -0.06699366605141622577	      1.05197615822811307851	      1.05197615822811374464	     -0.34043140663189497275	      0.00000000000000085362	      0.00000000000000061223	      0.62038182308650502428	      0.10176612789276899551	     -0.01067860444592109818	      0.33235484997334030499	      0.33235484997334296953	     -0.08680576348900470585	     -0.00000000000000373525	     -0.00000000000001965917	      0.02197004626126982524	     -0.00994231325876641925	      0.13525768257751677459	     -0.39455076644354331039	     -0.35549705123257946404	     -0.06759033437002291700	      2.01133262738010731852	      1.42241903825083970681	      0.00000000000000013184	      0.00000000000000027726	     -0.81926520061557994712	     -0.15459225619291178111	     -0.18795179793583419170	      2.02718891039584381275	      1.33753294886441032041	     -0.00000000000000042515	      0.00000000000000149849
      2.33899999999999996803	     -0.18587395284564497966	     -0.02360182407095878787	      0.07873197188679501024	      0.96004474050026400445	      1.04682933410818490572	     -0.35955145388530196371	      0.09690141846251146274	      0.01455624789178032799	     -0.06632419619691931612	      1.08926210339030204999	      1.08926210339030271612	     -0.32892901871043822570	      0.00000000000000086222	      0.00000000000000060563	      0.62118966703184763656	      0.10064201670784293785	     -0.01565116279036908586	      0.34767195230497593972	      0.34767195230497860425	     -0.08971266304747246845	     -0.00000000000000375997	     -0.00000000000001979881	      0.02410935016043492737	     -0.01145181244914718517	      0.13177023005980689763	     -0.39952722891338127154	     -0.35228837373532911892	     -0.07105173868734693254	      1.99305251198468602603	      1.42246830069505070249	      0.00000000000000013831	      0.00000000000000028555	     -0.81328415848919399789	     -0.15590401435021433718	     -0.18758838758962603777	      2.02362967045472430527	      1.33768710120942602160	     -0.00000000000000042490	      0.00000000000000150641
      2.34299999999999997158	     -0.18751997426890334997	     -0.02280618790182266722	      0.07798512573538715631	      0.95992311772548521986	      1.04348265565513975695	     -0.35932848259104288591	      0.11316857872454448575	      0.00905661224601366811	     -0.06567561242597359794	      1.12644631211797929815	      1.12644631211797974224	     -0.31637146323282766547	      0.00000000000000087089	      0.00000000000000059892	      0.62275925074701921069	      0.10041144518693755072	     -0.02102656408477586794	      0.36530452702870752635	      0.36530452702871024639	     -0.09046722060869008541	     -0.00000000000000378390	     -0.00000000000001993711	      0.02627226963596712705	     -0.01394623190368109514	      0.12793892166501294461	     -0.40427992042354016222	     -0.34888141924866283849	     -0.07440925762046046721	      1.97384187705606217733	      1.42252725634913690378	      0.00000000000000014508	      0.00000000000000029314	     -0.80687462619945193865	     -0.15760625096037508830	     -0.18715219211638889352	      2.01955839281019633447	      1.33779624299080834859	     -0.00000000000000042476	      0.00000000000000151456
      2.34699999999999997513	     -0.18922001435986054996	     -0.02117882630675199315	      0.07752969806243337203	      0.95974224247895878470	      1.04004537016581610764	     -0.35913345173396837851	      0.12966106536866248145	      0.00245415114406113705	     -0.06504589853506326236	      1.16335776704912885471	      1.16335776704912952084	     -0.30289412645219110365	      0.00000000000000087890	      0.00000000000000059228	      0.62498761609618513901	      0.10118942349770398970	     -0.02658158465688444452	      0.38532722500686700240	      0.38532722500686972245	     -0.08861211688529052610	     -0.00000000000000380775	     -0.00000000000002007276	      0.02825146959087936754	     -0.01740599834182668393	      0.12362822206163415206	     -0.40873897586358320932	     -0.34528495175398432604	     -0.07761868936365276528	      1.95373367334863434763	      1.42259002683696889058	      0.00000000000000015178	      0.00000000000000029962	     -0.79997965788654268326	     -0.15965213248939547075	     -0.18664414005623550241	      2.01494985190794118068	      1.33785770284148486375	     -0.00000000000000042470	      0.00000000000000152245
      2.35099999999999997868	     -0.19081706703363193744	     -0.01878296906217214596	      0.07748916987381107568	      0.95949774338852289457	      1.03655572547383512116	     -0.35897567232113897218	      0.14618116510027079347	     -0.00514564479503133547	     -0.06443819159350247516	      1.19981191622506933037	      1.19981191622507021854	     -0.28872871919255577167	      0.00000000000000088688	      0.00000000000000058574	      0.62773925021341103747	      0.10302904328523797284	     -0.03205987239131227740	      0.40772820274960513975	      0.40772820274960785980	     -0.08381526204180769768	     -0.00000000000000383201	     -0.00000000000002021128	      0.02984986419827508758	     -0.02175258308749748043	      0.11871417569228910616	     -0.41284235253705131585	     -0.34152010145532557539	     -0.08063920994370224471	      1.93279789667836587874	      1.42264967949287268745	      0.00000000000000015849	      0.00000000000000030611	     -0.79253510396997062237	     -0.16199020421574503170	     -0.18605777516420807238	      2.00977665221869994383	      1.33786736583925036648	     -0.00000000000000042477	      0.00000000000000153053
      2.35499999999999998224	     -0.19216867077163915511	     -0.01572966597604645231	      0.07795765372265786586	      0.95918662100206653065	      1.03305383612999523990	     -0.35886038115332502541	      0.16256132810234080743	     -0.01357714043951015540	     -0.06384968765097608079	      1.23562439339685736783	      1.23562439339685803397	     -0.27417419678327226151	      0.00000000000000089531	      0.00000000000000057999	      0.63084900805109611621	      0.10591841274771580939	     -0.03719003785331637113	      0.43238981083259531157	      0.43238981083259808713	     -0.07589559729110208208	     -0.00000000000000385546	     -0.00000000000002034838	      0.03089564837002181305	     -0.02685682381917797040	      0.11309617857001622032	     -0.41653874709034788282	     -0.33761954317633291467	     -0.08343429878833043267	      1.91113420547796164506	      1.42269947954910280785	      0.00000000000000016512	      0.00000000000000031280	     -0.78447014855285368551	     -0.16456775421233293955	     -0.18538087506335881871	      2.00400485733420374856	      1.33782003939217353228	     -0.00000000000000042488	      0.00000000000000153861
      2.35899999999999998579	     -0.19316006780564012879	     -0.01216638687816958865	      0.07898852295977154547	      0.95880706774353263722	      1.02957892658395633312	     -0.35878805772968019872	      0.17868060394207216368	     -0.02262671583880025011	     -0.06326151294054956076	      1.27062385917436970750	      1.27062385917437037364	     -0.25956074777444465562	      0.00000000000000090412	      0.00000000000000057436	      0.63412819151033494869	      0.10978223939079402582	     -0.04170598019875106088	      0.45907886122860869227	      0.45907886122861146783	     -0.06483541514170829134	     -0.00000000000000387795	     -0.00000000000002048115	      0.03125598123770820941	     -0.03255063022461843897	      0.10670708193812965259	     -0.41978975647068955679	     -0.33362595452331733625	     -0.08597231336462356210	      1.88886159151415866653	      1.42273414400478404040	      0.00000000000000017168	      0.00000000000000031968	     -0.77570967591842021616	     -0.16733336056361447497	     -0.18459729777657948868	      1.99759045810867652548	      1.33770999121166700441	     -0.00000000000000042521	      0.00000000000000154684
      2.36299999999999998934	     -0.19371447427911028805	     -0.00826271459086738193	      0.08058716917690705861	      0.95835831205614097072	      1.02616659997874370980	     -0.35875433803867445848	      0.19447683987406155781	     -0.03204860939423388039	     -0.06263092604073154657	      1.30466221564282314205	      1.30466221564282380818	     -0.24521134801229271805	      0.00000000000000091344	      0.00000000000000056879	      0.63737340801171937787	      0.11448808253879910746	     -0.04536759596551617063	      0.48744768941031141329	      0.48744768941031413334	     -0.05077843595405970994	     -0.00000000000000390161	     -0.00000000000002061222	      0.03084808244905692942	     -0.03864116209086047860	      0.09952067706626280263	     -0.42257096918303699296	     -0.32958988519413573437	     -0.08822667042698374706	      1.86610681601262973217	      1.42275100809082832853	      0.00000000000000017826	      0.00000000000000032642	     -0.76617909178020604521	     -0.17023835984442753366	     -0.18368899042856109971	      1.99047768989312490184	      1.33753154438824073402	     -0.00000000000000042575	      0.00000000000000155505
      2.36699999999999999289	     -0.19379955200605658572	     -0.00419488856475142783	      0.08270868351381018002	      0.95784052330677049714	      1.02284668796766098353	     -0.35875052069492602280	      0.20995327612403111295	     -0.04158291869084006914	     -0.06188690596775111435	      1.33762112279898781608	      1.33762112279898826017	     -0.23140582595120168241	      0.00000000000000092222	      0.00000000000000056377	      0.64037744144924635403	      0.11985661125307792152	     -0.04797987682180085423	      0.51704617732125301988	      0.51704617732125601748	     -0.03401483811842122978	     -0.00000000000000392525	     -0.00000000000002074232	      0.02964665711589651101	     -0.04492614866705357118	      0.09155584920447397412	     -0.42487168930550334167	     -0.32556717351270936245	     -0.09017575803847219240	      1.84299318672157919075	      1.42275096323087413275	      0.00000000000000018474	      0.00000000000000033285	     -0.75581116275181636777	     -0.17323747246964193991	     -0.18263791392896050469	      1.98259969944800240604	      1.33727968236734340302	     -0.00000000000000042619	      0.00000000000000156306
      2.37099999999999999645	     -0.19342977259511848209	     -0.00013108838050792797	      0.08526072304465519280	      0.95725473744732447745	      1.01964209824606011345	     -0.35876457778838177770	      0.22517863084361508519	     -0.05097402410028357284	     -0.06092993626261130474	      1.36941427282562533385	      1.36941427282562577794	     -0.21835190183230213101	      0.00000000000000093086	      0.00000000000000056011	      0.64294109567153401308	      0.12567511866143368793	     -0.04940857589407707251	      0.54734409203105571784	      0.54734409203105860442	     -0.01495476004193055375	     -0.00000000000000395225	     -0.00000000000002088286	      0.02768672758850924606	     -0.05120898285284508633	      0.08287686605916830263	     -0.42669349211094431684	     -0.32161602772071345990	     -0.09180280363942293353	      1.81963103940680226422	      1.42273902744967806200	      0.00000000000000019151	      0.00000000000000033907	     -0.74455377133381905885	     -0.17628920119481433781	     -0.18142765095054705360	      1.97388188114026763564	      1.33695063039321615506	     -0.00000000000000042656	      0.00000000000000157075
      2.37500000000000000000	     -0.19266474167206748547	      0.00378084735798811349	      0.08811092623040797656	      0.95660280020567478587	      1.01656881140953325726	     -0.35878250525359189904	      0.24028072734237637675	     -0.05998766644881602106	     -0.05963634247565418461	      1.39998576931866391959	      1.39998576931866436368	     -0.20616599319901779408	      0.00000000000000093936	      0.00000000000000055639	      0.64488463013443853011	      0.13171329660222452773	     -0.04959105854853958911	      0.57776119814279602860	      0.57776119814279891518	      0.00590688775852946622	     -0.00000000000000398365	     -0.00000000000002103574	      0.02506156037485677765	     -0.05731221205831595056	      0.07358981333268778402	     -0.42804852744425719857	     -0.31779396941987381187	     -0.09309599757463335457	      1.79611126557244182855	      1.42272444161580513544	      0.00000000000000019831	      0.00000000000000034514	     -0.73237757997808461408	     -0.17935656582077863508	     -0.18004461741378735562	      1.96424814078213283430	      1.33654237621769889088	     -0.00000000000000042707	      0.00000000000000157853
      2.37900000000000000355	     -0.19160364856734118932	      0.00742195295849920958	      0.09109773470284455998	      0.95588739188939952918	      1.01363690139044182459	     -0.35878981378275626168	      0.25543446196824504124	     -0.06842490410953031010	     -0.05786715056544715352	      1.42930544243292012574	      1.42930544243292056983	     -0.19486537950786583795	      0.00000000000000094907	      0.00000000000000055286	      0.64605732853910713409	      0.13773990923191556379	     -0.04854132282228883905	      0.60770131819128270223	      0.60770131819128569983	      0.02803021014363597796	     -0.00000000000000401787	     -0.00000000000002119465	      0.02191593845804542043	     -0.06308802926398021649	      0.06383558918801106319	     -0.42895879696497452027	     -0.31415488133456831443	     -0.09404916446278507869	      1.77250301781155150671	      1.42272021657512071080	      0.00000000000000020555	      0.00000000000000035166	     -0.71928276355479370263	     -0.18240840443302244744	     -0.17847886434016671520	      1.95363020551202359876	      1.33605508961246588484	     -0.00000000000000042759	      0.00000000000000158609
      2.38300000000000000711	     -0.19037623897802780082	      0.01070640946925605595	      0.09404346478713072888	      0.95511220325780843421	      1.01085223186284900443	     -0.35877296991389195924	      0.27084535308324259040	     -0.07613164000261439524	     -0.05548069821648033556	      1.45736190002548737787	      1.45736190002548804401	     -0.18437223663510177163	      0.00000000000000096068	      0.00000000000000054920	      0.64634414605275014587	      0.14353886650296437955	     -0.04634870617123589692	      0.63658661848072239930	      0.63658661848072528588	      0.05087028619470394114	     -0.00000000000000405230	     -0.00000000000002135716	      0.01843541510314354245	     -0.06842483083127549881	      0.05378000695861968189	     -0.42945725453869082466	     -0.31074631630238758184	     -0.09466306499303694943	      1.74885585714606617280	      1.42274215557916039465	      0.00000000000000021279	      0.00000000000000035865	     -0.70530379069721815810	     -0.18542111892391774375	     -0.17672452188244069937	      1.94197961263580309854	      1.33549140104778985005	     -0.00000000000000042807	      0.00000000000000159331
      2.38700000000000001066	     -0.18913114928900734424	      0.01358191754658767680	      0.09676846387017466744	      0.95428225925927223638	      1.00821838375013639322	     -0.35872062734870802103	      0.28673027609789503156	     -0.08300315956727602473	     -0.05234727088689344193	      1.48415411614443004673	      1.48415411614443071286	     -0.17452864742314211366	      0.00000000000000097075	      0.00000000000000054561	      0.64566878236220148768	      0.14892313812393195849	     -0.04317046665811900136	      0.66388873940585835243	      0.66388873940586123901	      0.07391304742692239582	     -0.00000000000000408358	     -0.00000000000002151878	      0.01483249786881768971	     -0.07324956798485617038	      0.04360177352960379477	     -0.42959076619281078013	     -0.30760717541656995566	     -0.09494707841328058062	      1.72520572365189472919	      1.42280751636228575130	      0.00000000000000021975	      0.00000000000000036623	     -0.69051128032554842662	     -0.18838037777179483800	     -0.17478008289815738507	      1.92928138605716514853	      1.33485650862475213607	     -0.00000000000000042827	      0.00000000000000160051
      2.39100000000000001421	     -0.18802272073030279476	      0.01602689034234790200	      0.09910522617534057999	      0.95340430366711659271	      1.00573839152200505964	     -0.35862453965329793570	      0.30329707970525743299	     -0.08898357473811746576	     -0.04836366388486981055	      1.50968234593715422420	      1.50968234593715489034	     -0.16512088713103253990	      0.00000000000000097984	      0.00000000000000054246	      0.64399280136560144161	      0.15374497087770933046	     -0.03921883523736512805	      0.68915394892923220738	      0.68915394892923542702	      0.09670360402186940763	     -0.00000000000000411142	     -0.00000000000002168054	      0.01133084369336122277	     -0.07752595925371276453	      0.03347940235279518034	     -0.42942403737854467627	     -0.30476596349398971109	     -0.09492082312886539197	      1.70158383861666551162	      1.42293348808291897356	      0.00000000000000022675	      0.00000000000000037410	     -0.67501069877235930772	     -0.19128195814184317802	     -0.17264870286999198234	      1.91556807773374226933	      1.33415810270763635081	     -0.00000000000000042843	      0.00000000000000160806
      2.39500000000000001776	     -0.18719767749101223764	      0.01804538296624420488	      0.10091129508702027795	      0.95248710817589743449	      1.00341597302054030827	     -0.35848010240681127403	      0.32072480855878821027	     -0.09406070596743802692	     -0.04346566809963133687	      1.53393911584352315991	      1.53393911584352382604	     -0.15590996093959527680	      0.00000000000000098753	      0.00000000000000053781	      0.64131099142483993791	      0.15790139204742054124	     -0.03474377063027729584	      0.71202058124365297243	      0.71202058124365619207	      0.11886534940922165171	     -0.00000000000000413663	     -0.00000000000002184198	      0.00814884208533242504	     -0.08124910256885710391	      0.02357845087245497018	     -0.42904306554779919614	     -0.30223986445653661104	     -0.09461525937329189062	      1.67802752872604132861	      1.42313560568484520630	      0.00000000000000023409	      0.00000000000000038249	     -0.65893851966559091604	     -0.19413098508938822495	     -0.17033854893520541940	      1.90093247335819115484	      1.33340613004073893499	     -0.00000000000000042888	      0.00000000000000161557
      2.39900000000000002132	     -0.18678308359595297006	      0.01966063838031452057	      0.10207970462665620637	      0.95154158293412083314	      1.00125613413385949890	     -0.35828650794053240602	      0.33914628276139507923	     -0.09825744038147299353	     -0.03763664890269203395	      1.55690107292553991947	      1.55690107292554080765	     -0.14666449365794692605	      0.00000000000000099483	      0.00000000000000053286	      0.63764359888477617488	      0.16133467442870191855	     -0.03001306497263621365	      0.73222772428219473628	      0.73222772428219795593	      0.14010940364024188076	     -0.00000000000000416320	     -0.00000000000002200217	      0.00548417258232738840	     -0.08443746467000841360	      0.01404053539966299349	     -0.42855683778672903905	     -0.30003476786847610436	     -0.09407291869165387843	      1.65459198546699348675	      1.42342618452720093281	      0.00000000000000024159	      0.00000000000000039103	     -0.64245675063802210047	     -0.19693932239925437955	     -0.16786318712394135422	      1.88553713381898147006	      1.33261243779364635387	     -0.00000000000000042911	      0.00000000000000162328
      2.40300000000000002487	     -0.18687677908398761528	      0.02090798794894579982	      0.10254587555804635379	      0.95058060754688322724	      0.99926522027671527137	     -0.35804652814055226706	      0.35863481516559592155	     -0.10162093253731685483	     -0.03091113113977806554	      1.57852294468942377925	      1.57852294468942444539	     -0.13719164528314409246	      0.00000000000000100397	      0.00000000000000052739	      0.63302647675875534095	      0.16402835000573587343	     -0.02529159208820000448	      0.74961503751908631354	      0.74961503751908953319	      0.16023455534137548417	     -0.00000000000000418936	     -0.00000000000002215079	      0.00350075600230310329	     -0.08712352338346317226	      0.00497519420134529423	     -0.42809661927824066430	     -0.29814629511074852708	     -0.09334706581727043873	      1.63136176427378543075	      1.42381290293347362308	      0.00000000000000024820	      0.00000000000000039881	     -0.62574664445975491933	     -0.19972155202872915458	     -0.16524207292539749847	      1.86961925370609161057	      1.33179033749716224655	     -0.00000000000000042943	      0.00000000000000163122
      2.40700000000000002842	     -0.18754127926818453531	      0.02182787890404170109	      0.10229016765797951938	      0.94961854907768150635	      0.99745059078018472043	     -0.35776597324498971009	      0.37919692927611930999	     -0.10421133249574632273	     -0.02337334698379432349	      1.59873551231016319818	      1.59873551231016386431	     -0.12736123970480198175	      0.00000000000000101288	      0.00000000000000052006	      0.62750063616948847933	      0.16600027916693418928	     -0.02082158787362566044	      0.76411467412032374469	      0.76411467412032696433	      0.17911924565543052568	     -0.00000000000000421844	     -0.00000000000002230528	      0.00231925987415319010	     -0.08934458953761229005	     -0.00354476189271835194	     -0.42781270127809362114	     -0.29656191633115341899	     -0.09249975028951955280	      1.60846034953438099535	      1.42429776078306313813	      0.00000000000000025573	      0.00000000000000040711	     -0.60900242821485350841	     -0.20249047578191178842	     -0.16250127466600350346	      1.85348965635261087037	      1.33095412007687041722	     -0.00000000000000043020	      0.00000000000000163838
      2.41100000000000003197	     -0.18880171251865332516	      0.02245975798938585483	      0.10133570304266667494	      0.94867052480244551393	      0.99582011218640120731	     -0.35745289680417718925	      0.40077232904108706091	     -0.10609167987322282167	     -0.01515109006770124812	      1.61744887125186398436	      1.61744887125186465049	     -0.11711930033749301527	      0.00000000000000102051	      0.00000000000000051119	      0.62110271974373609805	      0.16729440413956284117	     -0.01680572360689497682	      0.77573686304199940267	      0.77573686304200262231	      0.19670758745513847177	     -0.00000000000000423120	     -0.00000000000002245110	      0.00201202091717899703	     -0.09113521494060607131	     -0.01148415937484132711	     -0.42786891706460500329	     -0.29526409742829112792	     -0.09159884319060153379	      1.58605623348179425314	      1.42487661448530311681	      0.00000000000000026356	      0.00000000000000041431	     -0.59242553281560750289	     -0.20525310170920449404	     -0.15967450831641685771	      1.83752525244698361462	      1.33011856068505807116	     -0.00000000000000043089	      0.00000000000000164351
      2.41500000000000003553	     -0.19064764070794831818	      0.02283742775293071819	      0.09974206574720785590	      0.94775156641597502194	      0.99438164495602743287	     -0.35711665286713462075	      0.42324060989631229202	     -0.10732021796582578987	     -0.00640540106575528730	      1.63455976395011215452	      1.63455976395011282065	     -0.10649049603987445489	      0.00000000000000102807	      0.00000000000000050277	      0.61385773348489547363	      0.16797256746434818808	     -0.01339430646703304931	      0.78455160474740814891	      0.78455160474741136856	      0.21299218382448248388	     -0.00000000000000424628	     -0.00000000000002259174	      0.00260265633919336704	     -0.09252223984883101160	     -0.01884307512240245702	     -0.42843565207080847035	     -0.29423390843809898998	     -0.09071429279421230896	      1.56436469726228799537	      1.42553932457382503962	      0.00000000000000027181	      0.00000000000000042017	     -0.57621908419197365170	     -0.20800781745317453719	     -0.15680433094346038492	      1.82215529593754443916	      1.32929842053902080856	     -0.00000000000000043154	      0.00000000000000164875
      2.41900000000000003908	     -0.19303811261172529323	      0.02298645678912521889	      0.09759614497088148211	      0.94687588069681727365	      0.99314262136170772255	     -0.35676693071640042110	      0.44643306195421861293	     -0.10794602164327990468	      0.00268312848070115803	      1.64996029587148806961	      1.64996029587148873574	     -0.09557113608113337877	      0.00000000000000103607	      0.00000000000000049524	      0.60577514747798177908	      0.16810743684125467601	     -0.01067754026726417012	      0.79066935603308696745	      0.79066935603309007607	      0.22799655436278762344	     -0.00000000000000427367	     -0.00000000000002274447	      0.00407020163784715169	     -0.09352313449018440084	     -0.02565199981076473831	     -0.42968213692534884540	     -0.29345428468739520600	     -0.08991388783844621313	      1.54364494404012897455	      1.42627045571356236842	      0.00000000000000028191	      0.00000000000000042503	     -0.56058212557186826164	     -0.21074307387910420908	     -0.15394318741303439357	      1.80784244219511580631	      1.32850793503434361220	     -0.00000000000000043138	      0.00000000000000165211
      2.42300000000000004263	     -0.19590899764828623164	      0.02292395090239594813	      0.09500142773158086473	      0.94605635266808585371	      0.99210972222476134785	     -0.35641287933083742878	      0.47014783102866519737	     -0.10800820663271047672	      0.01192999091269921277	      1.66354616992900461447	      1.66354616992900528061	     -0.08451459236179406642	      0.00000000000000104406	      0.00000000000000048836	      0.59684888380286116316	      0.16777705223946867696	     -0.00868324837294245921	      0.79422310929792916401	      0.79422310929793238365	      0.24175876276635827056	     -0.00000000000000430395	     -0.00000000000002290595	      0.00635717818463561908	     -0.09414758139839563000	     -0.03196536804276434163	     -0.43176852168489870953	     -0.29291248533185076930	     -0.08925887771871740539	      1.52419237985552458170	      1.42705045819223697023	      0.00000000000000029034	      0.00000000000000042927	     -0.54570347997136525731	     -0.21343751277915892772	     -0.15115400148502813882	      1.79505987512148168506	      1.32776029228448333441	     -0.00000000000000043022	      0.00000000000000165731
      2.42700000000000004619	     -0.19918145016795824054	      0.02266051176198266570	      0.09206695354757711558	      0.94530431812894144539	      0.99128861022533631964	     -0.35606240850733111847	      0.49416668956182463468	     -0.10753818265270202736	      0.02116214838913496599	      1.67522386997129046904	      1.67522386997129113517	     -0.07351109646693036737	      0.00000000000000105241	      0.00000000000000048167	      0.58706086261830525697	      0.16706107214788143422	     -0.00737987108507113816	      0.79535367071975748843	      0.79535367071976093012	      0.25431740460826968153	     -0.00000000000000434021	     -0.00000000000002306380	      0.00938036948597896839	     -0.09440147240255990224	     -0.03785416854098110767	     -0.43483791847372166295	     -0.29260176534327780873	     -0.08879990003146280564	      1.50632599923652876761	      1.42785723777919582034	      0.00000000000000029946	      0.00000000000000043240	     -0.53175573879167559177	     -0.21606125497505726529	     -0.14851000118831750307	      1.78426599826904008772	      1.32706711289188739045	     -0.00000000000000042896	      0.00000000000000166155
      2.43100000000000004974	     -0.20277059060868299345	      0.02220388227878122150	      0.08889701478776923516	      0.94462950537200429668	      0.99068365048057882571	     -0.35572171844701511167	      0.51827161999852933150	     -0.10656406398979868799	      0.03023096744379871401	      1.68491659913103664081	      1.68491659913103752899	     -0.06276406070130478854	      0.00000000000000106091	      0.00000000000000047518	      0.57638727154050795054	      0.16603850382122106732	     -0.00668426037269666262	      0.79419945086400578482	      0.79419945086400922651	      0.26570090125462086927	     -0.00000000000000438500	     -0.00000000000002320685	      0.01304277274092251193	     -0.09429218276496695306	     -0.04339826669660119124	     -0.43900849568659006117	     -0.29252240940423079874	     -0.08857365015904079819	      1.49037122652950815294	      1.42866800059699694536	      0.00000000000000031049	      0.00000000000000043550	     -0.51888997271741743589	     -0.21857801881265054300	     -0.14609352022110566605	      1.77587831280731922590	      1.32643794094727884847	     -0.00000000000000042843	      0.00000000000000166147
      2.43500000000000005329	     -0.20659374233223193329	      0.02156330418378006597	      0.08558254001839182834	      0.94403999266328297857	      0.99029756760209985966	     -0.35539506478663213107	      0.54225947186126755017	     -0.10511597572997609384	      0.03902103937295055280	      1.69256864344055957261	      1.69256864344056023874	     -0.05246565281248530971	      0.00000000000000106960	      0.00000000000000046876	      0.56480631054757046705	      0.16478626651929195734	     -0.00647336548057729673	      0.79089113653386089453	      0.79089113653386422520	      0.27592036735124547686	     -0.00000000000000441688	     -0.00000000000002333940	      0.01724515098765375815	     -0.09383373179944382025	     -0.04867908203093104791	     -0.44436587562961082920	     -0.29268213853587327078	     -0.08860074175491622350	      1.47663948737146788481	      1.42946117682718365494	      0.00000000000000032291	      0.00000000000000043747	     -0.50723153609941673547	     -0.22094768407846940295	     -0.14399355769193125654	      1.77024845204814984534	      1.32587975617247733062	     -0.00000000000000042891	      0.00000000000000166143
      2.43900000000000005684	     -0.21057755564104191359	      0.02075328579317753039	      0.08219495086674472040	      0.94354209219512508167	      0.99013105944001544856	     -0.35508473710857962891	      0.56595318791916826573	     -0.10323081716323385948	      0.04745370405038659700	      1.69814774269821899821	      1.69814774269821988639	     -0.04277467413614943065	      0.00000000000000107763	      0.00000000000000046234	      0.55230608431592398411	      0.16337778866753807638	     -0.00659863361135102754	      0.78555091648084340861	      0.78555091648084696132	      0.28496590630127455190	     -0.00000000000000445238	     -0.00000000000002346408	      0.02189580920426863545	     -0.09305040424822176581	     -0.05377328646761949521	     -0.45095645238723580661	     -0.29309576616721888520	     -0.08888523000284087594	      1.46540649128145328284	      1.43021816859124806243	      0.00000000000000032959	      0.00000000000000043729	     -0.49687708629156152051	     -0.22312897717073054693	     -0.14230192627537213701	      1.76764055699036659597	      1.32539651889556142628	     -0.00000000000000042714	      0.00000000000000166495
      2.44300000000000006040	     -0.21466339402668752068	      0.01979568811722953736	      0.07878290557541095529	      0.94314019511007540775	      0.99018245830670814644	     -0.35479121399136648307	      0.58920876816198508585	     -0.10095534411791544371	      0.05548501407078760411	      1.70164523979221593564	      1.70164523979221660177	     -0.03379936509042456849	      0.00000000000000108559	      0.00000000000000045602	      0.53889163178569965407	      0.16188109580952769750	     -0.00690183787800928514	      0.77829539930421687277	      0.77829539930422031446	      0.29280577621112713338	     -0.00000000000000448195	     -0.00000000000002358853	      0.02691780416198533490	     -0.09197785666638214064	     -0.05874798448382766158	     -0.45878263946152725294	     -0.29378403146778897526	     -0.08941606784426379961	      1.45689150684827772864	      1.43092466038390031535	      0.00000000000000033645	      0.00000000000000043889	     -0.48789274757996953236	     -0.22508207307101260608	     -0.14110805037789198035	      1.76821494218992980585	      1.32498878455585966663	     -0.00000000000000042311	      0.00000000000000166252
      2.44700000000000006395	     -0.21881055170810537192	      0.01871946554077826008	      0.07537189083231422837	      0.94283669064956632244	      0.99044755498493097789	     -0.35451345168522763185	      0.61191792549409018687	     -0.09834683058524545940	      0.06309906125328275384	      1.70307407890601947287	      1.70307407890602036105	     -0.02558715890700615295	      0.00000000000000109309	      0.00000000000000044958	      0.52459041584013599291	      0.16035605579168574208	     -0.00723086342034680220	      0.76924084350880084227	      0.76924084350880428396	      0.29938752085874908992	     -0.00000000000000450600	     -0.00000000000002370037	      0.03225343662143018847	     -0.09066125020381737842	     -0.06365752317846455621	     -0.46780128285313754555	     -0.29477165681999895064	     -0.09017043616240442983	      1.45124010936926395310	      1.43157122826133642590	      0.00000000000000034480	      0.00000000000000043931	     -0.48031323010673293572	     -0.22677089791723983869	     -0.14049278332506773270	      1.77201866269889007910	      1.32465346303546827045	     -0.00000000000000041725	      0.00000000000000165603
      2.45100000000000006750	     -0.22299700783300002715	      0.01755783526077200202	      0.07196639457929736305	      0.94263205844045283577	      0.99091968279591802204	     -0.35424926750058599589	      0.63400669923895602853	     -0.09547091005796945473	      0.07029799295386685021	      1.70246490859742949375	      1.70246490859742993784	     -0.01812268857845614201	      0.00000000000000110038	      0.00000000000000044303	      0.50945564385826547227	      0.15885070911193033272	     -0.00745403374538665051	      0.75850912630971301098	      0.75850912630971656370	      0.30463999115683382257	     -0.00000000000000451965	     -0.00000000000002379369	      0.03786603222177489791	     -0.08915039148797034019	     -0.06854191204515468205	     -0.47792613870184968983	     -0.29608470468071429460	     -0.09111866712487112774	      1.44851247689934825580	      1.43215308150567999235	      0.00000000000000035597	      0.00000000000000043883	     -0.47414173446322260830	     -0.22816495861580279869	     -0.14052172940505880394	      1.77898406918478846350	      1.32438378362352948692	     -0.00000000000000041083	      0.00000000000000164680
      2.45500000000000007105	     -0.22721760762740197959	      0.01634342293483037264	      0.06855409412832902394	      0.94252515605738307336	      0.99159009983692647516	     -0.35399577166965157105	      0.65543054890086682729	     -0.09239704728600288408	      0.07709012652986445280	      1.69986103099909957592	      1.69986103099910002001	     -0.01133374041140616968	      0.00000000000000110811	      0.00000000000000043658	      0.49356664459860033478	      0.15739712690670407125	     -0.00747183340547558431	      0.74623265121457760252	      0.74623265121458104421	      0.30847494108550171932	     -0.00000000000000453986	     -0.00000000000002387608	      0.04373892063415001780	     -0.08749269507563814385	     -0.07342666704791254995	     -0.48903429602392356479	     -0.29774734870785191099	     -0.09223020876235492327	      1.44867811887838837670	      1.43266906940144611582	      0.00000000000000036427	      0.00000000000000043790	     -0.46935047827763609618	     -0.22924063336515521083	     -0.14123871451830827262	      1.78893526836379490597	      1.32416948557349845039	     -0.00000000000000040474	      0.00000000000000163752
      2.45900000000000007461	     -0.23147978534135643658	      0.01510240443612085627	      0.06511130659249421415	      0.94251365055581215469	      0.99244863100313385207	     -0.35374979644028553549	      0.67616664595121900305	     -0.08919260475483352379	      0.08347763271685405828	      1.69531321400803425270	      1.69531321400803469679	     -0.00510372877542260728	      0.00000000000000111431	      0.00000000000000043040	      0.47702553440921102723	      0.15600754164220681508	     -0.00722512267897394526	      0.73255642398667875081	      0.73255642398668208148	      0.31078690783597279212	     -0.00000000000000453658	     -0.00000000000002393152	      0.04987150075405705207	     -0.08572527904422976019	     -0.07832377916581320654	     -0.50097567829257938499	     -0.29977821513069252690	     -0.09347991265877758638	      1.45161708445123349698	      1.43312026044494933430	      0.00000000000000037249	      0.00000000000000043832	     -0.46588174199901805084	     -0.22998195381221858691	     -0.14266012387636714531	      1.80160154448736142818	      1.32399723047945983012	     -0.00000000000000039735	      0.00000000000000162995
      2.46300000000000007816	     -0.23579747125844327527	      0.01384858862451586285	      0.06160893668630235132	      0.94259449763325364735	      0.99348444747982778136	     -0.35350827930882267047	      0.69620437089993947311	     -0.08591636453616148528	      0.08944544657571298907	      1.68887503975163077996	      1.68887503975163144609	      0.00071127689507432168	      0.00000000000000112113	      0.00000000000000042410	      0.45995027348807682177	      0.15467135243600169114	     -0.00669935369735772702	      0.71763663658833320991	      0.71763663658833676262	      0.31145130664590364722	     -0.00000000000000453344	     -0.00000000000002402197	      0.05627277924500303369	     -0.08386738790073965111	     -0.08323344314792499588	     -0.51358467581226796561	     -0.30218650024067900128	     -0.09485390623828242329	      1.45712736652076935151	      1.43350833175933911612	      0.00000000000000038116	      0.00000000000000044054	     -0.46364950611039873474	     -0.23038097920231609406	     -0.14477069628412495006	      1.81663644566947857228	      1.32385124034534884530	     -0.00000000000000039046	      0.00000000000000162223
      2.46700000000000008171	     -0.24018440506486185559	      0.01257823563724033526	      0.05801815372050256325	      0.94276435837522332140	      0.99468681060815433703	     -0.35326856352470986655	      0.71553539780277719551	     -0.08261220196683714823	      0.09495334878197146666	      1.68059897340366060092	      1.68059897340366126706	      0.00626354862954995456	      0.00000000000000112824	      0.00000000000000041738	      0.44246539874044593654	      0.15335332283207242510	     -0.00592476247182135724	      0.70163649644418413232	      0.70163649644418768503	      0.31032263448951918905	     -0.00000000000000454693	     -0.00000000000002413122	      0.06295350085000415985	     -0.08191412210521040183	     -0.08814611188165664968	     -0.52669305350602291238	     -0.30496816589518704887	     -0.09635429964626297805	      1.46493792178050208364	      1.43383390589248271851	      0.00000000000000039085	      0.00000000000000044488	     -0.46254190762946106874	     -0.23043789043517950987	     -0.14752119792943338417	      1.83364095063070720038	      1.32371416637301320129	     -0.00000000000000038247	      0.00000000000000161418
      2.47100000000000008527	     -0.24464807156217174833	      0.01126639317836738638	      0.05431512016434739826	      0.94301987128681552530	      0.99604563966021342214	     -0.35302858844025264418	      0.73414481845107271152	     -0.07930367849046128514	      0.09993282300538763874	      1.67053327322101097252	      1.67053327322101186070	      0.01169528728096852488	      0.00000000000000113549	      0.00000000000000041061	      0.42469205030552564795	      0.15199331243891620047	     -0.00497274232943017459	      0.68472042788306131111	      0.68472042788306475281	      0.30723491953071230265	     -0.00000000000000457366	     -0.00000000000002424988	      0.06991817062172642205	     -0.07983240044885552000	     -0.09304447749746450058	     -0.54014316892912128676	     -0.30810258081126629115	     -0.09800208854124679847	      1.47472640549984057579	      1.43409495310540036073	      0.00000000000000040228	      0.00000000000000045322	     -0.46242474473837091864	     -0.23016095616948553659	     -0.15082831168189733684	      1.85218897636997548162	      1.32356818172434564929	     -0.00000000000000037288	      0.00000000000000160324
      2.47500000000000008882	     -0.24918512721380781105	      0.00986559015014414585	      0.05048427808943920653	      0.94335775478035310826	      0.99755183547561609991	     -0.35278695952678307268	      0.75200468704595535563	     -0.07599057240934534163	      0.10428918912040917311	      1.65872017174179253729	      1.65872017174179342547	      0.01712297983286798289	      0.00000000000000114324	      0.00000000000000040371	      0.40673882490663643141	      0.15050810945281908881	     -0.00394871693747419605	      0.66704768524598700985	      0.66704768524599045154	      0.30200576935082817931	     -0.00000000000000461787	     -0.00000000000002438811	      0.07715814958594631456	     -0.07756008584608213574	     -0.09790509040238415395	     -0.55380015757452594194	     -0.31155006190353906614	     -0.09983782003135394101	      1.48613997785499218907	      1.43428544286458192758	      0.00000000000000041357	      0.00000000000000046215	     -0.46314603465318454623	     -0.22956652599714039154	     -0.15457698555408364016	      1.87185314162555793693	      1.32339624727324900455	     -0.00000000000000036308	      0.00000000000000159340
      2.47900000000000009237	     -0.25377887673260335344	      0.00830768496034121548	      0.04651986087262115904	      0.94377476996024955991	      0.99919734044676955520	     -0.35254290241646407678	      0.76907121505841635756	     -0.07264846099892505182	      0.10790871605763736885	      1.64519588883517764444	      1.64519588883517853262	      0.02262635940730143777	      0.00000000000000115018	      0.00000000000000039623	      0.38869487653857986986	      0.14879600897909026069	     -0.00298198423505489614	      0.64876632264201794520	      0.64876632264202149791	      0.29444494549690763963	     -0.00000000000000465366	     -0.00000000000002453096	      0.08464688551539303885	     -0.07500911838999199666	     -0.10269942367482121082	     -0.56756156094268228607	     -0.31525079609621609045	     -0.10191976108899976350	      1.49881705775367946032	      1.43439446564831385444	      0.00000000000000042226	      0.00000000000000047026	     -0.46454148701215397521	     -0.22867915651798861876	     -0.15862538274695897611	      1.89222855618518392973	      1.32318346588985247259	     -0.00000000000000035307	      0.00000000000000158514
      2.48300000000000009592	     -0.25839896261410127964	      0.00650923514491917946	      0.04242566305549280714	      0.94426760144544019671	      1.00097496143569775207	     -0.35229612345982158628	      0.78528596675139328287	     -0.06923197636557741619	      0.11066981281524500280	      1.62999238195801665618	      1.62999238195801754436	      0.02824294497046410737	      0.00000000000000115637	      0.00000000000000038824	      0.37062621537214829326	      0.14674441262793291862	     -0.00221346103050959258	      0.63000849520744173216	      0.63000849520744528487	      0.28436728688267615128	     -0.00000000000000470403	     -0.00000000000002467592	      0.09233789292132352222	     -0.07207297146382359021	     -0.10739439864841694716	     -0.58136324685295426296	     -0.31912543892424560799	     -0.10431957103555856980	      1.51240801997834384274	      1.43440602680979112371	      0.00000000000000042951	      0.00000000000000047872	     -0.46644083411788006543	     -0.22753186931216259903	     -0.16281230829866172316	      1.91295284531070675094	      1.32291841203025417606	     -0.00000000000000034309	      0.00000000000000157818
      2.48700000000000009948	     -0.26300299372108859597	      0.00438015810110260577	      0.03821354265018277185	      0.94483271337127250344	      1.00287802441653228769	     -0.35204661667071268649	      0.80058019135837232838	     -0.06568164573188342570	      0.11245669705723322640	      1.61313979320052691691	      1.61313979320052780508	      0.03396802199759530599	      0.00000000000000116129	      0.00000000000000038058	      0.35257545639652326797	      0.14424026882849699804	     -0.00178276104688285275	      0.61088809119389531066	      0.61088809119389886337	      0.27160917169135906368	     -0.00000000000000473964	     -0.00000000000002479146	      0.10016546573761256345	     -0.06863806508928108063	     -0.11195263840459129812	     -0.59518106932810777021	     -0.32307740728470679681	     -0.10711579444694990793	      1.52659304302014731114	      1.43429968522375572704	      0.00000000000000043566	      0.00000000000000048630	     -0.46867501222696955621	     -0.22616646389191133459	     -0.16696662674054055242	      1.93372115987525683423	      1.32259427901017856399	     -0.00000000000000033362	      0.00000000000000157220
      2.49100000000000010303	     -0.26753973595497998472	      0.00183500132151170154	      0.03390120353198089465	      0.94546620070991072016	      1.00489992713748566011	     -0.35179445690808430758	      0.81488113727868671798	     -0.06193376064105952233	      0.11317372498000613512	      1.59466857804474226867	      1.59466857804474337890	      0.03975945385781790714	      0.00000000000000116627	      0.00000000000000037276	      0.33456489567842084831	      0.14118272611634602454	     -0.00181607455492198400	      0.59150143914797392863	      0.59150143914797759237	      0.25604786624772801762	     -0.00000000000000477925	     -0.00000000000002491612	      0.10804784001803235949	     -0.06459824881923788287	     -0.11633274694097128776	     -0.60902803859529652808	     -0.32699679025659322829	     -0.11038569762781952344	      1.54109560958834368449	      1.43405212156308881077	      0.00000000000000044247	      0.00000000000000049435	     -0.47108406311853001647	     -0.22463370213733710457	     -0.17091799379175567908	      1.95429532175670517269	      1.32220969158086076867	     -0.00000000000000032439	      0.00000000000000156596
      2.49500000000000010658	     -0.27195349262168910798	     -0.00119463079734912240	      0.02950971725350480523	      0.94616362565063971690	      1.00703363146145807860	     -0.35153961045550397024	      0.82811948420587555564	     -0.05793188436398614971	      0.11275844776102922351	      1.57461109557829503913	      1.57461109557829592731	      0.04554630203861234627	      0.00000000000000117162	      0.00000000000000036489	      0.31660251643360032281	      0.13749652324007560766	     -0.00241586412883808754	      0.57193131050348944289	      0.57193131050349310662	      0.23762220596168895370	     -0.00000000000000481708	     -0.00000000000002504395	      0.11589242627989421175	     -0.05987052053218513969	     -0.12048983315351255441	     -0.62294720379464729731	     -0.33076576860717449291	     -0.11419632458928170859	      1.55569083116211070994	      1.43363946971570754840	      0.00000000000000044956	      0.00000000000000050130	     -0.47352529426670636470	     -0.22299307948164900917	     -0.17450799875246678083	      1.97450693023181345076	      1.32176909558425381697	     -0.00000000000000031533	      0.00000000000000156016
      2.49900000000000011013	     -0.27618928958228816661	     -0.00474840186547760730	      0.02506116016884596745	      0.94691983049152939067	      1.00927112843795985242	     -0.35128178527667047737	      0.84023719582295741670	     -0.05363811718210383800	      0.11119147114024682810	      1.55300292704351328155	      1.55300292704351439177	      0.05123995908128063659	      0.00000000000000117737	      0.00000000000000035714	      0.29869030231385690355	      0.13314414266520743779	     -0.00365303290357789530	      0.55225399531607266557	      0.55225399531607644033	      0.21635251493120374877	     -0.00000000000000484458	     -0.00000000000002514806	      0.12360264175901346240	     -0.05440960461592820457	     -0.12437646355277000298	     -0.63700092798268637129	     -0.33426530971397555581	     -0.11859584024003283487	      1.57020826134593960433	      1.43304008696169438153	      0.00000000000000045659	      0.00000000000000050846	     -0.47588089718993531463	     -0.22131189754451943696	     -0.17760066863397439008	      1.99425475352214243152	      1.32128267689085587833	     -0.00000000000000030686	      0.00000000000000155476
      2.50300000000000011369	     -0.28019832678277251103	     -0.00882786264930202243	      0.02057665096109587491	      0.94772873743103291932	      1.01160293764534259253	     -0.35102033498852763804	      0.85119487272835969716	     -0.04904257935316266165	      0.10850176473632164309	      1.52988402678305890348	      1.52988402678306001370	      0.05674632682088253527	      0.00000000000000118308	      0.00000000000000034927	      0.28083374237039232524	      0.12813514530826919380	     -0.00556203273739466503	      0.53254843216622316238	      0.53254843216622693713	      0.19235716792464560565	     -0.00000000000000486358	     -0.00000000000002523238	      0.13108557035746731811	     -0.04821947875965780506	     -0.12794416815581652336	     -0.65125772610657073347	     -0.33738262614554392904	     -0.12360610836160204618	      1.58452941936020041958	      1.43223743968428784967	      0.00000000000000046349	      0.00000000000000051549	     -0.47806414128779500805	     -0.21966349322348743822	     -0.18009141275627946199	      2.01349719498609003310	      1.32076579415270112250	     -0.00000000000000029828	      0.00000000000000154919
      2.50700000000000011724	     -0.28394291145201699944	     -0.01339034200677476777	      0.01607499621906406315	      0.94858317050589613384	      1.01401773433914765832	     -0.35075422489613844457	      0.86097736047880024657	     -0.04417010169664866565	      0.10476680199029492213	      1.50529949462259327042	      1.50529949462259438064	      0.06197731849866301018	      0.00000000000000118870	      0.00000000000000034140	      0.26305078810507043219	      0.12253172020539308817	     -0.00813921253823934529	      0.51290539085902120409	      0.51290539085902497884	      0.16586253487149019148	     -0.00000000000000489981	     -0.00000000000002532692	      0.13825929000324929663	     -0.04136064851333249442	     -0.13114553204792786523	     -0.66577828615285394864	     -0.34001856875562391780	     -0.12921730669269482217	      1.59858098352731770042	      1.43122279327508605817	      0.00000000000000047052	      0.00000000000000052266	     -0.48002336758719543752	     -0.21812465711340678354	     -0.18191370134454748486	      2.03224117856398622806	      1.32023796272496340976	     -0.00000000000000028959	      0.00000000000000154372
      2.51100000000000012079	     -0.28740011604084936270	     -0.01834690283124912683	      0.01157208532588659654	      0.94947475748591148026	      1.01650218370473677254	     -0.35048206178636437391	      0.86959652670218645643	     -0.03908327762026821139	      0.10010740077702734441	      1.47929973123841262961	      1.47929973123841351779	      0.06686013076117092169	      0.00000000000000119449	      0.00000000000000033392	      0.24537862726072473540	      0.11644966999635970872	     -0.01134447508741872820	      0.49343474510826940138	      0.49343474510827356472	      0.13720334301600922711	     -0.00000000000000493780	     -0.00000000000002542222	      0.14505880795853332010	     -0.03395224327120134611	     -0.13393687243024715583	     -0.68060245629003690571	     -0.34209406122209351508	     -0.13538521386757282339	      1.61232486187114165688	      1.42999741868686758295	      0.00000000000000047764	      0.00000000000000052976	     -0.48174311637376854289	     -0.21677237598006990349	     -0.18304289305730547799	      2.05052889082841716117	      1.31972144908394861673	     -0.00000000000000028110	      0.00000000000000153834
      2.51500000000000012434	     -0.29056372286480913747	     -0.02356514017518246754	      0.00708106563682942784	      0.95039398327656154919	      1.01904100841821265711	     -0.35020218079985981907	      0.87709081402864963461	     -0.03388098489592610701	      0.09467785069279179011	      1.45193996015835424807	      1.45193996015835535829	      0.07134343886849611738	      0.00000000000000120082	      0.00000000000000032667	      0.22787737378927744314	      0.11005399936337548206	     -0.01510614014789813352	      0.47426966757667826657	      0.47426966757668254093	      0.10681244417010042624	     -0.00000000000000497994	     -0.00000000000002551622	      0.15144008976619641182	     -0.02616806862148246191	     -0.13628147918851829523	     -0.69573901696601603284	     -0.34355489670507360911	     -0.14203151748608872085	      1.62574656616800861109	      1.42857402968916957775	      0.00000000000000048472	      0.00000000000000053649	     -0.48324207769818688929	     -0.21568008874495808724	     -0.18349675835265191748	      2.06842375549016033176	      1.31923958871256763459	     -0.00000000000000027262	      0.00000000000000153306
      2.51900000000000012790	     -0.29344425778013760731	     -0.02887745972032931124	      0.00261324682035832126	      0.95133045951990047318	      1.02161728057940659475	     -0.34991277369024792465	      0.88352166296147893743	     -0.02869158003975589774	      0.08865243438826928002	      1.42327924777424419389	      1.42327924777424552616	      0.07540016063906133936	      0.00000000000000120679	      0.00000000000000031996	      0.21063027219906649279	      0.10354841455350113910	     -0.01932867364928827353	      0.45556714917175800128	      0.45556714917176216462	      0.07520025320184439699	     -0.00000000000000502591	     -0.00000000000002560104	      0.15738202560795316876	     -0.01822595565349173150	     -0.13815331931767060869	     -0.71115984222945616278	     -0.34437443263082623268	     -0.14904726745743818173	      1.63884346174781625471	      1.42697718212697566287	      0.00000000000000049173	      0.00000000000000054301	     -0.48456793988093493919	     -0.21491366711460041516	     -0.18333241933849547811	      2.08599692500234956682	      1.31881497380535051001	     -0.00000000000000026408	      0.00000000000000152766
      2.52299999999999968736	     -0.29606712068997420584	     -0.03409456738438820800	     -0.00182048186453271721	      0.95227342898718192465	      1.02421290951073817865	     -0.34961203526467932168	      0.88896728618535980626	     -0.02366093414704529066	      0.08220994769028448779	      1.39337927241445713733	      1.39337927241445846960	      0.07902671130775115738	      0.00000000000000121290	      0.00000000000000031373	      0.19374031413738104779	      0.09715911791597206526	     -0.02390234069944984982	      0.43750448926368873392	      0.43750448926369306379	      0.04292500643225292262	     -0.00000000000000506640	     -0.00000000000002567294	      0.16288631840942471851	     -0.01037085505419005522	     -0.13954085775807015257	     -0.72679913782632132868	     -0.34455396092574008815	     -0.15629926944296149149	      1.65161432846110578510	      1.42524247869643638786	      0.00000000000000049858	      0.00000000000000054946	     -0.48578959767980867124	     -0.21452739732648778981	     -0.18263988225453406389	      2.10331532189968184454	      1.31846766910035384512	     -0.00000000000000025583	      0.00000000000000152203
      2.52699999999999969091	     -0.29846905783546107127	     -0.03902265514231516297	     -0.00620815341557020162	      0.95321246074576326812	      1.02680927723527037898	     -0.34929830252225357867	      0.89351474398524421972	     -0.01893676833084699876	      0.07551847494737454203	      1.36230323859797497477	      1.36230323859797652908	      0.08223898412428655436	      0.00000000000000122053	      0.00000000000000030801	      0.17732349062065502765	      0.09111467997955655096	     -0.02871322922254727558	      0.42027155593540510559	      0.42027155593540943546	      0.01055599425202372044	     -0.00000000000000511512	     -0.00000000000002574800	      0.16797540926432102948	     -0.00285355782936805302	     -0.14045034504776571227	     -0.74255729745921961182	     -0.34412084225448502650	     -0.16363880091312754672	      1.66405146077398735649	      1.42341456188281911821	      0.00000000000000050539	      0.00000000000000055628	     -0.48698758792533447526	     -0.21456030275471163482	     -0.18153290692723719757	      2.12043202403768882292	      1.31821363811459524307	     -0.00000000000000024784	      0.00000000000000151628
      2.53099999999999969447	     -0.30069336654432565759	     -0.04348227028785404957	     -0.01053556232684443178	      0.95413825614077230064	      1.02938796463854354002	     -0.34897016283612181109	      0.89725135750428719472	     -0.01465123900059871198	      0.06872264667906242963	      1.33011522681806426682	      1.33011522681806582113	      0.08506562304509376893	      0.00000000000000122882	      0.00000000000000030194	      0.16149924577276669746	      0.08562435543791578618	     -0.03365208738988111070	      0.40405910868688560411	      0.40405910868688998949	     -0.02136730712580579492	     -0.00000000000000517380	     -0.00000000000002581360	      0.17268866856440062696	      0.00409249417235976222	     -0.14090788749050001116	     -0.75830835988810230130	     -0.34312472568800955752	     -0.17091186676288466773	      1.67613622641108550582	      1.42154399284874233267	      0.00000000000000051275	      0.00000000000000056312	     -0.48824389128845258057	     -0.21503315506153589109	     -0.18013819525841784364	      2.13737955167432325254	      1.31806354840126660477	     -0.00000000000000023975	      0.00000000000000151038
      2.53499999999999969802	     -0.30278446200261704968	     -0.04732646041796520486	     -0.01478569365479393861	      0.95504345013910818540	      1.03193149709780840340	     -0.34862651428073154758	      0.90025637275758774170	     -0.01090414096487348806	      0.06193517080828608162	      1.29687982889738151471	      1.29687982889738329106	      0.08753999439058990362	      0.00000000000000123732	      0.00000000000000029567	      0.14637942420558747170	      0.08085760609128081478	     -0.03862116422569877167	      0.38904464182013220874	      0.38904464182013676066	     -0.05237597255485706982	     -0.00000000000000524059	     -0.00000000000002587581	      0.17707729071237116036	      0.01027336919710443615	     -0.14095983836331402173	     -0.77390969977742218866	     -0.34163232733606158087	     -0.17797000072916827063	      1.68783827231037908412	      1.41968332618694792480	      0.00000000000000052007	      0.00000000000000056980	     -0.48963247613419635940	     -0.21594653092404389461	     -0.17858401965441833559	      2.15416620680740189542	      1.31802207852721764425	     -0.00000000000000023193	      0.00000000000000150483
      2.53899999999999970157	     -0.30478257054234120238	     -0.05045561802900588172	     -0.01893887624000815950	      0.95592327013155409254	      1.03442402940884869977	     -0.34826657346881961796	      0.90259369517672138894	     -0.00774923198391543316	      0.05523401944384714879	      1.26266167513305771486	      1.26266167513305926917	      0.08969265795249049822	      0.00000000000000124550	      0.00000000000000028975	      0.13205742494497066386	      0.07692768318257579840	     -0.04353880912146599474	      0.37537791818726368165	      0.37537791818726828907	     -0.08210762022287398931	     -0.00000000000000531289	     -0.00000000000002593644	      0.18119844287937322824	      0.01555269715671183349	     -0.14067124152900686851	     -0.78921247909091196693	     -0.33972135610328241251	     -0.18468051861379564116	      1.69911804296684221249	      1.41788281490049583589	      0.00000000000000052723	      0.00000000000000057637	     -0.49121195592245026074	     -0.21728025504268436152	     -0.17698944489170997940	      2.17077535674952670774	      1.31808780482196086226	     -0.00000000000000022422	      0.00000000000000149945
      2.54299999999999970512	     -0.30671914142811845805	     -0.05282717644784588190	     -0.02297367260664024205	      0.95677592226391383612	      1.03685189409145950279	     -0.34788983937405987268	      0.90430629465473022499	     -0.00518546821206550181	      0.04866565952845027659	      1.22752464760985668946	      1.22752464760985868786	      0.09154535133834840188	      0.00000000000000125255	      0.00000000000000028300	      0.11859897769103566745	      0.07388123985818746686	     -0.04834158361885564775	      0.36316834927306507197	      0.36316834927306962388	     -0.11033353152634188532	     -0.00000000000000537832	     -0.00000000000002598945	      0.18510905881484587820	      0.01986347879398936769	     -0.14012229515696786319	     -0.80407159322856092132	     -0.33747424881503462757	     -0.19093531176341244082	      1.70993189579860183080	      1.41618618217993930131	      0.00000000000000053454	      0.00000000000000058286	     -0.49302104960893095020	     -0.21899442485127940117	     -0.17545508210653204539	      2.18716734271547919022	      1.31825365021072093974	     -0.00000000000000021651	      0.00000000000000149428
      2.54699999999999970868	     -0.30861326976539826816	     -0.05445932252613368968	     -0.02686837489325030401	      0.95760261766540999417	      1.03920396260813041600	     -0.34749603455938565810	      0.90541266834020239784	     -0.00315402284612898917	      0.04225346523582151903	      1.19153086980207101320	      1.19153086980207256751	      0.09310635074756289098	      0.00000000000000125940	      0.00000000000000027610	      0.10603557163207394387	      0.07169478964240447172	     -0.05298349987550615703	      0.35247628791753521371	      0.35247628791753982114	     -0.13697355844424072280	     -0.00000000000000544791	     -0.00000000000002604595	      0.18885949887514993928	      0.02321276007297629757	     -0.13940308551808572313	     -0.81835407330477427656	     -0.33497239011016544108	     -0.19665747348434853281	      1.72023862690721585089	      1.41462691515106153695	      0.00000000000000054221	      0.00000000000000058935	     -0.49507667861375614926	     -0.22103202503524657652	     -0.17405605392991788105	      2.20328343690382144615	      1.31850775988980828402	     -0.00000000000000020848	      0.00000000000000148788
      2.55099999999999971223	     -0.31046928201436913008	     -0.05542839870175641365	     -0.03060289678635385452	      0.95840721529852057614	      1.04147178972315090917	     -0.34708505233769865184	      0.90590562395673868146	     -0.00154146491199031810	      0.03600997943747302060	      1.15473961176557260444	      1.15473961176557460284	      0.09436698517851771495	      0.00000000000000126729	      0.00000000000000026709	      0.09436133902369925330	      0.07027824750483109562	     -0.05743232360120541918	      0.34330983796327335655	      0.34330983796327801949	     -0.16209632208781554752	     -0.00000000000000552514	     -0.00000000000002611123	      0.19248741456994511445	      0.02567888574609725888	     -0.13860705439369461200	     -0.83194525958599041537	     -0.33229132665827665338	     -0.20180517727558733299	      1.73000616123917705380	      1.41322547951468857619	      0.00000000000000055021	      0.00000000000000059595	     -0.49737431084399269521	     -0.22332301210589358686	     -0.17283762038160624397	      2.21905119506385206662	      1.31883464137929573567	     -0.00000000000000020061	      0.00000000000000147999
      2.55499999999999971578	     -0.31227562090124028060	     -0.05586019257958953904	     -0.03416073727609687805	      0.95919555868901540396	      1.04364953644545188638	     -0.34665693096177369048	      0.90575342084268517517	     -0.00018888870225156366	      0.02995122623560148023	      1.11720616766643709994	      1.11720616766643909834	      0.09529963607110744639	      0.00000000000000127161	      0.00000000000000025755	      0.08353383244958270670	      0.06948529526588799465	     -0.06166356552579826955	      0.33562780063434882738	      0.33562780063435349032	     -0.18590379150135485919	     -0.00000000000000560219	     -0.00000000000002617836	      0.19601255327954672514	      0.02740158322676879143	     -0.13782392116389957648	     -0.84475267097210893219	     -0.32949715528628192862	     -0.20637234603077603268	      1.73921729833529181697	      1.41198775772543250184	      0.00000000000000055815	      0.00000000000000060269	     -0.49989034595416714790	     -0.22578958433359544444	     -0.17181361677776002539	      2.23439043923368885203	      1.31921643313409897580	     -0.00000000000000019239	      0.00000000000000147242
      2.55899999999999971934	     -0.31400517474563327536	     -0.05591577367188547976	     -0.03753063226068633490	      0.95997462698035429529	      1.04573367448451848283	     -0.34621186596321618101	      0.90490311955239421948	      0.00109365610559387515	      0.02411099589251570682	      1.07898075639629364986	      1.07898075639629542621	      0.09585792493898970257	      0.00000000000000127899	      0.00000000000000024877	      0.07347880840509304901	      0.06912989332734748027	     -0.06565325373335484382	      0.32934867303797149551	      0.32934867303797615845	     -0.20870048572603805415	     -0.00000000000000567761	     -0.00000000000002623980	      0.19943338968411875034	      0.02856559146278151232	     -0.13713291139686908937	     -0.85670778600520469670	     -0.32664408037927683548	     -0.21038581607269207785	      1.74787356179093267272	      1.41090491832897568791	      0.00000000000000056626	      0.00000000000000060960	     -0.50258643062100627485	     -0.22835222764736001766	     -0.17096764330892968986	      2.24921903462077654723	      1.31963418611175509199	     -0.00000000000000018436	      0.00000000000000146544
      2.56299999999999972289	     -0.31561701953321891212	     -0.05577323567750202410	     -0.04070764867804210069	      0.96075159348145522387	      1.04772250574458913874	     -0.34575026466452457585	      0.90328593480051189157	      0.00250866195322654558	      0.01855300395801414565	      1.04010791506122912686	      1.04010791506123090322	      0.09597955137148270199	      0.00000000000000128974	      0.00000000000000024074	      0.06409875132990010271	      0.06900742877714968748	     -0.06937069274407177411	      0.32436515478765803877	      0.32436515478766275722	     -0.23084963933195037922	     -0.00000000000000574860	     -0.00000000000002629787	      0.20272604462218046795	      0.02937938211935667288	     -0.13659693954656809689	     -0.86776571436759253331	     -0.32377318687663853014	     -0.21389929523986273008	      1.75599647919531820506	      1.40995475643511980479	      0.00000000000000057467	      0.00000000000000061789	     -0.50541528881483865909	     -0.23093599550169618961	     -0.17025672449892320648	      2.26345779869425323128	      1.32006905047883194015	     -0.00000000000000017638	      0.00000000000000145876
      2.56699999999999972644	     -0.31705930554704586655	     -0.05560759275890195946	     -0.04369365360451456931	      0.96153284903867142219	      1.04961556609662132189	     -0.34527283703472350096	      0.90082428399996183899	      0.00425053471854418188	      0.01337866871676412009	      1.00062740847657316579	      1.00062740847657494214	      0.09559183211391882040	      0.00000000000000130095	      0.00000000000000023298	      0.05528440364804516893	      0.06891789054774580259	     -0.07277238629822899152	      0.32056317238849280082	      0.32056317238849757478	     -0.25272118424227496547	     -0.00000000000000581772	     -0.00000000000002635527	      0.20584535192520342362	      0.03005158521587881701	     -0.13625813311232981562	     -0.87790246727459309017	     -0.32091253782572926045	     -0.21698518465364505237	      1.76362591634096643745	      1.40910435570349612533	      0.00000000000000058330	      0.00000000000000062645	     -0.50832713258144435198	     -0.23347635073835085184	     -0.16961689944297253518	      2.27703408916724692190	      1.32050325993379846778	     -0.00000000000000016845	      0.00000000000000145248
      2.57099999999999972999	     -0.31827293711210269400	     -0.05557130382734255802	     -0.04649715477137393582	      0.96232305350726254911	      1.05141299324968229278	     -0.34478071096744983270	      0.89744004744773586690	      0.00648505082133475456	      0.00872870928331211625	      0.96057749925925528522	      0.96057749925925706158	      0.09461957197981850365	      0.00000000000000130800	      0.00000000000000022501	      0.04692816199657470766	      0.06868823030575886557	     -0.07579813359243980919	      0.31784380899900310791	      0.31784380899900793738	     -0.27463727137802584899	     -0.00000000000000588130	     -0.00000000000002641178	      0.20872767677561815391	      0.03076799728226187539	     -0.13613497406011920710	     -0.88710984821875316086	     -0.31807859509992492120	     -0.21972546865125749949	      1.77081547361481361769	      1.40831381301293667718	      0.00000000000000059186	      0.00000000000000063495	     -0.51127561971953772169	     -0.23592393495684843563	     -0.16897010609999629782	      2.28988382464046535958	      1.32092082442603242498	     -0.00000000000000016076	      0.00000000000000144663
      2.57499999999999973355	     -0.31919553214365226079	     -0.05577788303862313973	     -0.04913252326643890999	      0.96312432310133799795	      1.05311493904565733892	     -0.34427554692264816794	      0.89306316754444625694	      0.00933141326007070823	      0.00477786658113351498	      0.92000058520451710731	      0.92000058520451899469	      0.09299408737140262005	      0.00000000000000131471	      0.00000000000000021594	      0.03893739064929509219	      0.06819120688632614169	     -0.07836982128747091436	      0.31614507886056858466	      0.31614507886057346964	     -0.29682162255946392682	     -0.00000000000000594393	     -0.00000000000002646323	      0.21129488428916282095	      0.03167201594851364738	     -0.13622124240919178395	     -0.89538916773477805755	     -0.31527862011981716561	     -0.22220270769295308311	      1.77762581486335458081	      1.40754061426159826631	      0.00000000000000060060	      0.00000000000000064378	     -0.51422251046477096548	     -0.23824779961308439891	     -0.16823164477126856253	      2.30195213232597151176	      1.32130785526643967920	     -0.00000000000000015347	      0.00000000000000144102
      2.57899999999999973710	     -0.31976511713546362792	     -0.05629091905971129323	     -0.05161866983378864820	      0.96393565809959003143	      1.05472110781240280275	     -0.34375961774197499876	      0.88763951869696722241	      0.01284945531237831166	      0.00172284059727091047	      0.87895063312454024818	      0.87895063312454202453	      0.09066177609358999634	      0.00000000000000132211	      0.00000000000000020721	      0.03124533717011524631	      0.06735820892049781961	     -0.08039307990675828575	      0.31545977399594032908	      0.31545977399594521406	     -0.31935897733112850183	     -0.00000000000000600774	     -0.00000000000002651388	      0.21345879332510211968	      0.03285117626138911451	     -0.13648686197052783964	     -0.90274573584125294978	     -0.31251343904847000976	     -0.22449201302850071982	      1.78411727545524101401	      1.40674416384568989891	      0.00000000000000060952	      0.00000000000000065237	     -0.51714030052735304732	     -0.24043680061219455113	     -0.16731747113352934964	      2.31319305426565113848	      1.32165248215232522533	     -0.00000000000000014658	      0.00000000000000143490
      2.58299999999999974065	     -0.31992327984952262376	     -0.05711983901044398459	     -0.05397729768050502780	      0.96475270117017308813	      1.05623044596205373225	     -0.34323583351576647527	      0.88113734534282395217	      0.01703352789379048923	     -0.00023557544655916299	      0.83750180852131606013	      0.83750180852131772546	      0.08759154291068078912	      0.00000000000000132974	      0.00000000000000019907	      0.02381821689589675925	      0.06618453783082021979	     -0.08176186517302644341	      0.31584678657540937730	      0.31584678657541426228	     -0.34216929868083961752	     -0.00000000000000607076	     -0.00000000000002656554	      0.21512580511493270552	      0.03433135175122192795	     -0.13688062490197266952	     -0.90918529760134680906	     -0.30978008137323931326	     -0.22665468263285878936	      1.79034288362147786522	      1.40588999935624592297	      0.00000000000000061950	      0.00000000000000066077	     -0.52001253069355868330	     -0.24249904020554341466	     -0.16615068620724385284	      2.32356853965482956781	      1.32194442862182337528	     -0.00000000000000014010	      0.00000000000000142786
      2.58699999999999974420	     -0.31961788099819227194	     -0.05822245816987390438	     -0.05623091482285891285	      0.96556787768056595578	      1.05764095843387861962	     -0.34270771092099633348	      0.87355211147702294117	      0.02181333957366943244	     -0.00091405743868477256	      0.79575776265499520434	      0.79575776265499698070	      0.08378175351403105431	      0.00000000000000133832	      0.00000000000000019057	      0.01665825943534101489	      0.06472691439645168743	     -0.08236601105240143328	      0.31743493748366652385	      0.31743493748367146434	     -0.36499942926140183097	     -0.00000000000000613346	     -0.00000000000002661951	      0.21620189517568427773	      0.03607873977131096505	     -0.13733462201070378850	     -0.91471249062896475834	     -0.30707403759178131253	     -0.22873397263047037797	      1.79634261023164110149	      1.40495325741112742080	      0.00000000000000063044	      0.00000000000000066890	     -0.52283203089310759104	     -0.24445943992329330352	     -0.16466671860058446075	      2.33304667907495399959	      1.32217443115171429113	     -0.00000000000000013371	      0.00000000000000141975
      2.59099999999999974776	     -0.31880550259288270576	     -0.05951374968308777852	     -0.05840085444242337082	      0.96637090074882836532	      1.05894963500121197519	     -0.34217929479809161553	      0.86490973273277327316	      0.02706145450397887467	     -0.00016963343855942140	      0.75386083556193661526	      0.75386083556193839161	      0.07926725458627044418	      0.00000000000000134748	      0.00000000000000018185	      0.00980294913024911015	      0.06309363556731478750	     -0.08210147816174155622	      0.32041908979442845773	      0.32041908979443339822	     -0.38743350528001146982	     -0.00000000000000619592	     -0.00000000000002667314	      0.21659814484676387369	      0.03800908297275704811	     -0.13777001561817084352	     -0.91933112830012486683	     -0.30439100435789029353	     -0.23075332450416782826	      1.80213945425495913888	      1.40392102693056197715	      0.00000000000000064110	      0.00000000000000067695	     -0.52559756448217553881	     -0.24635565938998832403	     -0.16281684694257100854	      2.34159921080210597921	      1.32233371604969884849	     -0.00000000000000012751	      0.00000000000000141229
      2.59499999999999975131	     -0.31745349027899522065	     -0.06087959406738120693	     -0.06050556445529089306	      0.96714959760606844519	      1.06015247433039783154	     -0.34165505471745793997	      0.85526822513311961949	      0.03260652746727851770	      0.00207878427133841937	      0.71200018747139715014	      0.71200018747139903752	      0.07412554259026200854	      0.00000000000000135740	      0.00000000000000017374	      0.00332080676167864543	      0.06142869733055126430	     -0.08088210334607065510	      0.32504882968053400161	      0.32504882968053899761	     -0.40892140539661431253	     -0.00000000000000625824	     -0.00000000000002672650	      0.21623644716830883739	      0.04000284125734204776	     -0.13810343861417970213	     -0.92304584001394263115	     -0.30172823962577771661	     -0.23271717629091864810	      1.80773782941076532893	      1.40279335931219661937	      0.00000000000000065296	      0.00000000000000068526	     -0.52830958833705798927	     -0.24823272151813810527	     -0.16057003789720489251	      2.34919884412771562410	      1.32241366740721932871	     -0.00000000000000012155	      0.00000000000000140372
      2.59899999999999975486	     -0.31554139401021830125	     -0.06219382891201413049	     -0.06255947864060756869	      0.96789093502240630684	      1.06124460630079631152	     -0.34113977717817822732	      0.84471778006217257406	      0.03825096713805699322	      0.00583296216795629353	      0.67041759709053017069	      0.67041759709053239114	      0.06848034239394906741	      0.00000000000000136688	      0.00000000000000016570	     -0.00269582089493892226	      0.05989177183377581565	     -0.07865114741558237865	      0.33161045023095719886	      0.33161045023096225037	     -0.42882317817658432979	     -0.00000000000000632033	     -0.00000000000002678007	      0.21505469887920980465	      0.04192454264093090771	     -0.13825309396120344374	     -0.92586456113289095082	     -0.29908575271136905727	     -0.23461430546903899730	      1.81312453172531129475	      1.40158282267629807905	      0.00000000000000066501	      0.00000000000000069397	     -0.53096588452037796202	     -0.25013683778425871429	     -0.15791327071285471417	      2.35581718591394295714	      1.32240576845503232661	     -0.00000000000000011568	      0.00000000000000139502
      2.60299999999999975842	     -0.31306195701497036010	     -0.06333668166285355561	     -0.06457251997368564089	      0.96858208586584504385	      1.06222046551756821309	     -0.34063847071341152306	      0.83337934038944572190	      0.04379131033353929336	      0.01100412344186373764	      0.62940960307760407400	      0.62940960307760607240	      0.06250132716078650452	      0.00000000000000137608	      0.00000000000000015728	     -0.00813996810964526599	      0.05863639875773688642	     -0.07539035300041155296	      0.34040498770852956056	      0.34040498770853472310	     -0.44644921212081345452	     -0.00000000000000638203	     -0.00000000000002683365	      0.21301114569730150716	      0.04364414235285939136	     -0.13814397774515876915	     -0.92780138750014407023	     -0.29646751973634655197	     -0.23642328111214583330	      1.81827228851744138183	      1.40031265562938256330	      0.00000000000000067696	      0.00000000000000070232	     -0.53355786140805727680	     -0.25210900149383946856	     -0.15485056960696086392	      2.36142375143241434188	      1.32230186887064182777	     -0.00000000000000010986	      0.00000000000000138744
      2.60699999999999976197	     -0.31002205110614017292	     -0.06421116479305406799	     -0.06655053720574743981	      0.96921100622775335776	      1.06307320821886364115	     -0.34015609895097353998	      0.82139987256985502739	      0.04903790158238277574	      0.01741116475034978212	      0.58932474267401813162	      0.58932474267402035206	      0.05639963733430705672	      0.00000000000000138515	      0.00000000000000014948	     -0.01290210129222472968	      0.05779134858794506002	     -0.07113231145471110572	      0.35171302353122768647	      0.35171302353123296003	     -0.46125945434084353325	     -0.00000000000000644369	     -0.00000000000002688799	      0.21008613613794263619	      0.04505530426459553733	     -0.13771058892431037313	     -0.92887667484121083650	     -0.29388306224232868535	     -0.23811886863920947444	      1.82314494641559265986	      1.39901412548753611986	      0.00000000000000068765	      0.00000000000000071054	     -0.53606863295446494089	     -0.25417927053603317500	     -0.15140144158514887152	      2.36598423582859451741	      1.32209477596848157255	     -0.00000000000000010396	      0.00000000000000138129
      2.61099999999999976552	     -0.30644282952156925992	     -0.06475921862387977457	     -0.06849487149414323905	      0.96976825789555276547	      1.06379633853090838080	     -0.33969785686446818396	      0.80895095321904286756	      0.05383652008954640383	      0.02478390603609266149	      0.55055378237638041838	      0.55055378237638252781	      0.05041844796290347736	      0.00000000000000139451	      0.00000000000000014377	     -0.01687686074075826076	      0.05743896269431388035	     -0.06595163186413230405	      0.36578823499888690751	      0.36578823499889223658	     -0.47259359951108453890	     -0.00000000000000650603	     -0.00000000000002694413	      0.20628809496692232517	      0.04609704023082578095	     -0.13690228194173517662	     -0.92912427653621509904	     -0.29134807169966148166	     -0.23967902900697427016	      1.82770567196411337640	      1.39772223370439951928	      0.00000000000000069660	      0.00000000000000071877	     -0.53847256358837336521	     -0.25636141282767316296	     -0.14759725565884002085	      2.36946570267396561249	      1.32177918697114527014	     -0.00000000000000009831	      0.00000000000000137715
      2.61499999999999976907	     -0.30235843011620244791	     -0.06496625637148888133	     -0.07040381384022049993	      0.97024767593218985695	      1.06438410749712364378	     -0.33926904424511916680	      0.79622024488362941330	      0.05808000902027393719	      0.03278094864229356281	      0.51351462566994066083	      0.51351462566994277026	      0.04481976160754720662	      0.00000000000000140415	      0.00000000000000014061	     -0.01997323834356547548	      0.05760740896070916384	     -0.05997441094125829236	      0.38281459331661210621	      0.38281459331661743528	     -0.48004211075264685560	     -0.00000000000000656859	     -0.00000000000002700247	      0.20165279102098185304	      0.04675995447972847857	     -0.13568295624621307116	     -0.92859122884701617018	     -0.28888422412025421826	     -0.24108978800145047794	      1.83192253722975606500	      1.39647252979918379268	      0.00000000000000070507	      0.00000000000000072734	     -0.54073682949661849850	     -0.25865055020906330130	     -0.14347849425752590147	      2.37183767170786330425	      1.32135277816173446475	     -0.00000000000000009334	      0.00000000000000137519
      2.61899999999999977263	     -0.29781740901621345241	     -0.06486512067164580675	     -0.07227302252019662809	      0.97064621628133396225	      1.06483070034192928155	     -0.33887479564375588836	      0.78340357706050745001	      0.06171732437101355717	      0.04101145732574040803	      0.47863192754542843721	      0.47863192754543071317	      0.03986668962564506036	      0.00000000000000141371	      0.00000000000000013845	     -0.02212074928320604053	      0.05826681499992501789	     -0.05336911191247145636	      0.40289464271618391500	      0.40289464271618929958	     -0.48337535327757302772	     -0.00000000000000663111	     -0.00000000000002706322	      0.19624286492659243075	      0.04709050183919973043	     -0.13403184603529644248	     -0.92733601258024334069	     -0.28652011095936047447	     -0.24234967784094776921	      1.83577610636451393766	      1.39529709572183446831	      0.00000000000000071240	      0.00000000000000073592	     -0.54282505452655860356	     -0.26102202328765700123	     -0.13909200954994754840	      2.37307409579739525540	      1.32081733275711932230	     -0.00000000000000008863	      0.00000000000000137491
      2.62299999999999977618	     -0.29288164578304581864	     -0.06453125912388495145	     -0.07409634189507073587	      0.97096402931785219526	      1.06513041294863719521	     -0.33851988834057261668	      0.77069584992961936987	      0.06475444633811809625	      0.04906349077248798457	      0.44631281515740189869	      0.44631281515740423016	      0.03580251023880243882	      0.00000000000000142377	      0.00000000000000013786	     -0.02327241466450678115	      0.05933324850183298305	     -0.04633681300453487001	      0.42603874755551185416	      0.42603874755551723874	     -0.48257245430006867615	     -0.00000000000000669376	     -0.00000000000002712533	      0.19014558669095901755	      0.04718599658827671989	     -0.13194321150405807774	     -0.92542645255834843354	     -0.28429041989428638360	     -0.24347158230138779555	      1.83926438391551694274	      1.39422134574902756299	      0.00000000000000071970	      0.00000000000000074447	     -0.54470163697670137548	     -0.26343278289591487429	     -0.13448853904510185697	      2.37315694212836802990	      1.32017969472904295181	     -0.00000000000000008396	      0.00000000000000137515
      2.62699999999999977973	     -0.28762465377596807548	     -0.06407227981535802697	     -0.07586658176688999833	      0.97120422366712799711	      1.06527776806563245771	     -0.33820846023941325553	      0.75828141439601237650	      0.06724838911853846246	      0.05653497144089042470	      0.41692071031415650628	      0.41692071031415883775	      0.03282790673975431728	      0.00000000000000143426	      0.00000000000000013700	     -0.02340477625156120456	      0.06067932064801643405	     -0.03909836576721439222	      0.45216258658630953393	      0.45216258658631491851	     -0.47782690644195746632	     -0.00000000000000675628	     -0.00000000000002718737	      0.18346918934610112473	      0.04718251964878764776	     -0.12942541111156027900	     -0.92293676275026992339	     -0.28223389533269588325	     -0.24448216870074609974	      1.84240518387743734685	      1.39326174052384255120	      0.00000000000000072709	      0.00000000000000075280	     -0.54633641652736519845	     -0.26582501971034599997	     -0.12972065216411432509	      2.37207973595490217988	      1.31945237144449745159	     -0.00000000000000007988	      0.00000000000000137701
      2.63099999999999978328	     -0.28212933063012629598	     -0.06361325417200471011	     -0.07757613344425601243	      0.97137240200732144491	      1.06526758020994383180	     -0.33794364711697932879	      0.74632462484502992695	      0.06929515483208756321	      0.06306427429521019312	      0.39074946027451207264	      0.39074946027451440411	      0.03107828091029675097	      0.00000000000000144498	      0.00000000000000013658	     -0.02251517955786084754	      0.06215001036339785900	     -0.03187987173655192769	      0.48109254991662125933	      0.48109254991662664391	     -0.46953209146986352174	     -0.00000000000000681833	     -0.00000000000002724964	      0.17633824734777586718	      0.04723713562203393085	     -0.12649948744260028355	     -0.91994444149628074037	     -0.28038992617810376551	     -0.24541886832611400915	      1.84523530001692703806	      1.39242472043904985668	      0.00000000000000073362	      0.00000000000000076117	     -0.54770913992171399443	     -0.26813175591530763464	     -0.12484108122512931061	      2.36985057918388042353	      1.31865362323308854542	     -0.00000000000000007616	      0.00000000000000137951
      2.63499999999999978684	     -0.27648507680275757892	     -0.06327984322383849169	     -0.07921734795123307193	      0.97147604540003118512	      1.06509500143716606679	     -0.33772718449366706528	      0.73496130751907806644	      0.07101339489754364409	      0.06835724790252487026	      0.36800059343002844425	      0.36800059343003083123	      0.03060366594149858607	      0.00000000000000145576	      0.00000000000000013735	     -0.02061695850637241395	      0.06358147037711683880	     -0.02489790327315271473	      0.51257831096846606656	      0.51257831096847128460	     -0.45824867695192644801	     -0.00000000000000688027	     -0.00000000000002731302	      0.16888835618589898013	      0.04750683454436516184	     -0.12319744007046011525	     -0.91652715625370173580	     -0.27879423716115175891	     -0.24632488104643751603	      1.84780665807311961224	      1.39170690295628096678	      0.00000000000000074055	      0.00000000000000076943	     -0.54881324266583753069	     -0.27028373917748538258	     -0.11990143567267631808	      2.36649427970255965548	      1.31780695259842084432	     -0.00000000000000007288	      0.00000000000000138188
      2.63899999999999979039	     -0.27078417560582190848	     -0.06318162386716209833	     -0.08078261050669371945	      0.97152381668371945445	      1.06475558147341131665	     -0.33755905127587576553	      0.72429183485350523419	      0.07252608393449139212	      0.07220759752614117066	      0.34876677656284976736	      0.34876677656285209883	      0.03135398424330920752	      0.00000000000000146673	      0.00000000000000013934	     -0.01773344338825019392	      0.06482015387292608399	     -0.01834592575050696464	      0.54631141087478785057	      0.54631141087479306861	     -0.44465784764971183485	     -0.00000000000000694243	     -0.00000000000002737679	      0.16126019298653476719	      0.04812715918464370579	     -0.11956035281700784501	     -0.91275927562754921585	     -0.27747462888043450402	     -0.24724300496062889820	      1.85018014964575772119	      1.39109641703056330364	      0.00000000000000074728	      0.00000000000000077769	     -0.54965855332754098850	     -0.27221669775972334726	     -0.11495132620285294922	      2.36205329261887619907	      1.31693996743304708730	     -0.00000000000000006936	      0.00000000000000138464
      2.64299999999999979394	     -0.26511745190624408375	     -0.06339772127243795130	     -0.08226406397048791064	      0.97152484185481147172	      1.06424536165145600108	     -0.33743723056511110148	      0.71437632661416183844	      0.07394260917971584579	      0.07450847055856288370	      0.33302374305111931418	      0.33302374305112164565	      0.03317168654569597336	      0.00000000000000147787	      0.00000000000000014149	     -0.01389187594264183409	      0.06573984064597945820	     -0.01238315684476977950	      0.58194801812706375976	      0.58194801812706908883	     -0.42950518655558017622	     -0.00000000000000700484	     -0.00000000000002744110	      0.15359303407871172098	      0.04919328130077171846	     -0.11563645185661221293	     -0.90870784027668305427	     -0.27644767045122542459	     -0.24820911893341318644	      1.85241807017239956679	      1.39057515976574541661	      0.00000000000000075430	      0.00000000000000078616	     -0.55027270896634328246	     -0.27387798782248767848	     -0.11003792466483870716	      2.35658729501196884115	      1.31608265827697890060	     -0.00000000000000006610	      0.00000000000000138746
      2.64699999999999979750	     -0.25956937443741795457	     -0.06396655878913112825	     -0.08365301905776513502	      0.97148803066350464253	      1.06356101495471011553	     -0.33735763500263199477	      0.70523233552920105982	      0.07534373076055912721	      0.07525414118951201381	      0.32063188315571583553	      0.32063188315571827802	      0.03579293902032280872	      0.00000000000000148901	      0.00000000000000014397	     -0.00911848668761292697	      0.06625442309866592938	     -0.00712685692718891071	      0.61913308954069157242	      0.61913308954069690149	     -0.41354123399665537741	     -0.00000000000000706735	     -0.00000000000002750435	      0.14601786422031565182	      0.05074600850509505823	     -0.11147911724540679468	     -0.90442831329685757780	     -0.27571691953132154707	     -0.24924613009665175234	      1.85457628920618144974	      1.39012165985478608476	      0.00000000000000076164	      0.00000000000000079469	     -0.55070110951053996562	     -0.27523174473993322620	     -0.10520596335618079276	      2.35017138229834188223	      1.31526520987073070046	     -0.00000000000000006343	      0.00000000000000139008
      2.65099999999999980105	     -0.25421297285559629753	     -0.06488110379397697691	     -0.08493916867944839577	      0.97142148608594980352	      1.06270001581494266674	     -0.33731422459819798698	      0.69683536030586568089	      0.07677146080940208672	      0.07453163629824312297	      0.31134803241767988746	      0.31134803241768232995	      0.03885810163063008194	      0.00000000000000150077	      0.00000000000000014729	     -0.00343571305438673726	      0.06632474816052028044	     -0.00264876529919367545	      0.65752314423878244209	      0.65752314423878766014	     -0.39746462934259241262	     -0.00000000000000712983	     -0.00000000000002756709	      0.13865040661562855195	      0.05276473252103578565	     -0.10714484321055979532	     -0.89996062998569303915	     -0.27527301151067024021	     -0.25035913856267427713	      1.85669718502611558186	      1.38971418084568387741	      0.00000000000000076970	      0.00000000000000080327	     -0.55100523195929018705	     -0.27626184564610134498	     -0.10049806271862378459	      2.34289290841775166285	      1.31451553521031572203	     -0.00000000000000006132	      0.00000000000000139157
      2.65499999999999980460	     -0.24910543944899132818	     -0.06609022941333647649	     -0.08610991431879586044	      0.97133203238618748276	      1.06166078132460905969	     -0.33729930535185076446	      0.68912283345633873477	      0.07822518299058095481	      0.07250373505565670118	      0.30484724334591400963	      0.30484724334591661865	      0.04193255846241120827	      0.00000000000000151209	      0.00000000000000015029	      0.00313842733444815759	      0.06595861275321436568	      0.00102426964487687560	      0.69680547155654015690	      0.69680547155654537494	     -0.38187267062668994733	     -0.00000000000000719215	     -0.00000000000002762978	      0.13158502805256586110	      0.05516841745584009915	     -0.10269095770753243480	     -0.89532604498491230594	     -0.27509566015070896494	     -0.25153248146830925469	      1.85880398824727532947	      1.38933362174903152209	      0.00000000000000077817	      0.00000000000000081200	     -0.55125920999566624392	     -0.27697243701522578085	     -0.09595497164638157328	      2.33484694503528666942	      1.31385683865470048737	     -0.00000000000000005988	      0.00000000000000139228
      2.65899999999999980815	     -0.24428548586822809718	     -0.06750620458081817155	     -0.08715020523428806953	      0.97122489395991651318	      1.06044271496587350079	     -0.33730396934794487640	      0.68200228791425754338	      0.07966462269078908309	      0.06938580560684053100	      0.30075360285353236467	      0.30075360285353497369	      0.04453871747410451803	      0.00000000000000152323	      0.00000000000000015287	      0.01058941177016017865	      0.06520371291752524723	      0.00390587588176206013	      0.73671207988721554294	      0.73671207988722098303	     -0.36722338272118426605	     -0.00000000000000725396	     -0.00000000000002769306	      0.12489078618020094114	      0.05782493318796694953	     -0.09817288521018900649	     -0.89052533104810449593	     -0.27515730169311286568	     -0.25272919400046345295	      1.86089692123713379424	      1.38896575288865542497	      0.00000000000000078687	      0.00000000000000082037	     -0.55154460950745398673	     -0.27738613270147965961	     -0.09161517035097750672	      2.32613037168666103582	      1.31330557811336734453	     -0.00000000000000005917	      0.00000000000000139289
      2.66299999999999981171	     -0.23977289271964760675	     -0.06901741517814920235	     -0.08804308001431294939	      0.97110353346465716484	      1.05904613356310894901	     -0.33731863411204521253	      0.67536335613092091101	      0.08101908606410056224	      0.06541923977818370206	      0.29867759449151504159	      0.29867759449151770612	      0.04619740176185728464	      0.00000000000000153422	      0.00000000000000015511	      0.01890424096911210231	      0.06413451202598458023	      0.00604265642534450222	      0.77702752686590648157	      0.77702752686591203268	     -0.35381205979310459409	     -0.00000000000000731564	     -0.00000000000002775637	      0.11861009272945149950	      0.06056774093938084580	     -0.09364107507124644347	     -0.88553881268648504399	     -0.27542777380159677580	     -0.25389301021697574523	      1.86295148561180368141	      1.38860250121303052673	      0.00000000000000079525	      0.00000000000000082855	     -0.55194346577818331756	     -0.27754024998532678126	     -0.08751370719412000787	      2.31683496613258377295	      1.31287009913888774726	     -0.00000000000000005861	      0.00000000000000139438
      2.66699999999999981526	     -0.23556980086288281662	     -0.07050430431625298588	     -0.08877075474900766872	      0.97096961982189300411	      1.05747209647900231033	     -0.33733364025689704935	      0.66909184987814229739	      0.08220098644262753551	      0.06084453646505089824	      0.29825548173485938452	      0.29825548173486199355	      0.04647344811161585598	      0.00000000000000154517	      0.00000000000000015838	      0.02806875681385289159	      0.06283544692416247190	      0.00750478865967549747	      0.81759091320734655906	      0.81759091320735244324	     -0.34176364307807044485	     -0.00000000000000737671	     -0.00000000000002781948	      0.11275935845790902023	      0.06321731764090096628	     -0.08913811461673747105	     -0.88032841506270609333	     -0.27587913299301386472	     -0.25495250941861230531	      1.86491927233648291384	      1.38824222678860453861	      0.00000000000000080368	      0.00000000000000083680	     -0.55253000414881991986	     -0.27748169219977741884	     -0.08368074246461182364	      2.30704033641848305081	      1.31255007640876986130	     -0.00000000000000005838	      0.00000000000000139571
      2.67099999999999981881	     -0.23166318450511622085	     -0.07185626270764404466	     -0.08931605718549598394	      0.97082308131422245800	      1.05572220860745380477	     -0.33733987455090214125	      0.66308400216803797811	      0.08312140110374771629	      0.05587696479229266322	      0.29918601148106527265	      0.29918601148106788168	      0.04501979394894280173	      0.00000000000000155675	      0.00000000000000016157	      0.03806458720567990756	      0.06138319917768183392	      0.00837600125418563532	      0.85829263199122285410	      0.85829263199122862726	     -0.33104125500328462905	     -0.00000000000000743815	     -0.00000000000002788324	      0.10733086587796360212	      0.06560434918222105005	     -0.08469651921079449086	     -0.87484169773081910115	     -0.27648980945235918094	     -0.25582687752140709225	      1.86673146076108009694	      1.38788902643798506276	      0.00000000000000081234	      0.00000000000000084487	     -0.55336170757954628030	     -0.27726114478013796916	     -0.08014030394729833306	      2.29680760549016982353	      1.31233683297686343217	     -0.00000000000000005863	      0.00000000000000139673
      2.67499999999999982236	     -0.22802820458942563153	     -0.07298727715665705162	     -0.08966390549251460063	      0.97066222035999227824	      1.05379842385043009934	     -0.33732938869927775460	      0.65725919166687385431	      0.08370544652296695032	      0.05068826929837158546	      0.30126001079694653129	      0.30126001079694919582	      0.04162025800852194035	      0.00000000000000156806	      0.00000000000000016508	      0.04886625151855261001	      0.05983062398616548205	      0.00874455173268664544	      0.89906665719970613182	      0.89906665719971179396	     -0.32146881285760114944	     -0.00000000000000749955	     -0.00000000000002794731	      0.10229561374360349180	      0.06759176817867453002	     -0.08033753910193128234	     -0.86901743760542604633	     -0.27724753800713508589	     -0.25643270601231882289	      1.86830444500274150954	      1.38755118624211060130	      0.00000000000000082109	      0.00000000000000085311	     -0.55447070515471830188	     -0.27692731780058355007	     -0.07690936826905508950	      2.28617450442775815844	      1.31221451501824848407	     -0.00000000000000005923	      0.00000000000000139781
      2.67899999999999982592	     -0.22463617184204323629	     -0.07384859396325477165	     -0.08980519146540796860	      0.97048297522524662462	      1.05170406546435013517	     -0.33729617515569737529	      0.65157438007418533310	      0.08390747542583568142	      0.04538327425524009417	      0.30438495809434457096	      0.30438495809434717998	      0.03612845084230979775	      0.00000000000000157927	      0.00000000000000016823	      0.06044092247453340672	      0.05819263758560792865	      0.00869418930339308470	      0.93988030567474722954	      0.93988030567475289168	     -0.31276413565662058991	     -0.00000000000000756106	     -0.00000000000002801130	      0.09760819894125311036	      0.06909530053983188591	     -0.07606844470524340429	     -0.86279279587860679968	     -0.27815254968787972434	     -0.25669172298774872720	      1.86954671382938375501	      1.38723880964805235116	      0.00000000000000082994	      0.00000000000000086143	     -0.55585643994570310689	     -0.27652136856304060375	     -0.07399663534196979087	      2.27515219006442981353	      1.31216256873098990887	     -0.00000000000000006012	      0.00000000000000139883
      2.68299999999999982947	     -0.22145461372032007596	     -0.07443601989498555005	     -0.08973329275597062560	      0.97028002402346713584	      1.04944292202874578379	     -0.33723649121448689980	      0.64602393497035648373	      0.08372145905762372331	      0.04002745856463945512	      0.30858789970428673888	      0.30858789970428940341	      0.02875606369380765553	      0.00000000000000159029	      0.00000000000000017122	      0.07274467890565609884	      0.05644251283595347335	      0.00830454003568713642	      0.98071996193513633067	      0.98071996193514210383	     -0.30457802074345668997	     -0.00000000000000762302	     -0.00000000000002807539	      0.09320989721112110660	      0.07009258009505325848	     -0.07188640459728994070	     -0.85610643720790458033	     -0.27921780027430709303	     -0.25653745452157628026	      1.87036688780911797281	      1.38696147786888679398	      0.00000000000000083910	      0.00000000000000086990	     -0.55748497649090722472	     -0.27607347765219103497	     -0.07140307326922772091	      2.26372542295505052579	      1.31215730667839802770	     -0.00000000000000006143	      0.00000000000000139964
      2.68699999999999983302	     -0.21845662713124713861	     -0.07479477537532286391	     -0.08945150297242379644	      0.97004669066287496637	      1.04701885649605919149	     -0.33714884684185847386	      0.64065472007316381919	      0.08318631634356546400	      0.03462149122992545791	      0.31401760908735781852	      0.31401760908736042754	      0.01979713904963786852	      0.00000000000000160125	      0.00000000000000017539	      0.08573144233298914119	      0.05450867747452788070	      0.00764524951471179815	      1.02157902449577453474	      1.02157902449578030790	     -0.29653571958736762992	     -0.00000000000000768498	     -0.00000000000002814012	      0.08903949576985739633	      0.07063254306011074179	     -0.06777445682390632886	     -0.84890429257954991282	     -0.28046698871066133574	     -0.25592201208677806124	      1.87067843092308194741	      1.38672504191373069382	      0.00000000000000084886	      0.00000000000000087816	     -0.55928519015002298165	     -0.27559896751739587639	     -0.06911962267806234794	      2.25185077828414481615	      1.31217626051218450023	     -0.00000000000000006275	      0.00000000000000140040
      2.69099999999999983658	     -0.21562565274197181830	     -0.07501557551137885693	     -0.08897253966642323930	      0.96977488764359409679	      1.04443659148690004557	     -0.33703426493985255696	      0.63556311334027160154	      0.08238674380001241582	      0.02912615824164964742	      0.32092729521197110865	      0.32092729521197377318	      0.00973137601086622624	      0.00000000000000161216	      0.00000000000000017883	      0.09935623274385982362	      0.05228091521438777561	      0.00677987884748463762	      1.06244659338603453236	      1.06244659338604030552	     -0.28827566238231649987	     -0.00000000000000774619	     -0.00000000000002820480	      0.08503887174895895240	      0.07083245152052075611	     -0.06370443671080160131	     -0.84114522868493346586	     -0.28193118350363388647	     -0.25482049307554610618	      1.87040488343369970536	      1.38652908015719456003	      0.00000000000000086009	      0.00000000000000088613	     -0.56115087498908999830	     -0.27509885768943148632	     -0.06712650370106515441	      2.23946065923688175658	      1.31220089956556096311	     -0.00000000000000006381	      0.00000000000000140032
      2.69499999999999984013	     -0.21295946564175147198	     -0.07522592942700737084	     -0.08831915382496571820	      0.96945532027238490169	      1.04170217358828143261	     -0.33689619493245981374	      0.63089090166129735415	      0.08144798204491682236	      0.02348087056423091290	      0.32964647557106924181	      0.32964647557107190634	     -0.00080639943406460410	      0.00000000000000162295	      0.00000000000000018097	      0.11358226689350700567	      0.04962279487613450307	      0.00576997340535855170	      1.10329881368376003792	      1.10329881368376581108	     -0.27948283313999167099	     -0.00000000000000780710	     -0.00000000000002826940	      0.08115990655751953442	      0.07086786343754294948	     -0.05963841361340132402	     -0.83280302951921392207	     -0.28364493360311676673	     -0.25323357709985144792	      1.86948311774732456314	      1.38636487894630544560	      0.00000000000000087225	      0.00000000000000089411	     -0.56294709166624468111	     -0.27456081890484473895	     -0.06539242803121418646	      2.22646791808420596581	      1.31221945531107131444	     -0.00000000000000006534	      0.00000000000000139970
      2.69899999999999984368	     -0.21047144203333872925	     -0.07557623326052635704	     -0.08752343176825624904	      0.96907788309506648350	      1.03882363438421809754	     -0.33674022331903519234	      0.62681484200733861289	      0.08052472271454229336	      0.01762522045988426656	      0.34054191329891314588	      0.34054191329891592144	     -0.01106600831582848186	      0.00000000000000163294	      0.00000000000000018135	      0.12838747578224879442	      0.04638976026972915084	      0.00468033640877897270	      1.14409263625194568270	      1.14409263625195145586	     -0.26991442229358786342	     -0.00000000000000786779	     -0.00000000000002833445	      0.07736960217630352299	      0.07095472179498807375	     -0.05553101371552020271	     -0.82386609906097185707	     -0.28564131194245440115	     -0.25118748264140555726	      1.86786476902940568046	      1.38621462161813524538	      0.00000000000000088487	      0.00000000000000090226	     -0.56452012812879881487	     -0.27396142788425970060	     -0.06387467007851665990	      2.21277207584532531470	      1.31222893325715217472	     -0.00000000000000006713	      0.00000000000000139879
      2.70299999999999984723	     -0.20818895566172196387	     -0.07622222236112842497	     -0.08662482429855848653	      0.96863223910609030920	      1.03581175649312218212	     -0.33657358638453954702	      0.62353022569637228667	      0.07978527714705153928	      0.01151998074463937184	      0.35397086758657098082	      0.35397086758657364536	     -0.02023591164520881225	      0.00000000000000163866	      0.00000000000000017997	      0.14376916672297646027	      0.04245071326515829913	      0.00358422581602176656	      1.18476210104490231600	      1.18476210104490786712	     -0.25941627324742289051	     -0.00000000000000792852	     -0.00000000000002840107	      0.07365267979059052228	      0.07132545233084452985	     -0.05133250735960899480	     -0.81433495659755361640	     -0.28794632531664859920	     -0.24873128952219319965	      1.86551577148891256641	      1.38605198122527939475	      0.00000000000000089770	      0.00000000000000090993	     -0.56571012887507499123	     -0.27326938013763196755	     -0.06252010867953318451	      2.19826656915730023201	      1.31223606425062677694	     -0.00000000000000006939	      0.00000000000000139824
      2.70699999999999985079	     -0.20614968004395475831	     -0.07730654963290217729	     -0.08566718517109750408	      0.96810849366645923553	      1.03268075762646227567	     -0.33640452592447572799	      0.62123009958663433228	      0.07939373001163078925	      0.00516488797711661847	      0.37023233420420165185	      0.37023233420420437190	     -0.02750494992910405487	      0.00000000000000163849	      0.00000000000000017370	      0.15974610749286655142	      0.03770942403436539775	      0.00256709847100226700	      1.22521735342477566810	      1.22521735342478144126	     -0.24792961818562528342	     -0.00000000000000798998	     -0.00000000000002846806	      0.07001154203056395020	      0.07220275989245901471	     -0.04699235821593065326	     -0.80421803229155086612	     -0.29057355935394540980	     -0.24593223845293341046	      1.86241414719289188895	      1.38584387492210048265	      0.00000000000000091040	      0.00000000000000091753	     -0.56636488372033089167	     -0.27244940063311406941	     -0.06126682777227264454	      2.18284631739933177030	      1.31225708869160428982	     -0.00000000000000007197	      0.00000000000000139807
      2.71099999999999985434	     -0.20439678976480571415	     -0.07894218494259716556	     -0.08469519987368007152	      0.96749783728588667486	      1.02944865544296093596	     -0.33624155666479316196	      0.62008225722825127679	      0.07949289287689291494	     -0.00138905325624115537	      0.38952219069943011531	      0.38952219069943289087	     -0.03212495365642958900	      0.00000000000000162924	      0.00000000000000016662	      0.17635760643145104165	      0.03212219433963055953	      0.00172773827269695002	      1.26534639001033499817	      1.26534639001034077133	     -0.23548827091881302520	     -0.00000000000000805158	     -0.00000000000002853559	      0.06646371164843181689	      0.07377491064224600548	     -0.04246285335075791756	     -0.79352631877715862352	     -0.29351993871810005965	     -0.24286971320135489205	      1.85854631209446075069	      1.38555304922643029997	      0.00000000000000092313	      0.00000000000000092490	     -0.56635312452340347278	     -0.27146654580656587319	     -0.06004585574689184219	      2.16641488018339511967	      1.31231636799157236339	     -0.00000000000000007495	      0.00000000000000139738
      2.71499999999999985789	     -0.20297367666723586943	     -0.08119917398080547799	     -0.08375054379339942623	      0.96679305478975419152	      1.02613713745214196749	     -0.33609274283088630408	      0.62020616242976767118	      0.08018970184233396858	     -0.00803429795882235932	      0.41189686739317754594	      0.41189686739318026598	     -0.03346942813048875420	      0.00000000000000161755	      0.00000000000000016098	      0.19365922570633578581	      0.02570978954258219470	      0.00117644719099295209	      1.30501868448443114623	      1.30501868448443669735	     -0.22220768190441503309	     -0.00000000000000811390	     -0.00000000000002860370	      0.06303691718661974530	      0.07617496668324033604	     -0.03770244026911427626	     -0.78226735019981241681	     -0.29676314260595071381	     -0.23962836341154714059	      1.85390252058089610721	      1.38514129928007312387	      0.00000000000000093619	      0.00000000000000093196	     -0.56557582467193390219	     -0.27029043218771869883	     -0.05878311630905320995	      2.14889052028701943442	      1.31244394728903457370	     -0.00000000000000007848	      0.00000000000000139653
      2.71899999999999986144	     -0.20191833222477198473	     -0.08409558183730184155	     -0.08286808779829983596	      0.96598888659493842290	      1.02277090014518523553	     -0.33596508200789637621	      0.62165211412001175617	      0.08154393480008420569	     -0.01460953211672792566	      0.43724905114613410451	      0.43724905114613688006	     -0.03108438390928286096	      0.00000000000000161105	      0.00000000000000016907	      0.21171504831872220431	      0.01856273218160591973	      0.00103045659086928114	      1.34408938537005462344	      1.34408938537006039660	     -0.20826810259896444411	     -0.00000000000000817702	     -0.00000000000002867128	      0.05976226688232548490	      0.07946554583148969508	     -0.03267847001364165144	     -0.77043920732625881254	     -0.30026085329253598966	     -0.23629070256841916420	      1.84847232499223834701	      1.38457319464576822377	      0.00000000000000094941	      0.00000000000000093880	     -0.56397428441265062826	     -0.26889884988642609454	     -0.05740194791264278257	      2.13021069073455215914	      1.31267227648456419331	     -0.00000000000000008196	      0.00000000000000139580
      2.72299999999999986500	     -0.20125750198739086883	     -0.08759335290833307475	     -0.08207250653837092069	      0.96508229883569440766	      1.01937660462015822205	     -0.33586405270699737358	      0.62438487551198706971	      0.08356115268128043450	     -0.02091056004429043061	      0.46529756450605774809	      0.46529756450606063467	     -0.02472707751442646679	      0.00000000000000161357	      0.00000000000000018203	      0.23058713113542420037	      0.01083939326323039333	      0.00140681886242107488	      1.38240314871656533313	      1.38240314871657110629	     -0.19389430161883142167	     -0.00000000000000824081	     -0.00000000000002874054	      0.05666646339397068272	      0.08363039302236016659	     -0.02736920165757552800	     -0.75802573101140013900	     -0.30395173423182886285	     -0.23292973922102080953	      1.84224090847467047993	      1.38382003528354613486	      0.00000000000000096266	      0.00000000000000094561	     -0.56153442907505635162	     -0.26728040747329512294	     -0.05582630790711819169	      2.11033497804996406089	      1.31303239161876095231	     -0.00000000000000008523	      0.00000000000000139491
      2.72699999999999986855	     -0.20100105713073260216	     -0.09159975487169301489	     -0.08137565768279683698	      0.96407273794380288212	      1.01598178538922678804	     -0.33579333517209436488	      0.62827371413216681617	      0.08619084484463675200	     -0.02670815429548153638	      0.49559207580342001798	      0.49559207580342284905	     -0.01438855008260572603	      0.00000000000000163190	      0.00000000000000019009	      0.25032355088275237698	      0.00275667535014664658	      0.00241333685382750900	      1.41979726217353419138	      1.41979726217353974249	     -0.17933457003317967993	     -0.00000000000000830436	     -0.00000000000002880947	      0.05376444598568284883	      0.08857378259436493595	     -0.02176509603565758913	     -0.74499453110612434692	     -0.30775788755289223975	     -0.22960254086002002127	      1.83518713972914349064	      1.38286352598812145587	      0.00000000000000097618	      0.00000000000000095217	     -0.55828741362656419955	     -0.26543615148468580056	     -0.05398441447143849381	      2.08924708930471592083	      1.31355001410973803999	     -0.00000000000000008817	      0.00000000000000139410
      2.73099999999999987210	     -0.20113735868640678084	     -0.09597469817421083738	     -0.08077511062035647171	      0.96296238889373975134	      1.01261410812526087000	     -0.33575468137159536486	      0.63309044110996415267	      0.08933040777271314403	     -0.03177100722667636906	      0.52753258537950520335	      0.52753258537950808993	     -0.00029687724480251726	      0.00000000000000167254	      0.00000000000000018521	      0.27094665267886219873	     -0.00542631435294748960	      0.00413815484544496383	      1.45610408583353878598	      1.45610408583354433709	     -0.16484133579121779123	     -0.00000000000000836921	     -0.00000000000002887901	      0.05105373906081852459	      0.09412818245411638807	     -0.01586940972759432952	     -0.73129917476790329278	     -0.31158856160043213457	     -0.22634561669513331150	      1.82728408819936505303	      1.38169865199037267267	      0.00000000000000098958	      0.00000000000000095885	     -0.55430674130180079828	     -0.26338030247538679607	     -0.05181253805547856445	      2.06695653076774643608	      1.31424201787316818901	     -0.00000000000000009097	      0.00000000000000139354
      2.73499999999999987566	     -0.20163043439960146030	     -0.10054310763584886623	     -0.08025405552779447949	      0.96175639927082867686	      1.00930119893657210817	     -0.33574790304800178342	      0.63851625860469474194	      0.09283435680070072082	     -0.03589083179716664324	      0.56040231853232036485	      0.56040231853232325143	      0.01709949281577368557	      0.00000000000000174084	      0.00000000000000017661	      0.29244322149648371845	     -0.01342978252342659669	      0.00663916462488972885	      1.49115337276908932473	      1.49115337276909509789	     -0.15065425906484342100	     -0.00000000000000843397	     -0.00000000000002894762	      0.04851139078538632687	      0.10006917492026536076	     -0.00969800576700689983	     -0.71688581611332702348	     -0.31534495049612470963	     -0.22317263108163082341	      1.81850227774079065135	      1.38033537793433680463	      0.00000000000000100309	      0.00000000000000096545	     -0.54970231164859240103	     -0.26114034685152082149	     -0.04925873079303875329	      2.04350040268576460534	      1.31511367734250383954	     -0.00000000000000009344	      0.00000000000000139274
      2.73899999999999987921	     -0.20241958962658554433	     -0.10511074662625141674	     -0.07978266192365836285	      0.96046305521077235401	      1.00607093670964853338	     -0.33577095316917138224	      0.64415760006244271452	      0.09652735190842696988	     -0.03890607186554401187	      0.59341152677026276496	      0.59341152677026565154	      0.03716756002053944047	      0.00000000000000180519	      0.00000000000000015967	      0.31475835251073464027	     -0.02097723152341498393	      0.00993474122268740711	      1.52477527505634924410	      1.52477527505635479521	     -0.13698585037815436127	     -0.00000000000000849754	     -0.00000000000002901758	      0.04609414721186814307	      0.10613566671203381042	     -0.00327826774706285479	     -0.70170338384873676141	     -0.31892590617711824574	     -0.22007464089838449373	      1.80881552019904390249	      1.37879891378650687450	      0.00000000000000101657	      0.00000000000000097225	     -0.54461202995634694357	     -0.25875663193746734070	     -0.04628632805373108366	      2.01894542931520826201	      1.31615705816108174986	     -0.00000000000000009579	      0.00000000000000139203
      2.74299999999999988276	     -0.20342166393700591986	     -0.10948167954434873117	     -0.07932081747077085465	      0.95909393481864890774	      1.00295185654748331139	     -0.33582007405822306145	      0.64957014870958440511	      0.10021945451573398278	     -0.04072125670705117884	      0.62574837452465115195	      0.62574837452465414955	      0.05914190318297889160	      0.00000000000000186677	      0.00000000000000012189	      0.33779410299675827201	     -0.02781910089679761472	      0.01399726308421864185	      1.55680406067762144851	      1.55680406067762722166	     -0.12401009066869674025	     -0.00000000000000856097	     -0.00000000000002908909	      0.04374211291231509119	      0.11205308133048225150	      0.00335290304656405726	     -0.68571568218317169308	     -0.32223422034613630194	     -0.21702274123467438227	      1.79820891325999965282	      1.37712850248196172487	      0.00000000000000103010	      0.00000000000000097917	     -0.53919179829798280501	     -0.25628139266999749868	     -0.04287709813559453104	      1.99339006611560454196	      1.31735075658642708518	     -0.00000000000000009803	      0.00000000000000139173
      2.74699999999999988631	     -0.20453586862746403474	     -0.11347531181264043643	     -0.07882198482170395260	      0.95766401596672023899	      0.99997327399871538400	     -0.33588998804428971123	      0.65428878817004454405	      0.10372178497349111848	     -0.04131991545913715064	      0.65663147105773378431	      0.65663147105773678192	      0.08218676409913418246	      0.00000000000000191519	      0.00000000000000007744	      0.36141291607520842355	     -0.03375317331525672093	      0.01875092080861516172	      1.58708146427476459728	      1.58708146427477059248	     -0.11185530670058342617	     -0.00000000000000862553	     -0.00000000000002916254	      0.04138548710627204530	      0.11755679805276415817	      0.01015184505778310084	     -0.66891330534509163552	     -0.32518297987286376438	     -0.21397265178104721284	      1.78668844228439627209	      1.37537494561923967495	      0.00000000000000104385	      0.00000000000000098570	     -0.53360495089809245606	     -0.25377705050137677745	     -0.03903396510822199766	      1.96696639449959409518	      1.31866102319788125463	     -0.00000000000000010017	      0.00000000000000139134
      2.75099999999999988987	     -0.20565126904065550439	     -0.11694107499356221069	     -0.07823780500225246959	      0.95619157955476463684	      0.99716486828939732145	     -0.33597413013640858859	      0.65786058783936995908	      0.10686093055522050133	     -0.04076950361592339422	      0.68535876496165215599	      0.68535876496165515359	      0.10546052611623976669	      0.00000000000000196813	      0.00000000000000002975	      0.38544528784133863519	     -0.03863933466124223892	      0.02407485240929164994	      1.61545884415681406665	      1.61545884415682006185	     -0.10060219906856850136	     -0.00000000000000869042	     -0.00000000000002923455	      0.03895347604979699369	      0.12241328100794418576	      0.01707144148066989595	     -0.65132341286177874995	     -0.32770157832162988276	     -0.21087068120262317250	      1.77429143962367730225	      1.37359714043984149079	      0.00000000000000105808	      0.00000000000000099170	     -0.52801219014269407115	     -0.25131376555264250960	     -0.03478316043241314048	      1.93984147431704512243	      1.32004419102960590671	     -0.00000000000000010220	      0.00000000000000139025
      2.75499999999999989342	     -0.20665667243933444341	     -0.11976942388916247961	     -0.07752286069231455190	      0.95469771608165820975	      0.99455564534436080582	     -0.33606493930696795802	      0.65987738925871830542	      0.10949114770262205476	     -0.03921774870238511207	      0.71134860412820510867	      0.71134860412820810627	      0.12817693488068268581	      0.00000000000000201910	     -0.00000000000000002379	      0.40970090925752539190	     -0.04240757338935677301	      0.02981111290599403746	      1.64179883607005638879	      1.64179883607006238400	     -0.09028643876281805536	     -0.00000000000000875607	     -0.00000000000002930732	      0.03638408860742999712	      0.12643708002237785681	      0.02406462226455428899	     -0.63301610265933583310	     -0.32974099262916095610	     -0.20766053441639736876	      1.76109662188950588657	      1.37185786796304443058	      0.00000000000000107284	      0.00000000000000099749	     -0.52256299368667569194	     -0.24896648513051880536	     -0.03017538723217833355	      1.91221784978570696900	      1.32145011435742065764	     -0.00000000000000010423	      0.00000000000000138866
      2.75899999999999989697	     -0.20745200421604273466	     -0.12189829041112278107	     -0.07663889625378972337	      0.95320536759294804963	      0.99217239844430848983	     -0.33615423208867489802	      0.66000450439848112882	      0.11150381437561848741	     -0.03688061827025199135	      0.73416940099930760866	      0.73416940099931049524	      0.14965896861576821752	      0.00000000000000207275	     -0.00000000000000006740	      0.43398245209507824161	     -0.04505902223950875030	      0.03577612266154113485	      1.66597795344173404963	      1.66597795344173982279	     -0.08090435619650630794	     -0.00000000000000882125	     -0.00000000000002938117	      0.03363356959848916305	      0.12950246167623163940	      0.03108760510653323442	     -0.61410668958093317382	     -0.33127786580967744090	     -0.20429042369510505561	      1.74723217767889438257	      1.37021906504039159280	      0.00000000000000108827	      0.00000000000000100154	     -0.51738963523684733392	     -0.24681179457996024751	     -0.02528543235895963984	      1.88433305865018652092	      1.32282621858773175028	     -0.00000000000000010640	      0.00000000000000138672
      2.76299999999999990052	     -0.20795964207578454541	     -0.12331456604816401490	     -0.07555803469891170243	      0.95173803046820670826	      0.99003794833437541723	     -0.33623367405114307216	      0.65800295114089102366	      0.11283362701140431383	     -0.03402303534701986432	      0.75355562087087024636	      0.75355562087087335499	      0.16938184982127554856	      0.00000000000000213729	     -0.00000000000000010421	      0.45810072307710397732	     -0.04666039489976331334	      0.04177443560557598384	      1.68789037064516489473	      1.68789037064517088993	     -0.07242044536716134295	     -0.00000000000000888516	     -0.00000000000002945418	      0.03068454915091255175	      0.13154898810467663406	      0.03810259160208086249	     -0.59475341763744971058	     -0.33231700275776027143	     -0.20071982964448220610	      1.73288073920980179032	      1.36873694729135375603	      0.00000000000000110340	      0.00000000000000100578	     -0.51260479125026503500	     -0.24492464366975255641	     -0.02020996611048599817	      1.85645808991079008798	      1.32412175279217714241	     -0.00000000000000010768	      0.00000000000000138503
      2.76699999999999990408	     -0.20813391777107281833	     -0.12405071571842937739	     -0.07426494426749556677	      0.95031834971490281028	      0.98816955095714009705	     -0.33629533246446480232	      0.65374356898963525975	      0.11346102491044618432	     -0.03093447210380582957	      0.76940953016874036319	      0.76940953016874336079	      0.18700136708782102990	      0.00000000000000218716	     -0.00000000000000015966	      0.48188905259144793058	     -0.04733276094918671684	      0.04761382659922528543	      1.70745136318577039880	      1.70745136318577661605	     -0.06477582788662734903	     -0.00000000000000894935	     -0.00000000000002952923	      0.02755204045285993344	      0.13258095300422828577	      0.04507989757135619224	     -0.57515042603208954564	     -0.33289196092230299850	     -0.19692512515983381927	      1.71828051289694361259	      1.36745755375379540730	      0.00000000000000111880	      0.00000000000000101038	     -0.50830284813235304675	     -0.24337486991950260662	     -0.01506372148169927289	      1.82889464247751187820	      1.32529177054399549540	     -0.00000000000000010913	      0.00000000000000138325
      2.77099999999999990763	     -0.20796733667095385067	     -0.12417706197916113242	     -0.07275798661941892953	      0.94896680909781927493	      0.98657781875865013799	     -0.33633225804976990547	      0.64721179353582924954	      0.11341044016754062151	     -0.02790190791034938972	      0.78178909405744156924	      0.78178909405744445582	      0.20236415032765558975	      0.00000000000000218181	     -0.00000000000000022657	      0.50521480362612714021	     -0.04723587366146542871	      0.05312063265013269170	      1.72459890485977673791	      1.72459890485978273311	     -0.05789693550172254899	     -0.00000000000000901261	     -0.00000000000002960469	      0.02428644361479050454	      0.13266094297709188354	      0.05199943299651397371	     -0.55551648368184214366	     -0.33306336079396575700	     -0.19290334587564073043	      1.70372214378609632135	      1.36641325114097034188	      0.00000000000000113437	      0.00000000000000101582	     -0.50456423919411497181	     -0.24222365347585256279	     -0.00997432274220523205	      1.80197099404911176279	      1.32630044484113263081	     -0.00000000000000011156	      0.00000000000000138260
      2.77499999999999991118	     -0.20749287279451950061	     -0.12379099433330321978	     -0.07104923575244521949	      0.94770064591544234123	      0.98526631509219797511	     -0.33633901871484789270	      0.63850275597058836485	      0.11274471716130600452	     -0.02518309639489664867	      0.79088381767525905985	      0.79088381767526205746	      0.21549950837388376357	      0.00000000000000217631	     -0.00000000000000028680	      0.52798684609872370554	     -0.04654989576426973863	      0.05815348946717902034	      1.73929340356089712216	      1.73929340356090333941	     -0.05170381307061711063	     -0.00000000000000907466	     -0.00000000000002968220	      0.02097310713137175847	      0.13189857158356943501	      0.05885118647601896014	     -0.53608123483177672064	     -0.33291459207071483206	     -0.18867373714256949202	      1.68954128627282584851	      1.36562052135930622754	      0.00000000000000115159	      0.00000000000000102135	     -0.50146145932644736742	     -0.24152038634850550580	     -0.00507598455738675260	      1.77603624972674145610	      1.32712340369731540690	     -0.00000000000000011346	      0.00000000000000138154
      2.77899999999999991473	     -0.20678215532094207374	     -0.12300478392197906896	     -0.06916317078353986791	      0.94653308916210621149	      0.98423183125305080399	     -0.33631209808637624326	      0.62780706335328184675	      0.11155662704930272011	     -0.02298334416251497300	      0.79698120701426233836	      0.79698120701426533596	      0.22659463434847065821	      0.00000000000000214652	     -0.00000000000000034740	      0.55015849347194412111	     -0.04545674924736611139	      0.06261321390087314087	      1.75151642027314591310	      1.75151642027315190830	     -0.04611759291763773555	     -0.00000000000000913798	     -0.00000000000002976153	      0.01772831751986886709	      0.13043597391489508697	      0.06563429086583964789	     -0.51707124825550554448	     -0.33254485983450199349	     -0.18427699295806215796	      1.67610713720329784771	      1.36507920583215947019	      0.00000000000000117163	      0.00000000000000102733	     -0.49906517602100392006	     -0.24130051061371907140	     -0.00050231162320130010	      1.75145277290497958234	      1.32774885149284749275	     -0.00000000000000011482	      0.00000000000000137874
      2.78299999999999991829	     -0.20593959725726318499	     -0.12193344881174657257	     -0.06713405803673871963	      0.94547300805322775918	      0.98346527198398236980	     -0.33625008482508894625	      0.61538857948428826727	      0.10995841726962531093	     -0.02143832363805070820	      0.80042740209361284975	      0.80042740209361573633	      0.23595636800566296976	      0.00000000000000209774	     -0.00000000000000039297	      0.57172573632613055139	     -0.04412296351218623208	      0.06644744668866213455	      1.76126899287459748322	      1.76126899287460347843	     -0.04106652434650062689	     -0.00000000000000920089	     -0.00000000000002984077	      0.01469188598559574566	      0.12843159807110449133	      0.07235463365960648208	     -0.49869754946435684850	     -0.33206004235042801964	     -0.17977232044363170016	      1.66380743408574960363	      1.36477326669753318278	      0.00000000000000119300	      0.00000000000000103420	     -0.49744907022601991819	     -0.24158459053072817158	      0.00362136618863424234	      1.72858678228699869095	      1.32817740109691406758	     -0.00000000000000011643	      0.00000000000000137693
      2.78699999999999992184	     -0.20509279891255030592	     -0.12068368877447613330	     -0.06500233236734453968	      0.94452501596637084003	      0.98295302152566310649	     -0.33615361781216812620	      0.60155666499654647517	      0.10807023566368603729	     -0.02060447073176354185	      0.80158661234954531327	      0.80158661234954831087	      0.24396406946313251018	      0.00000000000000203529	     -0.00000000000000043658	      0.59272088170662873274	     -0.04268540426966673657	      0.06964981939551964651	      1.76856980446741163249	      1.76856980446741740565	     -0.03648958428558974482	     -0.00000000000000926439	     -0.00000000000002991830	      0.01201677876486670175	      0.12604368108637975521	      0.07902148685215418245	     -0.48114545979352912886	     -0.33156239423089012286	     -0.17523268471852668227	      1.65303071647476418349	      1.36467299106756501104	      0.00000000000000121095	      0.00000000000000104160	     -0.49669232523338280316	     -0.24237855167573851833	      0.00718537294825782966	      1.70779728947697218011	      1.32842068835286597484	     -0.00000000000000011773	      0.00000000000000137779
      2.79099999999999992539	     -0.20437987792963172029	     -0.11934469292216554059	     -0.06281036991446603546	      0.94369002104462729186	      0.98267863821910950151	     -0.33602510030160293031	      0.58663563025484921631	      0.10600845053426981301	     -0.02045784770875620426	      0.80080375161871586442	      0.80080375161871875100	      0.25101810922381179170	      0.00000000000000197457	     -0.00000000000000046901	      0.61320198137818116013	     -0.04124107597285545795	      0.07225394497196063748	      1.77345322495509094551	      1.77345322495509694072	     -0.03233711789457906216	     -0.00000000000000932654	     -0.00000000000002999492	      0.00985645283055847955	      0.12341484845913779089	      0.08564378184485119117	     -0.46456705117678742667	     -0.33114036839040350557	     -0.17073870052508088868	      1.64414686045575320072	      1.36473847752063703886	      0.00000000000000122536	      0.00000000000000104899	     -0.49687917049412522186	     -0.24367483206948098440	      0.01010199404138759777	      1.68942369230385969203	      1.32849894095250897763	     -0.00000000000000011843	      0.00000000000000137962
      2.79499999999999992895	     -0.20393505073625117774	     -0.11798159828374163438	     -0.06059808244271362720	      0.94296613600709111580	      0.98262469351899028869	     -0.33586824918807350882	      0.57093428759250208770	      0.10387527547597630306	     -0.02090123965375232859	      0.79837338133083024516	      0.79837338133083313174	      0.25748904652954673900	      0.00000000000000190905	     -0.00000000000000051985	      0.63323913948042354072	     -0.03984198079927678965	      0.07432317218702429173	      1.77596697572098283224	      1.77596697572098904949	     -0.02856935600682783405	     -0.00000000000000938723	     -0.00000000000003006988	      0.00835110101022997625	      0.12065951825592616253	      0.09222653695521035311	     -0.44907616961310820036	     -0.33085982020136667225	     -0.16637181633697945005	      1.63748733370452481672	      1.36492404480924345300	      0.00000000000000123923	      0.00000000000000106118	     -0.49809559854844470683	     -0.24545407013636441618	      0.01231011062791672987	      1.67377258633240155739	      1.32843782475649385688	     -0.00000000000000011902	      0.00000000000000138302
      2.79899999999999993250	     -0.20387424243859680884	     -0.11663229543528905174	     -0.05839880996232682531	      0.94234978977661898458	      0.98277454988163714944	     -0.33568757248137287563	      0.55471857990027251262	      0.10175114735049606285	     -0.02177848903945144021	      0.79451728159041723476	      0.79451728159042012134	      0.26367219923359791478	      0.00000000000000183111	     -0.00000000000000059354	      0.65289926807585119128	     -0.03849572639037849436	      0.07593743273897494983	      1.77616904488365934256	      1.77616904488366533776	     -0.02515443655543622703	     -0.00000000000000944599	     -0.00000000000003014487	      0.00761432954816987796	      0.11785574917462017519	      0.09876785860082146207	     -0.43474581558830149852	     -0.33075769737457300090	     -0.16220752983480724030	      1.63332688345705490107	      1.36518308104534180636	      0.00000000000000125002	      0.00000000000000107864	     -0.50042383045784444295	     -0.24768695544252938845	      0.01377770903023225330	      1.66110448516035624777	      1.32826496530792792505	     -0.00000000000000011918	      0.00000000000000138546
      2.80299999999999993605	     -0.20428239047533622297	     -0.11530760995761851762	     -0.05623591748485353564	      0.94183684776050646814	      0.98311387191524179929	     -0.33548785727768465348	      0.53818990654114684524	      0.09969045463454187517	     -0.02289452952020804358	      0.78937233300102072064	      0.78937233300102371825	      0.26975207901800568600	      0.00000000000000174680	     -0.00000000000000066501	      0.67223108186876323611	     -0.03717156349795353032	      0.07717870477279402397	      1.77412410021193656107	      1.77412410021194277832	     -0.02206658422796546268	     -0.00000000000000950435	     -0.00000000000003021929	      0.00772162701705662868	      0.11504212026967644555	      0.10525690518707839227	     -0.42160769688319377213	     -0.33083892786564217392	     -0.15830922813314868280	      1.63186812601863007188	      1.36547287802342509622	      0.00000000000000126043	      0.00000000000000110254	     -0.50393539391654285087	     -0.25033607202103513867	      0.01450199484727355756	      1.65162115752961446979	      1.32800654612975654878	     -0.00000000000000011989	      0.00000000000000139045
      2.80699999999999993960	     -0.20520390500449578464	     -0.11399402340389311328	     -0.05412042298540256646	      0.94142354481444467940	      0.98363167632310533062	     -0.33527371972212460793	      0.52147143695972264510	      0.09772010839528944004	     -0.02403890347390555404	      0.78298981301120518239	      0.78298981301120817999	      0.27577994997737825811	      0.00000000000000166770	     -0.00000000000000069272	      0.69125248249644388743	     -0.03581017714330504698	      0.07811690005822312377	      1.76990059295805557404	      1.76990059295806156925	     -0.01928361517164351585	     -0.00000000000000956485	     -0.00000000000003029269	      0.00870181260900629826	      0.11221884916781012242	      0.11167317400928566951	     -0.40965387969705657767	     -0.33107677093438064864	     -0.15472306533014817953	      1.63323015016506967179	      1.36575902461675768862	      0.00000000000000126904	      0.00000000000000113037	     -0.50868389464497376640	     -0.25335782872190054649	      0.01450708059414280993	      1.64545437288847806734	      1.32768441089077859907	     -0.00000000000000012170	      0.00000000000000139563
      2.81099999999999994316	     -0.20663739536656108853	     -0.11265800939591273655	     -0.05204988715404619548	      0.94110710280642428938	      0.98432079908789571476	     -0.33504924313671796687	      0.50460399358877894294	      0.09584017611441385254	     -0.02501032149878129260	      0.77534610709484141911	      0.77534610709484441671	      0.28166667045756510479	      0.00000000000000157039	     -0.00000000000000072543	      0.70994220742063052221	     -0.03433529900470987800	      0.07879788298101456090	      1.76356956138788989463	      1.76356956138789611188	     -0.01678298794196668789	     -0.00000000000000962712	     -0.00000000000003036684	      0.01053247482685316580	      0.10935202348335393285	      0.11798725637056180215	     -0.39884054773646621106	     -0.33141652391544035305	     -0.15147423135176785181	      1.63744202933164695324	      1.36601897059696963943	      0.00000000000000127601	      0.00000000000000116089	     -0.51469844465135394795	     -0.25670463315358288403	      0.01383940332060502182	      1.64265691145171066623	      1.32731401750374256032	     -0.00000000000000012415	      0.00000000000000140294
      2.81499999999999994671	     -0.20853518922823249815	     -0.11125151699486464374	     -0.05000865129507265500	      0.94088602179264979597	      0.98517778966519276018	     -0.33481771169234386676	      0.48755149512699202941	      0.09402634402459726648	     -0.02563944123180226728	      0.76636253827116351811	      0.76636253827116651571	      0.28719047545239911878	      0.00000000000000144982	     -0.00000000000000075770	      0.72823663961447671067	     -0.03266577432188168956	      0.07923512055550534228	      1.75520478833542359354	      1.75520478833542958874	     -0.01453701247796005368	     -0.00000000000000968962	     -0.00000000000003044089	      0.01314006588650910509	      0.10638027302698899179	      0.12416284976629343717	     -0.38909363387489770414	     -0.33178201380551181066	     -0.14856489581641862951	      1.64444183218777362221	      1.36624442000294643584	      0.00000000000000128306	      0.00000000000000119267	     -0.52197852084529439143	     -0.26032726058844579686	      0.01256139055308853197	      1.64319680415604096879	      1.32690343908069641188	     -0.00000000000000012822	      0.00000000000000141394
      2.81899999999999995026	     -0.21080776590503355616	     -0.10971835573395374852	     -0.04796940408609809414	      0.94076009354736744861	      0.98620231515547440715	     -0.33458143956853569900	      0.47021491538980603186	      0.09223428373167620598	     -0.02580699164490101935	      0.75593071911621156911	      0.75593071911621456671	      0.29201756428348324413	      0.00000000000000135769	     -0.00000000000000075379	      0.74603200120768842218	     -0.03072708500215363264	      0.07940623600973709117	      1.74488315546966377134	      1.74488315546966976655	     -0.01250865956377879458	     -0.00000000000000975078	     -0.00000000000003051484	      0.01640502337846642608	      0.10322347638070647480	      0.13015959782922270627	     -0.38031591392802555074	     -0.33208402541575926525	     -0.14597404947642009243	      1.65408142606886676695	      1.36644226002108837292	      0.00000000000000129012	      0.00000000000000122799	     -0.53049086299900571895	     -0.26417722096914431074	      0.01074412357917308575	      1.64695576896259887612	      1.32645348042049415760	     -0.00000000000000013185	      0.00000000000000142678
      2.82299999999999995381	     -0.21333265178255320094	     -0.10800107457010230116	     -0.04589597521866123353	      0.94073018614963288542	      0.98739618668576878413	     -0.33434169238648825395	      0.45245302834384992785	      0.09040574405222984167	     -0.02545530398411144021	      0.74394000658722625463	      0.74394000658722925223	      0.29573265306326834700	      0.00000000000000125146	     -0.00000000000000078588	      0.76319161215276298815	     -0.02846144883297191744	      0.07925497740026381244	      1.73268444575023261578	      1.73268444575023861098	     -0.01064908845400853489	     -0.00000000000000981318	     -0.00000000000003058956	      0.02017162434925014181	      0.09979289721495054888	      0.13593635267799591970	     -0.37239510298373196262	     -0.33222979077241060475	     -0.14365933807068473338	      1.66613680517592710473	      1.36663387470299180215	      0.00000000000000129289	      0.00000000000000126473	     -0.54016872802482851501	     -0.26820892366367071746	      0.00845981432271135890	      1.65373237322472044220	      1.32595884210067005426	     -0.00000000000000013562	      0.00000000000000143967
      2.82699999999999995737	     -0.21596664674049043109	     -0.10604773120662346064	     -0.04374717361940076710	      0.94079784086518503106	      0.98876214466319800600	     -0.33409869478933668097	      0.43410741273025194031	      0.08847584936381981680	     -0.02459241913360572102	      0.73030404012693761473	      0.73030404012694061233	      0.29787608384708419429	      0.00000000000000114598	     -0.00000000000000081549	      0.77955729138095131159	     -0.02583574605038183383	      0.07869814138812301907	      1.71869053287082285131	      1.71869053287082884651	     -0.00889747348392770990	     -0.00000000000000987593	     -0.00000000000003066521	      0.02426142726341625616	      0.09600186625032477994	      0.14145455233653672633	     -0.36521233397623370509	     -0.33213266989121204009	     -0.14156080382987662469	      1.68032294691205486004	      1.36685286573884656747	      0.00000000000000129055	      0.00000000000000130528	     -0.55091352835287910050	     -0.27238143654935736970	      0.00577499835405461109	      1.66324982488679551373	      1.32541011136932085357	     -0.00000000000000013991	      0.00000000000000144923
      2.83099999999999996092	     -0.21856004922346938812	     -0.10381795112637166867	     -0.04148137772110443294	      0.94096471673057902052	      0.99030253632809606135	     -0.33385171792667395207	      0.41502894971779996647	      0.08638098961757538496	     -0.02328870496784207073	      0.71498371948234606954	      0.71498371948234895612	      0.29798397352828859264	      0.00000000000000104938	     -0.00000000000000084880	      0.79496364444750577949	     -0.02284667793118708851	      0.07763650287764098379	      1.70298405839541544537	      1.70298405839542099649	     -0.00718327553858717945	     -0.00000000000000993887	     -0.00000000000003074006	      0.02848884979060876607	      0.09177609004964018546	      0.14668141572480111745	     -0.35865038015286654360	     -0.33172121005604743305	     -0.13960628295385429931	      1.69631193132241553378	      1.36714133683855121326	      0.00000000000000128676	      0.00000000000000134686	     -0.56259875040128337620	     -0.27665966520906293269	      0.00274523570320451583	      1.67516798208779782442	      1.32479628554326067658	     -0.00000000000000014564	      0.00000000000000145993
      2.83499999999999996447	     -0.22097140252841035446	     -0.10128780062293304964	     -0.03906137288809942432	      0.94123193127743687292	      0.99201802689869122975	     -0.33359924108061339565	      0.39510297631304019950	      0.08406655390742022449	     -0.02166698224911377604	      0.69800466371210334593	      0.69800466371210645455	      0.29562769357312251861	      0.00000000000000097243	     -0.00000000000000085925	      0.80925344249103325911	     -0.01952283790027597304	      0.07596829894903550651	      1.68564646065776924111	      1.68564646065777523631	     -0.00543038203323476919	     -0.00000000000001000124	     -0.00000000000003081530	      0.03267722841960839925	      0.08706271909791725438	      0.15159261389323741565	     -0.35260111827454498901	     -0.33094682661095309317	     -0.13771789478000678875	      1.71375283188543492408	      1.36754514304036156602	      0.00000000000000128576	      0.00000000000000138536	     -0.57507583949387119926	     -0.28101490001286205667	     -0.00058822283760919620	      1.68909884587944958412	      1.32410749014731798923	     -0.00000000000000015029	      0.00000000000000147261
      2.83899999999999996803	     -0.22308122365635299489	     -0.09845312409847931101	     -0.03645882268052251518	      0.94159936644006381190	      0.99390648935151915122	     -0.33333917972939358654	      0.37427033122217467920	      0.08149371320424705911	     -0.01988783011972216838	      0.67946774515868291200	      0.67946774515868579858	      0.29044930718068451281	      0.00000000000000091413	     -0.00000000000000086337	      0.82229203577831599947	     -0.01592360140541380226	      0.07360350983108911171	      1.66675510944475435693	      1.66675510944476035213	     -0.00356212817222872034	     -0.00000000000001006266	     -0.00000000000003089055	      0.03667364384460991555	      0.08183738165749629423	      0.15617409713551400063	     -0.34697174999412544460	     -0.32978941901237973644	     -0.13581886549657490315	      1.73229178477080192344	      1.36810865422496852339	      0.00000000000000128497	      0.00000000000000142440	     -0.58818162834807374839	     -0.28542473228677583963	     -0.00419958884963748252	      1.70462455371083443367	      1.32333753258048791857	     -0.00000000000000015428	      0.00000000000000148470
      2.84299999999999997158	     -0.22480343282785189563	     -0.09533119038097084830	     -0.03365787696377200294	      0.94206503072094593954	      0.99596218276586678808	     -0.33306916491274546344	      0.35254218509362195144	      0.07864467276198297552	     -0.01813186865425913188	      0.65955189410012560192	      0.65955189410012837747	      0.28219022810658733746	      0.00000000000000085955	     -0.00000000000000089585	      0.83397921293292698319	     -0.01213504364478741257	      0.07047700332881139118	      1.64637962903691592587	      1.64637962903692192107	     -0.00150663519642431202	     -0.00000000000001012405	     -0.00000000000003096617	      0.04036117435066920861	      0.07610863197917082379	      0.16042290276601536836	     -0.34168933247771027251	     -0.32826040442283627163	     -0.13383997346939394135	      1.75159082564061852061	      1.36886958207122066966	      0.00000000000000128398	      0.00000000000000146420	     -0.60174686854615055953	     -0.28987232178041671959	     -0.00807750235137833124	      1.72131670693063276723	      1.32248597067525430759	     -0.00000000000000015637	      0.00000000000000149695
      2.84699999999999997513	     -0.22609344909119499789	     -0.09196067254870926577	     -0.03065753725144877359	      0.94262460531168612565	      0.99817528410676004125	     -0.33278685379774392006	      0.33000725210412734656	      0.07552606247265924999	     -0.01658089707101397664	      0.63850883313062156699	      0.63850883313062456459	      0.27071116224803543071	      0.00000000000000081637	     -0.00000000000000091845	      0.84425750124566900645	     -0.00826344767721838049	      0.06655838550298923129	      1.62457794016997425501	      1.62457794016998002817	      0.00079743598465537545	     -0.00000000000001018564	     -0.00000000000003104005	      0.04366770634889589192	      0.06991955038787464605	      0.16434688804143327001	     -0.33670332060488961101	     -0.32640282559400862761	     -0.13172496270040484623	      1.77134427131797211885	      1.36985441448484968063	      0.00000000000000128444	      0.00000000000000150314	     -0.61560534911860598228	     -0.29434498102890405136	     -0.01222203519902233422	      1.73875564640670066119	      1.32155945054674006656	     -0.00000000000000015786	      0.00000000000000150963
      2.85099999999999997868	     -0.22695209953793954449	     -0.08840010346890526949	     -0.02747249977488219058	      0.94327129515203411714	      1.00053180663951368778	     -0.33249025010375737876	      0.30683060460171851513	      0.07217029594905934042	     -0.01539971212717147937	      0.61665003828259290497	      0.61665003828259568053	      0.25600220214643071293	      0.00000000000000078563	     -0.00000000000000093958	      0.85311626869645584836	     -0.00442716802717519047	      0.06185685158158095442	      1.60139275235405453834	      1.60139275235406053355	      0.00339475866562830107	     -0.00000000000001024708	     -0.00000000000003111424	      0.04657064813928545044	      0.06334648929283771823	      0.16796344135611110393	     -0.33198591622872103413	     -0.32428841842301109333	     -0.12943439625560990147	      1.79129158508348695911	      1.37107493589207996010	      0.00000000000000128522	      0.00000000000000154230	     -0.62960291968370840632	     -0.29883205321781769470	     -0.01664009630482653906	      1.75654827281049907839	      1.32057211894573334199	     -0.00000000000000015942	      0.00000000000000152318
      2.85499999999999998224	     -0.22742483104714830699	     -0.08472497268498017930	     -0.02413231718342765883	      0.94399601273372302224	      1.00301389137402452434	     -0.33217801591747814216	      0.28324436866830071668	      0.06863463705022689043	     -0.01472051747393540895	      0.59432756995766677921	      0.59432756995766955477	      0.23818248842503253471	      0.00000000000000076240	     -0.00000000000000096026	      0.86059141602414945815	     -0.00074762799007440013	      0.05642060604649267591	      1.57684949445340727436	      1.57684949445341304752	      0.00630796023560999206	     -0.00000000000001030723	     -0.00000000000003118941	      0.04909696623397775267	      0.05649513327469447149	      0.17129737822835050531	     -0.32753013432649946690	     -0.32201199883269238100	     -0.12694763271364370438	      1.81122597037669086362	      1.37252621227568893936	      0.00000000000000128601	      0.00000000000000158179	     -0.64360536727666439738	     -0.30332222619850390810	     -0.02133982806376796826	      1.77434309926472133512	      1.31954504313255061021	     -0.00000000000000016082	      0.00000000000000153715
      2.85899999999999998579	     -0.22759606839569532233	     -0.08102361409532651826	     -0.02067883945242666652	      0.94478783495708285045	      1.00560043154615108563	     -0.33184976138601374185	      0.25953128611074133270	      0.06499773321406625282	     -0.01463175927210257424	      0.57191126583894513757	      0.57191126583894791313	      0.21748978119160669586	      0.00000000000000075240	     -0.00000000000000098149	      0.86676073188004265635	      0.00265979775494976263	      0.05033132560386991555	      1.55095671572519733239	      1.55095671572520332759	      0.00953465832420015945	     -0.00000000000001036713	     -0.00000000000003126471	      0.05131807940890720232	      0.04949418327757905411	      0.17437829855793671174	     -0.32334573509888481224	     -0.31968386580741048331	     -0.12426280620626529994	      1.83099814350369416438	      1.37418632462857459586	      0.00000000000000128714	      0.00000000000000162134	     -0.65750386228935986388	     -0.30780060638516049121	     -0.02632474403052513165	      1.79184139663086372529	      1.31850467957117567508	     -0.00000000000000016223	      0.00000000000000155128
      2.86299999999999998934	     -0.22757932984233048002	     -0.07739209279273846775	     -0.01716214192151416587	      0.94563465050368888942	      1.00826795271200819748	     -0.33150630189401547598	      0.23600288040195926964	      0.06135383388238898478	     -0.01517260214475407189	      0.54976484532377711822	      0.54976484532377978276	      0.19426125644845604334	      0.00000000000000075004	     -0.00000000000000100840	      0.87173544807130143308	      0.00569433066641562066	      0.04369453279874740276	      1.52370926759103331172	      1.52370926759103908488	      0.01304777679546049313	     -0.00000000000001042600	     -0.00000000000003133933	      0.05334000314338201848	      0.04248723129823486766	      0.17723766038465532668	     -0.31945363626913547694	     -0.31742104024415646046	     -0.12139492785198821578	      1.85051515892976259359	      1.37601794480372330298	      0.00000000000000128835	      0.00000000000000166061	     -0.67121728543962100311	     -0.31224590844203709006	     -0.03158839429800149728	      1.80880388943047409889	      1.31748055731460111950	     -0.00000000000000016351	      0.00000000000000156543
      2.86699999999999999289	     -0.22750462520417175094	     -0.07392841147671469493	     -0.01363544820500219718	      0.94652392415236763501	      1.01099162541076337263	     -0.33114987242452725846	      0.21297488095461472590	      0.05780543412667654701	     -0.01633355762698329716	      0.52822327946030556145	      0.52822327946030833701	      0.16890778196253625199	      0.00000000000000074377	     -0.00000000000000104673	      0.87564913676204947368	      0.00827722819606773602	      0.03662704608666974421	      1.49509361538059826202	      1.49509361538060425723	      0.01679887911510341558	     -0.00000000000001048575	     -0.00000000000003141341	      0.05529031005131535004	      0.03562362654661391237	      0.17990579822874266935	     -0.31587987769077469080	     -0.31533824554923134409	     -0.11837246349334565321	      1.86973482735462215309	      1.37797163169653580361	      0.00000000000000128973	      0.00000000000000170003	     -0.68469174706491753302	     -0.31662809644560591105	     -0.03711036596921569314	      1.82505320654409763925	      1.31650249025040011475	     -0.00000000000000016452	      0.00000000000000157957
      2.87099999999999999645	     -0.22750478122566469841	     -0.07072635248618482084	     -0.01014966841842056960	      0.94744349375856329321	      1.01374630548306976507	     -0.33078429122204494606	      0.19074260525374958641	      0.05445513337917298052	     -0.01806302743849382345	      0.50757348766528409545	      0.50757348766528687101	      0.14188410055424807710	      0.00000000000000074529	     -0.00000000000000108021	      0.87864518284046333463	      0.01035772873973890042	      0.02924298465943452052	      1.46509437393468289201	      1.46509437393468910926	      0.02072370300218384642	     -0.00000000000001054632	     -0.00000000000003148707	      0.05730362114698216158	      0.02904910167052883116	      0.18240914984236464291	     -0.31265008118708220719	     -0.31353951529947948762	     -0.11523282857320639450	      1.88865653455690774010	      1.37999058455874457074	      0.00000000000000129089	      0.00000000000000173974	     -0.69789786842123169297	     -0.32090678149078477599	     -0.04285428185083139940	      1.84047249175432425794	      1.31559768350633232714	     -0.00000000000000016521	      0.00000000000000159385
      2.87500000000000000000	     -0.22769307786414735850	     -0.06785655796692158237	     -0.00674475376030513312	      0.94838194469649339524	      1.01650854947837210318	     -0.33041516657959402181	      0.16952044687269055001	      0.05138600440327225488	     -0.02026566158573026716	      0.48800044069643983002	      0.48800055789316026944	      0.11368339182775301366	      0.00000000000000074550	     -0.00000000000000111215	      0.88088519985562296899	      0.01193339408548238327	      0.02164524527013616736	      1.43374481176929036153	      1.43374515772081023712	      0.02474750657533130935	     -0.00000000000001059199	     -0.00000000000003154278	      0.05949802124174415063	      0.02288045793954619073	      0.18477215674284341862	     -0.30977349269885179339	     -0.31209767773954677494	     -0.11201867601553071319	      1.90731795331053444187	      1.38201664429533166434	      0.00000000000000129182	      0.00000000000000176961	     -0.71083449326707470739	     -0.32503695801908777385	     -0.04876446155232160712	      1.85502960347632117610	      1.31478372328930159796	     -0.00000000000000016553	      0.00000000000000160443
