Run_30002_cycle1_RRA_q_uniform250_rad
version=1
nRows=280
nColumns=40
inDegrees=no
endheader
time	pelvis_tilt	pelvis_list	pelvis_rotation	pelvis_tx	pelvis_ty	pelvis_tz	hip_flexion_r	hip_adduction_r	hip_rotation_r	knee_angle_r	knee_angle_r_beta	ankle_angle_r	subtalar_angle_r	mtp_angle_r	hip_flexion_l	hip_adduction_l	hip_rotation_l	knee_angle_l	knee_angle_l_beta	ankle_angle_l	subtalar_angle_l	mtp_angle_l	lumbar_extension	lumbar_bending	lumbar_rotation	arm_flex_r	arm_add_r	arm_rot_r	elbow_flex_r	pro_sup_r	wrist_flex_r	wrist_dev_r	arm_flex_l	arm_add_l	arm_rot_l	elbow_flex_l	pro_sup_l	wrist_flex_l	wrist_dev_l
      0.31500000000000000222	     -0.29745764367271382289	      0.03684242628757161686	      0.05695404652177447208	      0.95130731352533803857	      0.98224978266148688100	     -0.34796116832199153190	      0.71479567299277946280	     -0.10546170988132595736	      0.06059638887192779488	      1.66664363584929553497	      1.66664363584929553497	      0.00537952257020556188	      0.00000000000000000000	      0.00000000000000000000	      0.43935895243914757646	      0.17270433465723275535	     -0.03468610271613951218	      0.70992271376519078263	      0.70992271376519067161	      0.30468811844653009846	      0.00000000000000000000	      0.00000000000000000000	      0.06322250962514500139	     -0.06229956126944696110	     -0.07687849810818725427	     -0.54869615170899344037	     -0.34898683008360431579	     -0.09107719941307032552	      1.51801799022407002404	      1.49508795170413022468	      0.00000000000000000000	      0.00000000000000000000	     -0.41726297689492669596	     -0.22227623543675517626	     -0.15856887564996577367	      1.89386709744688652712	      1.33380765242966980999	      0.00000000000000000000	      0.00000000000000000000
      0.31900000000000000577	     -0.30124468437405160781	      0.03371027381614621898	      0.05269618875184800544	      0.95161595118298081264	      0.98435364553449944403	     -0.34805553151209739360	      0.73155749422238369739	     -0.10018725960487880056	      0.06168348243901788930	      1.65202478987709899805	      1.65202478987709899805	      0.01000484409528917297	     -0.00000000000000000050	     -0.00000000000000000012	      0.42129221244044096073	      0.16814615809162616888	     -0.03363293197816903668	      0.69170823791116275991	      0.69170823791116264889	      0.29672343527865874258	     -0.00000000000000000116	      0.00000000000000000278	      0.06985780381882022994	     -0.05697804204839027747	     -0.08223236530547810286	     -0.56060068356455183824	     -0.35277831922253999331	     -0.09367086060052021157	      1.53342986182327312150	      1.49417068920959650313	      0.00000000000000000051	     -0.00000000000000000004	     -0.42284766821229380351	     -0.22053428652716919323	     -0.16116801142486811282	      1.91202220466958294764	      1.33369178836227919582	     -0.00000000000000000000	     -0.00000000000000000030
      0.32300000000000000933	     -0.30491671028488881445	      0.03041770756927802272	      0.04832555978943743613	      0.95202863605852550144	      0.98659819433867179672	     -0.34814649147494941550	      0.74730378009745646040	     -0.09484044373894032209	      0.06205530345717616414	      1.63593470258635731440	      1.63593470258635731440	      0.01490371107597038627	     -0.00000000000000000171	     -0.00000000000000000017	      0.40271300390032455097	      0.16330304308028459337	     -0.03284201311764736730	      0.67234061378359089023	      0.67234061378359077921	      0.28578035342653168582	     -0.00000000000000000745	     -0.00000000000000000038	      0.07657418850929673115	     -0.05136312378701343717	     -0.08752340124868558668	     -0.57254760145394512083	     -0.35657679284626614402	     -0.09645379191128726493	      1.54943310218835494929	      1.49307942730671916465	      0.00000000000000000169	     -0.00000000000000000165	     -0.42902717692776071168	     -0.21862134363787380509	     -0.16372573107375965051	      1.93055938835591178737	      1.33343238826645738015	      0.00000000000000000027	     -0.00000000000000000065
      0.32700000000000001288	     -0.30841940587260940898	      0.02701145304189590118	      0.04387959806127058465	      0.95253642871527688385	      0.98897627700270773765	     -0.34823263260326853263	      0.76198253834951934493	     -0.08951810101219183358	      0.06168345449862781132	      1.61846098060745546832	      1.61846098060745546832	      0.02012287968035392227	     -0.00000000000000000344	     -0.00000000000000000022	      0.38370618097042763495	      0.15820860225013941291	     -0.03241636476069924278	      0.65206805530302625051	      0.65206805530302613949	      0.27183803054145538880	     -0.00000000000000000906	     -0.00000000000000002817	      0.08327378234648522004	     -0.04552408612894761480	     -0.09272066840289555634	     -0.58447273167691082829	     -0.36030254407690559537	     -0.09947675576361153515	      1.56572765870685159939	      1.49181551686492430697	      0.00000000000000000307	     -0.00000000000000000424	     -0.43556649472505337695	     -0.21663475049788805116	     -0.16614465026739777542	      1.94919388335414933699	      1.33303507129303144829	      0.00000000000000000091	     -0.00000000000000000098
      0.33100000000000001643	     -0.31169797837801449525	      0.02353058494683147109	      0.03941388407852270542	      0.95312848550035800255	      0.99148035879257512271	     -0.34831366337535030198	      0.77554043949285778048	     -0.08429911318396379749	      0.06054373766328937506	      1.59966539072458813209	      1.59966539072458791004	      0.02565140244789569646	     -0.00000000000000000632	     -0.00000000000000000012	      0.36436914978318574176	      0.15290477861605114573	     -0.03242474104096494669	      0.63117554954259358357	      0.63117554954259347255	      0.25497425297393133681	     -0.00000000000000001258	     -0.00000000000000003722	      0.08985346435346969196	     -0.03952634296546427700	     -0.09780652703924240521	     -0.59632481628136024820	     -0.36387520883202056909	     -0.10278512379800315568	      1.58203862642912951308	      1.49038227496050845744	      0.00000000000000000506	     -0.00000000000000000646	     -0.44224420625716104327	     -0.21466876685137459280	     -0.16834107628799480083	      1.96768888108129669234	      1.33250992339373408591	      0.00000000000000000165	     -0.00000000000000000199
      0.33500000000000001998	     -0.31470124514380187764	      0.02000643377387082908	      0.03499360965557144626	      0.95379311225243301742	      0.99410226062718731743	     -0.34839015705941051015	      0.78792645823575335751	     -0.07924071740540980513	      0.05862380392970505116	      1.57958181886524928750	      1.57958181886524928750	      0.03142405827321824441	     -0.00000000000000000892	      0.00000000000000000026	      0.34480779721889881495	      0.14743856192231227786	     -0.03290239854362925903	      0.60996630900850690171	      0.60996630900850679069	      0.23535370900806318328	     -0.00000000000000002292	     -0.00000000000000004853	      0.09621363694296279634	     -0.03342959011638635403	     -0.10277202821585365577	     -0.60806921344050379741	     -0.36721748824236111197	     -0.10641329014257315533	      1.59812573600430019027	      1.48878592185459557307	      0.00000000000000000699	     -0.00000000000000000910	     -0.44886585104668497159	     -0.21280998333939749045	     -0.17024766857053894031	      1.98586069051293212517	      1.33187077983499335687	      0.00000000000000000259	     -0.00000000000000000378
      0.33900000000000002354	     -0.31738622135834915206	      0.01646418594690914755	      0.03068402902112146377	      0.95451870762910717705	      0.99683284047304276942	     -0.34846315928795990047	      0.79909696717808853528	     -0.07437791066234067383	      0.05592971985827512732	      1.55821782445112821947	      1.55821782445112821947	      0.03733057684639633916	     -0.00000000000000001147	      0.00000000000000000081	      0.32513276232069404648	      0.14185923268622091520	     -0.03385536704658306806	      0.58874235670496077866	      0.58874235670496066763	      0.21321153014071442255	     -0.00000000000000004924	     -0.00000000000000008285	      0.10226695401122583295	     -0.02728756261782803311	     -0.10761106011468897503	     -0.61968961446734449616	     -0.37025863771741868158	     -0.11038036659343819501	      1.61379020174211618155	      1.48703654681312325003	      0.00000000000000000885	     -0.00000000000000001168	     -0.45527454305962516967	     -0.21113362847591268801	     -0.17181499211512737957	      2.00357952923964655056	      1.33113454829150801295	      0.00000000000000000403	     -0.00000000000000000642
      0.34300000000000002709	     -0.31972282336640955869	      0.01292591913951774731	      0.02654105261558587295	      0.95529447502700148842	      0.99966163945322950024	     -0.34853372298680329600	      0.80902188275844388876	     -0.06972604202408974605	      0.05249041504943036118	      1.53555976103614355566	      1.53555976103614355566	      0.04322948609302271900	     -0.00000000000000001505	      0.00000000000000000023	      0.30545625963329869901	      0.13621656652419583677	     -0.03526688418027314892	      0.56778576007564174333	      0.56778576007564163231	      0.18883447434054051461	     -0.00000000000000007939	     -0.00000000000000012987	      0.10794618840054955033	     -0.02114933954856790949	     -0.11231405513628710258	     -0.63118724286708927096	     -0.37293755352190660624	     -0.11468756384912545676	      1.62887858050047706904	      1.48514899331763250423	      0.00000000000000001079	     -0.00000000000000001422	     -0.46135798531611138529	     -0.20970084112217263206	     -0.17301199605355155331	      2.02076606576973105689	      1.33032062373415960188	      0.00000000000000000555	     -0.00000000000000000943
      0.34699999999999997513	     -0.32169786513790044058	      0.00941389505802589684	      0.02260355408629166618	      0.95611084682716229732	      1.00257655850094229422	     -0.34860247191551962942	      0.81769063481687065398	     -0.06528541188339700985	      0.04835887331342816203	      1.51158055526284429426	      1.51158055526284451631	      0.04896461760146505332	     -0.00000000000000001781	     -0.00000000000000000076	      0.28588937767266825452	      0.13055964943578424187	     -0.03710472963265062929	      0.54734253339227678659	      0.54734253339227667556	      0.16254179105402080663	     -0.00000000000000011376	     -0.00000000000000019897	      0.11321009577839083460	     -0.01506110608617084942	     -0.11686280594625492180	     -0.64257782277099495527	     -0.37520544620732781960	     -0.11931750978011361475	      1.64328405034568225673	      1.48314339684706797406	      0.00000000000000001307	     -0.00000000000000001685	     -0.46705148217292324908	     -0.20855696823124753037	     -0.17382556879014487983	      2.03738483190564645398	      1.32945036996259946527	      0.00000000000000000705	     -0.00000000000000001271
      0.35099999999999997868	     -0.32331754637902504479	      0.00595289685382152396	      0.01888873919262472681	      0.95695962168940995607	      1.00556364099709583115	     -0.34866929660696699411	      0.82511669239006735221	     -0.06104647773794208421	      0.04360930425703709451	      1.48624896591112043431	      1.48624896591112065636	      0.05438214246581748318	     -0.00000000000000002115	     -0.00000000000000000177	      0.26653977085388447232	      0.12493580483913988011	     -0.03932837161564649991	      0.52761104520742252433	      0.52761104520742241331	      0.13466701850411957886	     -0.00000000000000014032	     -0.00000000000000026275	      0.11804634616182962947	     -0.00906723085488934412	     -0.12122783055458762058	     -0.65388702293013278855	     -0.37702799465377939692	     -0.12423559610170571699	      1.65694559470741697993	      1.48104512153006684372	      0.00000000000000001512	     -0.00000000000000001943	     -0.47233674840270339912	     -0.20773094518148677023	     -0.17425928660452075225	      2.05343580603530417861	      1.32854664097585817295	      0.00000000000000000860	     -0.00000000000000001618
      0.35499999999999998224	     -0.32460807426698146116	      0.00257111730068693015	      0.01539109516800393936	      0.95783387401559638707	      1.00860701117973250440	     -0.34873323482948104246	      0.83133994414475298473	     -0.05699473172540197446	      0.03833066050302746941	      1.45953905313640075470	      1.45953905313640075470	      0.05934612550266218922	     -0.00000000000000002484	     -0.00000000000000000315	      0.24750985017777207831	      0.11938946123373776753	     -0.04189512860940011046	      0.50873600432636567614	      0.50873600432636545410	      0.10554198519932266043	     -0.00000000000000015369	     -0.00000000000000031038	      0.12247137960297474479	     -0.00321029617753956689	     -0.12536877666436854750	     -0.66514520499768270412	     -0.37838665044327579601	     -0.12939313747066558125	      1.66984519860329960750	      1.47888400315730406120	      0.00000000000000001699	     -0.00000000000000002186	     -0.47723669918812117174	     -0.20723576669430340824	     -0.17433141322396655815	      2.06894514852629907153	      1.32763328770642563548	      0.00000000000000000991	     -0.00000000000000001935
      0.35899999999999998579	     -0.32561439089489058185	     -0.00070042074699855426	      0.01208483514019364005	      0.95872771244234988863	      1.01168899662173461529	     -0.34879254172904439191	      0.83642661416973407285	     -0.05311460408120681487	      0.03261759250136201521	      1.43143858393343692548	      1.43143858393343670343	      0.06375077074140389488	     -0.00000000000000002922	     -0.00000000000000000499	      0.22889562649013431295	      0.11396100464765608618	     -0.04476475638714492306	      0.49080846930809340911	      0.49080846930809324258	      0.07548407674018602076	     -0.00000000000000015514	     -0.00000000000000036082	      0.12652752929958652195	      0.00246979978703325406	     -0.12923767456262161279	     -0.67638231022220507427	     -0.37927869784113282803	     -0.13473191797388836544	      1.68200296485520728318	      1.47669291929682455766	      0.00000000000000001893	     -0.00000000000000002466	     -0.48180674267242812325	     -0.20706998845142909893	     -0.17407218315224662342	      2.08395583045161325586	      1.32673458642420882825	      0.00000000000000001135	     -0.00000000000000002234
      0.36299999999999998934	     -0.32639714994153129490	     -0.00382970895372665345	      0.00892922395253617843	      0.95963596127496531007	      1.01479044390040695767	     -0.34884492307443820680	      0.84046669924029093757	     -0.04939196215545738761	      0.02656030961736471213	      1.40195553509682135918	      1.40195553509682135918	      0.06752837203508585406	     -0.00000000000000003441	     -0.00000000000000000715	      0.21078606085877205079	      0.10868566376798587114	     -0.04790199720062483790	      0.47387124486048631811	      0.47387124486048620708	      0.04478714343508673201	     -0.00000000000000016629	     -0.00000000000000041767	      0.13027793632964410064	      0.00793744989855672128	     -0.13278438735072164989	     -0.68762351113377218059	     -0.37971592158911660064	     -0.14018956280103378464	      1.69347026449429249872	      1.47450580391030650063	      0.00000000000000002087	     -0.00000000000000002761	     -0.48612349053428921541	     -0.20722009868942739552	     -0.17352049958173357269	      2.09851878801350988368	      1.32587456546869542073	      0.00000000000000001284	     -0.00000000000000002545
      0.36699999999999999289	     -0.32702825997632051225	     -0.00678639933169952053	      0.00587557440880737483	      0.96055384905242102711	      1.01789120504627028652	     -0.34888786920503123135	      0.84356930448916644938	     -0.04581510196830097803	      0.02023534352681173251	      1.37112243126483601685	      1.37112243126483601685	      0.07065306817289392083	     -0.00000000000000003950	     -0.00000000000000000920	      0.19326242832308515585	      0.10359247082461699174	     -0.05127675054511669772	      0.45792774473223774034	      0.45792774473223768483	      0.01371594109931809427	     -0.00000000000000018530	     -0.00000000000000047522	      0.13380000104065103983	      0.01316328748769835140	     -0.13596306475225578003	     -0.69888585064744723763	     -0.37972210892604302268	     -0.14570501422368792310	      1.70432135652760208266	      1.47235534765115083644	      0.00000000000000002274	     -0.00000000000000003023	     -0.49027235523694989716	     -0.20766346167460203453	     -0.17272035948844766118	      2.11268514342266566786	      1.32507623899492710251	      0.00000000000000001435	     -0.00000000000000002838
      0.37099999999999999645	     -0.32758533877929418843	     -0.00954473411827520130	      0.00287464920013030464	      0.96147678137525860453	      1.02097076415640097835	     -0.34891901469215885756	      0.84585629475782087017	     -0.04237425049406173816	      0.01369903789784954889	      1.33899833924078959235	      1.33899833924078937031	      0.07314070105231090801	     -0.00000000000000004503	     -0.00000000000000001101	      0.17639718279030688897	      0.09870339655718568528	     -0.05486183098178388368	      0.44295227862339131564	      0.44295227862339120461	     -0.01749654013701778740	     -0.00000000000000021286	     -0.00000000000000055391	      0.13717806732075044085	      0.01812608560224784199	     -0.13873837726137211446	     -0.71017587798767900509	     -0.37932978036473613548	     -0.15122340914332677020	      1.71464408788997446642	      1.47027064436236676315	      0.00000000000000002484	     -0.00000000000000003269	     -0.49433560398435955063	     -0.20837148294209695276	     -0.17171735821932679333	      2.12649994677524567521	      1.32436076559137050346	      0.00000000000000001564	     -0.00000000000000003140
      0.37500000000000000000	     -0.32814532961292813829	     -0.01208627428149029910	     -0.00011643790292886894	      0.96240023587991252452	      1.02400897712728111699	     -0.34893646040393744290	      0.84745434071998348990	     -0.03905975132685889084	      0.00698488027398150128	      1.30566794091218896234	      1.30566794091218874030	      0.07504449563819456936	     -0.00000000000000005135	     -0.00000000000000001329	      0.16025200735020270204	      0.09403282872810160564	     -0.05862893231065636340	      0.42890048937483399305	      0.42890048937483382652	     -0.04865004898254297883	     -0.00000000000000024186	     -0.00000000000000062917	      0.14049568634139172896	      0.02281419972932106563	     -0.14109075655390193593	     -0.72148828026328137852	     -0.37857651430859190489	     -0.15669976243733765853	      1.72453051767326126509	      1.46827503358779809517	      0.00000000000000002701	     -0.00000000000000003547	     -0.49838212956976007950	     -0.20931267370136141803	     -0.17055556455990308895	      2.13999773950567950820	      1.32374655422211717770	      0.00000000000000001673	     -0.00000000000000003447
      0.37900000000000000355	     -0.32877751755437478742	     -0.01440196645405422519	     -0.00312848287883241627	      0.96331978977245902307	      1.02698689048646829569	     -0.34893900630006918773	      0.84848532962411571390	     -0.03585923878963694078	      0.00010525313015189214	      1.27123699180242888396	      1.27123699180242866191	      0.07644605695482423191	     -0.00000000000000005784	     -0.00000000000000001664	      0.14487493653510663538	      0.08958759249592840312	     -0.06254383738543488336	      0.41571921986627546897	      0.41571921986627530243	     -0.07957787944752649223	     -0.00000000000000027674	     -0.00000000000000070220	      0.14382762438576379704	      0.02722614349060776401	     -0.14302017046717291349	     -0.73280550313049597211	     -0.37750119981782237488	     -0.16210096809311477783	      1.73406840993134414575	      1.46638437183340442083	      0.00000000000000002898	     -0.00000000000000003824	     -0.50245991204179840661	     -0.21045534907582494344	     -0.16927501236997236078	      2.15320010894481450592	      1.32324833602578983971	      0.00000000000000001799	     -0.00000000000000003758
      0.38300000000000000711	     -0.32953651913718429167	     -0.01649308926852148874	     -0.00617624968114643871	      0.96423126510026646585	      1.02988755574455637110	     -0.34892625126898202392	      0.84905580402444258414	     -0.03275439774363163997	     -0.00694234532603491689	      1.23582445750629554837	      1.23582445750629554837	      0.07744244251144660751	     -0.00000000000000006369	     -0.00000000000000002125	      0.13029690886964095942	      0.08536765831853317110	     -0.06656187079835750031	      0.40335531849300343410	      0.40335531849300332308	     -0.11014805220750606418	     -0.00000000000000031907	     -0.00000000000000078172	      0.14723213372810153854	      0.03136991292862757741	     -0.14454792605471492029	     -0.74409816449467525157	     -0.37614055636896986945	     -0.16740594051891818927	      1.74333416559175535809	      1.46460592571227499192	      0.00000000000000003084	     -0.00000000000000004097	     -0.50659181649667006653	     -0.21176982117236178849	     -0.16790995910405154268	      2.16611513914484810073	      1.32287625266998154494	      0.00000000000000001907	     -0.00000000000000004062
      0.38700000000000001066	     -0.33045625403249334617	     -0.01837060062989560871	     -0.00925697943113401936	      0.96513095733909048946	      1.03269670842822058887	     -0.34889852801094495272	      0.84924706917318582011	     -0.02971830832969243885	     -0.01416510410755592551	      1.19955295890562552152	      1.19955295890562552152	      0.07813172802199441769	     -0.00000000000000006983	     -0.00000000000000002674	      0.11652873179512419910	      0.08136761496511871194	     -0.07062445258247039559	      0.39176307359510381678	      0.39176307359510370576	     -0.14026387133208939595	     -0.00000000000000037084	     -0.00000000000000086114	      0.15074456329423366330	      0.03526070084445991071	     -0.14571586618615939290	     -0.75532578398204452963	     -0.37452629784172158933	     -0.17260412506879052597	      1.75238725553202834284	      1.46293804941629335126	      0.00000000000000003285	     -0.00000000000000004390	     -0.51077507042491709921	     -0.21323006879189923546	     -0.16648792605110770970	      2.17873834569330027122	      1.32263507884507824919	      0.00000000000000001992	     -0.00000000000000004353
      0.39100000000000001421	     -0.33154579810554007935	     -0.02005263057688052783	     -0.01235171228409120449	      0.96601590392072334001	      1.03540320395702023504	     -0.34885666465477271903	      0.84910757788931590095	     -0.02671425644751154044	     -0.02156162418648626192	      1.16253930599959254266	      1.16253930599959232062	      0.07859950490744437024	     -0.00000000000000007734	     -0.00000000000000003267	      0.10355938448602150515	      0.07757890045922626043	     -0.07465736428420431670	      0.38091003231184167310	      0.38091003231184161759	     -0.16986261937050164961	     -0.00000000000000041925	     -0.00000000000000092930	      0.15437326705563050866	      0.03891689242304319923	     -0.14658260722472643556	     -0.76643740273197835666	     -0.37268330623961015702	     -0.17769274580749896963	      1.76126618705086079864	      1.46137073966742114806	      0.00000000000000003508	     -0.00000000000000004690	     -0.51498441868657829357	     -0.21481488649636273913	     -0.16502948215088147910	      2.19105461355848918359	      1.32252368275129938979	      0.00000000000000002066	     -0.00000000000000004643
      0.39500000000000001776	     -0.33278738100666205302	     -0.02156057652992688853	     -0.01542898020473544053	      0.96688413332384104404	      1.03799918748163566562	     -0.34880162830481759029	      0.84864829185683665624	     -0.02369620114410184858	     -0.02910734679549920739	      1.12488626305807959405	      1.12488626305807959405	      0.07890736831081239522	     -0.00000000000000008579	     -0.00000000000000003880	      0.09135585966250529821	      0.07399258434463183709	     -0.07857075003560082260	      0.37078092012913943520	      0.37078092012913932418	     -0.19891208041378610760	     -0.00000000000000046205	     -0.00000000000000099329	      0.15809793252871276459	      0.04235501159872331889	     -0.14721740305280081595	     -0.77737217281789461332	     -0.37062901238644135882	     -0.18267317463459573079	      1.76998637886080301129	      1.45988701385320585047	      0.00000000000000003739	     -0.00000000000000004988	     -0.51917813694027314941	     -0.21650851629707407175	     -0.16354867394509459144	      2.20304068189127644217	      1.32253479673929708049	      0.00000000000000002148	     -0.00000000000000004959
      0.39900000000000002132	     -0.33413642193402459668	     -0.02291468748404330846	     -0.01844991682179747058	      0.96773482075724726048	      1.04048002006479722859	     -0.34873414775766148344	      0.84784111887407731523	     -0.02061069716652057238	     -0.03674099457681789804	      1.08667627567322466753	      1.08667627567322466753	      0.07908365062454347783	     -0.00000000000000009395	     -0.00000000000000004538	      0.07986433846098880962	      0.07060233809019327011	     -0.08226052359349096676	      0.36137948963365323918	      0.36137948963365307264	     -0.22740515946458386698	     -0.00000000000000050274	     -0.00000000000000105706	      0.16186993133646127019	      0.04558473592860157880	     -0.14769282349070617100	     -0.78806030220084488658	     -0.36837400123360558579	     -0.18754682205389866523	      1.77854046109759478256	      1.45846495259604558292	      0.00000000000000003954	     -0.00000000000000005329	     -0.52330553353524789095	     -0.21830079217673942216	     -0.16205395825859525427	      2.21466772838009751112	      1.32265514925537330804	      0.00000000000000002226	     -0.00000000000000005272
      0.40300000000000002487	     -0.33552365316508625526	     -0.02412983597977445827	     -0.02137389949044254250	      0.96856828591171229004	      1.04284397737481571156	     -0.34865439297090627946	      0.84662071170851993518	     -0.01740020251151747771	     -0.04435422264095884026	      1.04796802727985016723	      1.04796802727984994519	      0.07911721656663738000	     -0.00000000000000010159	     -0.00000000000000005245	      0.06901302602931981556	      0.06740721600904350796	     -0.08561109394989513399	      0.35272906379358442974	      0.35272906379358431872	     -0.25535236079911233231	     -0.00000000000000054113	     -0.00000000000000111933	      0.16561456592259760079	      0.04860477669363019726	     -0.14807730156222315143	     -0.79842443715561317585	     -0.36592370172526367256	     -0.19231111027696595750	      1.78690097934735558916	      1.45708017803517875244	      0.00000000000000004171	     -0.00000000000000005672	     -0.52731470095029331357	     -0.22018684302136751207	     -0.16054943163238599713	      2.22590368000779070812	      1.32286598576255798321	      0.00000000000000002286	     -0.00000000000000005578
      0.40700000000000002842	     -0.33685963177728850404	     -0.02521187315749784733	     -0.02416401147154672094	      0.96938578792630358816	      1.04509172591999321966	     -0.34856175581976994726	      0.84489028382791209193	     -0.01400789357502841941	     -0.05178656953811341251	      1.00879698133262207804	      1.00879698133262207804	      0.07895607672513718645	     -0.00000000000000010942	     -0.00000000000000005810	      0.05871775637216589822	      0.06441388181551876979	     -0.08849969770518684165	      0.34487376251330797983	      0.34487376251330786880	     -0.28277101261658443843	     -0.00000000000000057969	     -0.00000000000000118341	      0.16923555005209695024	      0.05139995810716497388	     -0.14842833993943146953	     -0.80838112475104240140	     -0.36328084382415148923	     -0.19695631671159966047	      1.79502470934602942343	      1.45570846663683117761	      0.00000000000000004359	     -0.00000000000000006014	     -0.53115954165784662333	     -0.22216640583312360913	     -0.15903606212064305692	      2.23671498588031925081	      1.32314398474873429201	      0.00000000000000002363	     -0.00000000000000005901
      0.41100000000000003197	     -0.33804170974682928863	     -0.02615498560051314828	     -0.02679165767386240335	      0.97018910712924699702	      1.04722560366563355316	     -0.34845477296807469969	      0.84253171462384457424	     -0.01038381695977546280	     -0.05882724921852297562	      0.96918064887692001452	      0.96918064887692001452	      0.07851205310606305943	     -0.00000000000000011650	     -0.00000000000000006243	      0.04889101094912977341	      0.06163785369037868417	     -0.09080234956203023233	      0.33788186970052713765	      0.33788186970052708213	     -0.30967049911048294408	     -0.00000000000000061986	     -0.00000000000000124690	      0.17262188383399373892	      0.05393985686832489940	     -0.14878710807131068083	     -0.81784218912998185580	     -0.36044829445390269562	     -0.20146393914545407400	      1.80285774403224841045	      1.45432819790747047684	      0.00000000000000004505	     -0.00000000000000006388	     -0.53480520695585942459	     -0.22424281863582343211	     -0.15751263664192657887	      2.24706769909863446344	      1.32346255066880602591	      0.00000000000000002410	     -0.00000000000000006185
      0.41499999999999998002	     -0.33896270152853957836	     -0.02694090571122462890	     -0.02923963895500478541	      0.97097998233657378808	      1.04924878082968642268	     -0.34833122390493903575	      0.83941893712751824985	     -0.00649115973003501490	     -0.06522423050621978247	      0.92912809216510539034	      0.92912809216510527932	      0.07767076340536044343	     -0.00000000000000012372	     -0.00000000000000006675	      0.03945306819537144211	      0.05910318231630090624	     -0.09240036522509119388	      0.33185032849381079778	      0.33185032849381068676	     -0.33603456874664872078	     -0.00000000000000065862	     -0.00000000000000130437	      0.17565639829194754085	      0.05617985099853211456	     -0.14917524370131102218	     -0.82671672464232337507	     -0.35743183406452777584	     -0.20580670100210721185	      1.81034103071301744059	      1.45292238985338539869	      0.00000000000000004673	     -0.00000000000000006754	     -0.53823115411014477161	     -0.22642184567556258856	     -0.15597627326478921694	      2.25692788202232597072	      1.32379337576540545562	      0.00000000000000002435	     -0.00000000000000006488
      0.41899999999999998357	     -0.33952004413542918870	     -0.02754100111410233420	     -0.03150307907188966416	      0.97175948954300983562	      1.05116441279105088391	     -0.34818842399892074857	      0.83543280304206268827	     -0.00231092458172615315	     -0.07070023441738897130	      0.88865238599811835485	      0.88865238599811824383	      0.07630502223826088337	     -0.00000000000000013043	     -0.00000000000000007163	      0.03034287637665288723	      0.05683996357656813381	     -0.09318588421471105110	      0.32690792913188787550	      0.32690792913188770896	     -0.36180312841243400523	     -0.00000000000000069713	     -0.00000000000000136014	      0.17822472463210506377	      0.05806557654845286714	     -0.14959462979283894013	     -0.83491493707144437408	     -0.35424234076973704077	     -0.20994995818886538763	      1.81741631476431564352	      1.45148011810886168327	      0.00000000000000004871	     -0.00000000000000007106	     -0.54143111542550681481	     -0.22871058090125662154	     -0.15442245050431585573	      2.26626143125207057949	      1.32410811793674576542	      0.00000000000000002448	     -0.00000000000000006778
      0.42299999999999998712	     -0.33962448200175365809	     -0.02792140460098010285	     -0.03358811609590627023	      0.97252745720741051727	      1.05297485671538137986	     -0.34802369752833683947	      0.83047581273863446683	      0.00215589337899943371	     -0.07497436087316308728	      0.84778462589742420441	      0.84778462589742420441	      0.07429012412430359424	     -0.00000000000000013796	     -0.00000000000000007782	      0.02152696468820925954	      0.05487970289483619368	     -0.09306573077265924143	      0.32321568769907121910	      0.32321568769907110807	     -0.38685625372141779765	     -0.00000000000000073503	     -0.00000000000000141507	      0.18022379672770877379	      0.05954078805397094998	     -0.15003021683269651687	     -0.84235414595807367455	     -0.35089696154919047810	     -0.21385422403716006223	      1.82403220434135282524	      1.44999718966664992159	      0.00000000000000005145	     -0.00000000000000007441	     -0.54440993953955185702	     -0.23111654484487642591	     -0.15284460506714592221	      2.27503343773401267569	      1.32438006850088929589	      0.00000000000000002463	     -0.00000000000000007120
      0.42699999999999999067	     -0.33920767293894971139	     -0.02805013210754710856	     -0.03550893522511505696	      0.97328201671805758544	      1.05468099361163591965	     -0.34783496479426384562	      0.82448548587066650128	      0.00688847435209755804	     -0.07778694732433727443	      0.80658802345565794312	      0.80658802345565794312	      0.07152015428037154787	     -0.00000000000000014502	     -0.00000000000000008363	      0.01300581806986411681	      0.05324939303226768755	     -0.09196425998027824011	      0.32096439219493788642	      0.32096439219493771988	     -0.41100319503802834609	     -0.00000000000000077461	     -0.00000000000000146928	      0.18156953226261171586	      0.06055724636790769250	     -0.15045501812674916264	     -0.84896596050280248580	     -0.34741910704667128273	     -0.21747853902295816164	      1.83014970491097561656	      1.44847602748823867103	      0.00000000000000005438	     -0.00000000000000007809	     -0.54717818674160878523	     -0.23364685789137668026	     -0.15123346270640136702	      2.28320726898810244521	      1.32458570024069399729	      0.00000000000000002509	     -0.00000000000000007555
      0.43099999999999999423	     -0.33822824853232058562	     -0.02790484390388815392	     -0.03728394796761767133	      0.97401934409361645706	      1.05628170983132219085	     -0.34762136018846012675	      0.81744531402745357340	      0.01184830873241938740	     -0.07892501775285039323	      0.76517065612540069441	      0.76517065612540058339	      0.06792454538330248981	     -0.00000000000000015187	     -0.00000000000000008932	      0.00481745924996585927	      0.05196533462504315803	     -0.08982600464794517070	      0.32036970459290481372	      0.32036970459290464719	     -0.43397858584518766989	     -0.00000000000000081496	     -0.00000000000000152527	      0.18220340510797003453	      0.06108498159873829159	     -0.15083608908502715851	     -0.85470326816621655652	     -0.34383739509003757862	     -0.22078441508266707927	      1.83574652744580824049	      1.44692478844949334871	      0.00000000000000005682	     -0.00000000000000008178	     -0.54974571658765736260	     -0.23630730019770215811	     -0.14957630323146278717	      2.29074361586139341185	      1.32470600404277694118	      0.00000000000000002568	     -0.00000000000000007922
      0.43499999999999999778	     -0.33667578214856047625	     -0.02748001539499271562	     -0.03893196882685260457	      0.97473363323168793482	      1.05777358551250166840	     -0.34738378918284607000	      0.80939242551499523959	      0.01698296666143700798	     -0.07824563948160292992	      0.72369565545737757351	      0.72369565545737757351	      0.06348360156461316239	     -0.00000000000000015855	     -0.00000000000000009501	     -0.00296202789415438541	      0.05102754945994508740	     -0.08661831291291674506	      0.32166507868784555146	      0.32166507868784538493	     -0.45544682828110061301	     -0.00000000000000085531	     -0.00000000000000158312	      0.18209735022675410665	      0.06112146523445625285	     -0.15114024277990079081	     -0.85954548017621013045	     -0.34018414509184075056	     -0.22374006727139303385	      1.84081964534910347275	      1.44535584538954742229	      0.00000000000000005919	     -0.00000000000000008522	     -0.55211576141968188303	     -0.23910108928772161319	     -0.14785641807764693390	      2.29759985382363662865	      1.32472750314803122684	      0.00000000000000002660	     -0.00000000000000008299
      0.43900000000000000133	     -0.33457215216045244066	     -0.02679241145236210125	     -0.04046925485652625581	      0.97541731208609760984	      1.05915082803785254306	     -0.34712531993621859039	      0.80042120741468225642	      0.02223121896963038691	     -0.07569453916770604862	      0.68238771287089250439	      0.68238771287089250439	      0.05824143248274102347	     -0.00000000000000016486	     -0.00000000000000010104	     -0.01022128938700080439	      0.05041549790077876764	     -0.08233381752005014542	      0.32509266206656833864	      0.32509266206656817211	     -0.47501492065785261287	     -0.00000000000000089677	     -0.00000000000000164116	      0.18125630664424324801	      0.06069839621864545065	     -0.15133830042393880966	     -0.86350061746063699886	     -0.33649419583600254091	     -0.22632459545787975141	      1.84538570032041149283	      1.44378384736882314776	      0.00000000000000006171	     -0.00000000000000008831	     -0.55428094239295455647	     -0.24202728286892613574	     -0.14605302694406599451	      2.30373009163944431066	      1.32464282868793614689	      0.00000000000000002728	     -0.00000000000000008714
      0.44300000000000000488	     -0.33196994778593225117	     -0.02588404751788171004	     -0.04190792402083542284	      0.97606149699716715507	      1.06040548656249145054	     -0.34685133309502619303	      0.79068201463127785189	      0.02752925888752272982	     -0.07131763083667871927	      0.64153450290097102648	      0.64153450290097102648	      0.05231433199970721148	     -0.00000000000000017163	     -0.00000000000000010711	     -0.01682018949177947059	      0.05008575129605301324	     -0.07699273367901628140	      0.33089184411544170228	      0.33089184411544153575	     -0.49225616914614217512	     -0.00000000000000093868	     -0.00000000000000169879	      0.17971788250472883752	      0.05988514338137715387	     -0.15140718690209292729	     -0.86660392487156967523	     -0.33280440464850397086	     -0.22853156608091546032	      1.84947930346772015930	      1.44222363331221115068	      0.00000000000000006395	     -0.00000000000000009125	     -0.55622206904310267372	     -0.24507889829185836028	     -0.14414180895180234154	      2.30908610775534706150	      1.32445079428726786297	      0.00000000000000002771	     -0.00000000000000009103
      0.44700000000000000844	     -0.32894816660096171113	     -0.02482186839311423948	     -0.04325569183131135892	      0.97665648726249720823	      1.06152759883407488140	     -0.34656941272775265706	      0.78037355174362599275	      0.03281737802551764477	     -0.06526330275817883442	      0.60148136261684825854	      0.60148136261684825854	      0.04589193169634848968	     -0.00000000000000017854	     -0.00000000000000011243	     -0.02260064246299574656	      0.04997260731827336822	     -0.07064541251732467386	      0.33928481970736673601	      0.33928481970736651396	     -0.50675360697573768043	     -0.00000000000000098034	     -0.00000000000000175625	      0.17754847558988615108	      0.05878797020255974171	     -0.15132986778588766730	     -0.86891354027159750650	     -0.32915357408418222107	     -0.23037108408929335424	      1.85314965974431000717	      1.44068837456883902526	      0.00000000000000006622	     -0.00000000000000009406	     -0.55790930058847987283	     -0.24824110497043380685	     -0.14209606332310062426	      2.31361855856577980362	      1.32415598534351386384	      0.00000000000000002834	     -0.00000000000000009457
      0.45100000000000001199	     -0.32560481438671218246	     -0.02369548981127751405	     -0.04451697617437455623	      0.97719256938641696486	      1.06250556674502694143	     -0.34628890004039181161	      0.76972892227828859646	      0.03804834694951692020	     -0.05777486383377739010	      0.56261765115519113412	      0.56261765115519113412	      0.03922915038104426988	     -0.00000000000000018555	     -0.00000000000000011716	     -0.02740254121263934958	      0.04999003376989558101	     -0.06337258915666241221	      0.35045785028256154492	      0.35045785028256132287	     -0.51812984985421206563	     -0.00000000000000102213	     -0.00000000000000181443	      0.17483647904331792167	      0.05754653668254215704	     -0.15109353594827493183	     -0.87050515955484442099	     -0.32558270381729165210	     -0.23186993546812129097	      1.85645691968821768825	      1.43918803305580755847	      0.00000000000000006821	     -0.00000000000000009688	     -0.55930603996683836421	     -0.25148963721478767575	     -0.13988842230827153168	      2.31727927711533032706	      1.32376787489667480102	      0.00000000000000002881	     -0.00000000000000009810
      0.45500000000000001554	     -0.32204423346030769393	     -0.02261099620171254376	     -0.04569451063187375539	      0.97766240780730828686	      1.06332917528893156067	     -0.34602036831893484559	      0.75899997262335028303	      0.04319276068579035177	     -0.04917394289495620463	      0.52535602186659891011	      0.52535602186659879909	      0.03262943151230416478	     -0.00000000000000019293	     -0.00000000000000012157	     -0.03107738357431541823	      0.05003919389846936405	     -0.05528086040278738095	      0.36455117680788107215	      0.36455117680788090562	     -0.52599554303210749318	     -0.00000000000000106348	     -0.00000000000000187268	      0.17168627731743843490	      0.05632484849182066433	     -0.15068688448434169880	     -0.87146825480458167679	     -0.32213522326073312785	     -0.23306997681559765700	      1.85946920541947569028	      1.43772843229266800158	      0.00000000000000007051	     -0.00000000000000009968	     -0.56037834202337710732	     -0.25478960962307645177	     -0.13749322452844187081	      2.32002744157394502622	      1.32329962242359822078	      0.00000000000000002930	     -0.00000000000000010219
      0.45900000000000001910	     -0.31836719378178102158	     -0.02168034135385882646	     -0.04679337378590468777	      0.97806101813120494004	      1.06398916164255852301	     -0.34577455370614795793	      0.74843318735847363943	      0.04824126088844256366	     -0.03983429638634840286	      0.49010798122502891028	      0.49010798122502879925	      0.02642176245711440677	     -0.00000000000000020019	     -0.00000000000000012590	     -0.03350853527619274130	      0.05001781160132703907	     -0.04651070444577500018	      0.38163211093991622480	      0.38163211093991600276	     -0.53013172249427098492	     -0.00000000000000110484	     -0.00000000000000193051	      0.16820481754108487782	      0.05529655644477906445	     -0.15009481702153049110	     -0.87189674729084198912	     -0.31885586385492237227	     -0.23402394877313856258	      1.86225617347536953616	      1.43631142262965161294	      0.00000000000000007376	     -0.00000000000000010258	     -0.56109976720434173725	     -0.25809629660007255003	     -0.13488930275593377650	      2.32182999122069855247	      1.32276667504174616496	      0.00000000000000002991	     -0.00000000000000010752
      0.46300000000000002265	     -0.31466050025888736563	     -0.02100950312186097846	     -0.04782475338359500061	      0.97838627534932709473	      1.06447794640230819496	     -0.34556131352596342055	      0.73824823337589884353	      0.05320314090803466428	     -0.03015240181908644332	      0.45725751337201392399	      0.45725751337201381297	      0.02093308921984559853	     -0.00000000000000020745	     -0.00000000000000012970	     -0.03462519327347216708	      0.04983140877832367005	     -0.03723185844677442263	      0.40168757975619295841	      0.40168757975619273637	     -0.53046611122868714272	     -0.00000000000000114640	     -0.00000000000000198873	      0.16449056369274045464	      0.05462839922742215165	     -0.14929416434914727363	     -0.87188090086334812945	     -0.31578952132039983525	     -0.23479067156890504053	      1.86488330416068626150	      1.43493533854712285169	      0.00000000000000007892	     -0.00000000000000010524	     -0.56145805392287251312	     -0.26135655368878191185	     -0.13206278082931818818	      2.32266427999103530766	      1.32218536150727916656	      0.00000000000000003010	     -0.00000000000000011475
      0.46700000000000002620	     -0.31098714867375942816	     -0.02068551384962939027	     -0.04880967123623082549	      0.97863922666388170057	      1.06479047310151275774	     -0.34538855557764125415	      0.72861781290279525880	      0.05810114443065498430	     -0.02051606078260850147	      0.42713514632348492661	      0.42713514632348487110	      0.01645793425559756787	     -0.00000000000000021490	     -0.00000000000000013325	     -0.03441285292466565726	      0.04940486218111093258	     -0.02764045426644207853	      0.42461835627747240851	      0.42461835627747224198	     -0.52709768827292269311	     -0.00000000000000118792	     -0.00000000000000204806	      0.16062264356578981328	      0.05446199455721954796	     -0.14825004365022276254	     -0.87149963426350463003	     -0.31297921279105062053	     -0.23542944907636140228	      1.86740588083984415668	      1.43359612881978693011	      0.00000000000000008559	     -0.00000000000000010776	     -0.56146029422499998951	     -0.26451167363986316516	     -0.12900961482660835977	      2.32252019034058321267	      1.32157153877139932341	      0.00000000000000003010	     -0.00000000000000012176
      0.47100000000000002975	     -0.30737870990064741772	     -0.02076495690819961729	     -0.04978128349990081081	      0.97882407258982462306	      1.06492483708602447834	     -0.34526133398271596775	      0.71965104923877376564	      0.06296383625948739904	     -0.01127500821170720688	      0.39999472659301921196	      0.39999472659301904542	      0.01322706010090207024	     -0.00000000000000022233	     -0.00000000000000013623	     -0.03291867787661476030	      0.04869226122512299026	     -0.01795376966536372035	      0.45024003656151601049	      0.45024003656151584396	     -0.52030714859083992962	     -0.00000000000000122985	     -0.00000000000000210864	      0.15665163587179614657	      0.05489721655203450013	     -0.14691443525988542862	     -0.87081444332478952219	     -0.31046342967024903592	     -0.23599433592434598816	      1.86986368328094121338	      1.43228887217346723126	      0.00000000000000009318	     -0.00000000000000011008	     -0.56113534250846364149	     -0.26750148436202969560	     -0.12573740299633584527	      2.32140132900439244423	      1.32093940838844448038	      0.00000000000000003001	     -0.00000000000000012882
      0.47499999999999997780	     -0.30383101987043237280	     -0.02126537606844855488	     -0.05078495735709114695	      0.97894786316455906228	      1.06488262476107653498	     -0.34518125711656960641	      0.71138238597734626545	      0.06781667591519763283	     -0.00271668036139799830	      0.37599519898078820335	      0.37599519898078809232	      0.01137843762957295099	     -0.00000000000000023004	     -0.00000000000000013979	     -0.03025083601569777611	      0.04768378393674307936	     -0.00840277803943042557	      0.47829103559948998869	      0.47829103559948971114	     -0.51055144001044705515	     -0.00000000000000127203	     -0.00000000000000216972	      0.15259343460277660642	      0.05597918714601373552	     -0.14522761665300332190	     -0.86986556820630411835	     -0.30827323155173463887	     -0.23652880698497097400	      1.87227712993397310548	      1.43100946629916103703	      0.00000000000000010068	     -0.00000000000000011236	     -0.56053323366178431364	     -0.27026924849497213632	     -0.12226622555469354725	      2.31932524447628196640	      1.32030063677278897138	      0.00000000000000002892	     -0.00000000000000013529
      0.47899999999999998135	     -0.30030417243631246649	     -0.02216058688909689975	     -0.05187558814739408330	      0.97901996897568144274	      1.06466888347550336924	     -0.34514632954144502941	      0.70376786515455258542	      0.07267286388754258530	      0.00495011962956806890	      0.35518966061800738565	      0.35518966061800727463	      0.01093448417056893003	     -0.00000000000000023770	     -0.00000000000000014345	     -0.02657109466557692340	      0.04640874876456182324	      0.00077684896651269433	      0.50844745182974560027	      0.50844745182974526720	     -0.49844168184284631806	     -0.00000000000000131458	     -0.00000000000000223129	      0.14842767239838006166	      0.05769041221220297389	     -0.14312268660419866229	     -0.86867066611164511780	     -0.30642953203088124647	     -0.23706135936310410162	      1.87464548410322806582	      1.42975624806171008885	      0.00000000000000010817	     -0.00000000000000011499	     -0.55972196115649186510	     -0.27276670805035080347	     -0.11862839857036429347	      2.31632274214449562777	      1.31966392374522079045	      0.00000000000000002731	     -0.00000000000000014214
      0.48299999999999998490	     -0.29672708914246181955	     -0.02338061065221416768	     -0.05311213113638438982	      0.97905135708983104248	      1.06429169247626109751	     -0.34515128471743811156	      0.69668985029941465914	      0.07752516086118232952	      0.01160190122725333027	      0.33752356183906390141	      0.33752356183906379039	      0.01178884301910917455	     -0.00000000000000024519	     -0.00000000000000014606	     -0.02208091381261803945	      0.04493423837069189519	      0.00935489120978457746	      0.54034387984294574014	      0.54034387984294551810	     -0.48470531452177867404	     -0.00000000000000135688	     -0.00000000000000229382	      0.14410123633981347657	      0.05994920387405073409	     -0.14053288601396188295	     -0.86722567811829676110	     -0.30494119926297130752	     -0.23760256825856213014	      1.87694740850813213129	      1.42853129480468443724	      0.00000000000000011548	     -0.00000000000000011765	     -0.55878222564773238901	     -0.27495855975281485728	     -0.11486714002061963746	      2.31243642059151888191	      1.31903507961690702466	      0.00000000000000002582	     -0.00000000000000014996
      0.48699999999999998845	     -0.29300601943670956384	     -0.02481674983311423291	     -0.05455002304532424739	      0.97905366337996480031	      1.06376137369828582813	     -0.34518836668960822811	      0.68997027728718440809	      0.08234010860648489916	      0.01719688802689312360	      0.32284347986992778523	      0.32284347986992761870	      0.01370516261897748896	     -0.00000000000000025247	     -0.00000000000000014853	     -0.01700254072886235243	      0.04335886953274819405	      0.01711791302394316885	      0.57359817984444050332	      0.57359817984444017025	     -0.47013551092478611526	     -0.00000000000000139899	     -0.00000000000000235723	      0.13953612225756970022	      0.06261515655802513125	     -0.13740080534279772162	     -0.86550707042391228363	     -0.30380466256442223427	     -0.23814409771620076439	      1.87914370623257265258	      1.42734114255402344540	      0.00000000000000012295	     -0.00000000000000012051	     -0.55780082545239406677	     -0.27682568159580167588	     -0.11103426105119841572	      2.30771857867873819714	      1.31841755762405710151	      0.00000000000000002482	     -0.00000000000000015805
      0.49099999999999999201	     -0.28903601736158723856	     -0.02633186975891481374	     -0.05623244090452576838	      0.97903808441326145573	      1.06308941368505460723	     -0.34524846711986550973	      0.68339173060242042190	      0.08705577424376623186	      0.02176157827858835048	      0.31091687495807046604	      0.31091687495807029951	      0.01632924005672994200	     -0.00000000000000025937	     -0.00000000000000015058	     -0.01155702660135358821	      0.04180170167006552751	      0.02388164008596838778	      0.60783787731733418536	      0.60783787731733396331	     -0.45553185602064866222	     -0.00000000000000144183	     -0.00000000000000242164	      0.13464058529890701732	      0.06550183639311070449	     -0.13368837556505114295	     -0.86347485676191704229	     -0.30300539398987746953	     -0.23865996872955302921	      1.88118188445265865916	      1.42619671999911834526	      0.00000000000000012938	     -0.00000000000000012341	     -0.55686328915983773769	     -0.27836662669999373554	     -0.10718701658046245195	      2.30222863976868197255	      1.31781334536802874347	      0.00000000000000002363	     -0.00000000000000016619
      0.49499999999999999556	     -0.28471445200861839053	     -0.02777494763137358658	     -0.05818157346155979764	      0.97901421190709969622	      1.06228717537773476032	     -0.34532245613053053068	      0.67672442240317776108	      0.09158361620579691387	      0.02536970565571715353	      0.30146081617301018207	      0.30146081617300996003	      0.01921422359913044914	     -0.00000000000000026567	     -0.00000000000000015317	     -0.00594120379367948925	      0.04038728400873891483	      0.02950320876732726028	      0.64272579293698783864	      0.64272579293698772762	     -0.44163748127239277341	     -0.00000000000000148469	     -0.00000000000000248674	      0.12932287181170629142	      0.06839558954818880654	     -0.12938630570781317619	     -0.86107661384885958444	     -0.30252084978781790259	     -0.23910986585106172586	      1.88300201277462075922	      1.42511247482627179117	      0.00000000000000013546	     -0.00000000000000012664	     -0.55604630245155350909	     -0.27959731206481075461	     -0.10338422368989426403	      2.29603015537965404747	      1.31722409536638651595	      0.00000000000000002258	     -0.00000000000000017463
      0.49899999999999999911	     -0.27995559652297891118	     -0.02899824540904256259	     -0.06039117672145838389	      0.97898900717639680824	      1.06136448564908869585	     -0.34540251326217752403	      0.66975631751974917805	      0.09581465109709370875	      0.02811699871213976798	      0.29417612484797733829	      0.29417612484797717176	      0.02185731117046367522	     -0.00000000000000027085	     -0.00000000000000015544	     -0.00030575687577064949	      0.03922850446848456796	      0.03389153606396676233	      0.67798249679711286575	      0.67798249679711264370	     -0.42907863508003046826	     -0.00000000000000152730	     -0.00000000000000255209	      0.12350689708311016202	      0.07107853593009273718	     -0.12452153367201945766	     -0.85825308532973154652	     -0.30232402616198666978	     -0.23944392952488366411	      1.88454324597905498173	      1.42410479134418310743	      0.00000000000000014167	     -0.00000000000000012998	     -0.55541042798834727723	     -0.28054909408286166084	     -0.09968176499695169390	      2.28918743458921181144	      1.31665236119869710762	      0.00000000000000002123	     -0.00000000000000018265
      0.50300000000000000266	     -0.27470504218846253375	     -0.02987516359770206811	     -0.06282153364985743060	      0.97896607147786496306	      1.06032822627650058500	     -0.34548328751274326454	      0.66232334162387329624	      0.09962954342270410879	      0.03009527936408109769	      0.28878333300842251585	      0.28878333300842234932	      0.02374529683614456238	     -0.00000000000000027512	     -0.00000000000000015767	      0.00526343658189027709	      0.03840906640100768404	      0.03701448602795644194	      0.71340347047973073913	      0.71340347047973040606	     -0.41831250104739448048	     -0.00000000000000157050	     -0.00000000000000261740	      0.11714845657233829979	      0.07335344010185326780	     -0.11916150082564318236	     -0.85494525669847876159	     -0.30238709936513130661	     -0.23960844052854077257	      1.88575034507372230053	      1.42318986360713051198	      0.00000000000000014865	     -0.00000000000000013315	     -0.55499370013221760445	     -0.28126545837742183975	     -0.09612776921388263562	      2.28176202164118757665	      1.31610280242700961040	      0.00000000000000001935	     -0.00000000000000019064
      0.50700000000000000622	     -0.26895222097025595076	     -0.03031656266830901406	     -0.06539776480449510654	      0.97894527097830541518	      1.05918110714852775622	     -0.34556274052866892132	      0.65433630733877401475	      0.10291157831443251136	      0.03136949624195258662	      0.28505696775824829192	      0.28505696775824812539	      0.02440508078676935019	     -0.00000000000000027917	     -0.00000000000000015896	      0.01075844300769220573	      0.03796764445624004752	      0.03890213113709691667	      0.74886920356202635318	      0.74886920356202602012	     -0.40958877597580706231	     -0.00000000000000161397	     -0.00000000000000268259	      0.11024948406483259244	      0.07506768622033119231	     -0.11341431988386320440	     -0.85110169395259960279	     -0.30268511840378903299	     -0.23955178786409311864	      1.88657950080380132363	      1.42238125860898190211	      0.00000000000000015549	     -0.00000000000000013648	     -0.55480696377462446200	     -0.28179755646736720509	     -0.09275802752064658818	      2.27380945135240786215	      1.31558320911072490489	      0.00000000000000001733	     -0.00000000000000019815
      0.51100000000000000977	     -0.26273936324532076725	     -0.03028352428848031172	     -0.06801216758052211486	      0.97892273311155586502	      1.05792077908829074140	     -0.34564256271022669731	      0.64580140039621691805	      0.10556118757516530504	      0.03196088188343360753	      0.28285482933755790036	      0.28285482933755767831	      0.02345462675468965377	     -0.00000000000000028377	     -0.00000000000000016055	      0.01625499116138190772	      0.03788577777045416817	      0.03964570544194574025	      0.78434691804155443062	      0.78434691804155420858	     -0.40292970944271616629	     -0.00000000000000165777	     -0.00000000000000274829	      0.10286790637371134860	      0.07613360884580668009	     -0.10742419743613114413	     -0.84668472665091687457	     -0.30319976340976861895	     -0.23923012788569242293	      1.88700284880539004284	      1.42168742976835393854	      0.00000000000000016262	     -0.00000000000000014021	     -0.55483180058037140370	     -0.28219889417312382651	     -0.08959223804758605081	      2.26537664631206681065	      1.31510521164299909458	      0.00000000000000001507	     -0.00000000000000020625
      0.51500000000000001332	     -0.25616552336652015365	     -0.02979489593687124557	     -0.07053046269792102863	      0.97889120539511342844	      1.05653942057275562760	     -0.34572813153986664547	      0.63683121253375252202	      0.10751020549185345831	      0.03183994199280208021	      0.28213831090333713059	      0.28213831090333690854	      0.02065179095350526406	     -0.00000000000000028889	     -0.00000000000000016197	      0.02190967405185567998	      0.03808142806631659855	      0.03939239399747287290	      0.81988376175024701986	      0.81988376175024679782	     -0.39813081320229226634	     -0.00000000000000170193	     -0.00000000000000281430	      0.09512133734111415106	      0.07654259489989036214	     -0.10136230345423040411	     -0.84167448489624874242	     -0.30392286420908626310	     -0.23861215921094941494	      1.88701124154892441176	      1.42110948310162732433	      0.00000000000000017005	     -0.00000000000000014404	     -0.55502145440720962455	     -0.28251976427355479649	     -0.08663158307480194054	      2.25650011723851884327	      1.31468452557240489398	      0.00000000000000001256	     -0.00000000000000021453
      0.51900000000000001688	     -0.24938837492455695477	     -0.02892874101306262824	     -0.07280390588100285609	      0.97883978825218687092	      1.05502523624182509288	     -0.34582818377261564935	      0.62764760792402685130	      0.10873490338949273748	      0.03091224096716283301	      0.28298544264690778105	      0.28298544264690755901	      0.01584025219770949372	     -0.00000000000000029457	     -0.00000000000000016383	      0.02794962105797419577	      0.03840749840846936769	      0.03833403377749199786	      0.85559300299311602522	      0.85559300299311580318	     -0.39478273334911928583	     -0.00000000000000174588	     -0.00000000000000288017	      0.08718418488042281589	      0.07637310658001582320	     -0.09541174076109244784	     -0.83607250856858805754	     -0.30485984250394476680	     -0.23768280704514535562	      1.88661478368219603929	      1.42063933990547774933	      0.00000000000000017746	     -0.00000000000000014794	     -0.55530323374163559347	     -0.28280220261140576188	     -0.08385740912581998718	      2.24720484102738193855	      1.31434117289799812234	      0.00000000000000000986	     -0.00000000000000022281
      0.52300000000000002043	     -0.24261114089130481064	     -0.02781596764799143875	     -0.07467705648768253879	      0.97875578660917128548	      1.05336232610803914866	     -0.34595380433228650752	      0.61856225804106101940	      0.10926519081570876257	      0.02907080723623401905	      0.28558226802968822433	      0.28558226802968794678	      0.00924588869834769810	     -0.00000000000000030045	     -0.00000000000000016661	      0.03464967205347309342	      0.03866446898751108724	      0.03669812769500448157	      0.89163151786867600457	      0.89163151786867578252	     -0.39231214828939275918	     -0.00000000000000178984	     -0.00000000000000294609	      0.07927523556275328787	      0.07578281529858217624	     -0.08975425420514414332	     -0.82989554352569905316	     -0.30603214299373232565	     -0.23644438551043286956	      1.88584296848185384299	      1.42025927370564630792	      0.00000000000000018447	     -0.00000000000000015185	     -0.55559080715997843924	     -0.28307596436395160433	     -0.08123398208832358081	      2.23750513521688532137	      1.31409741383829836714	      0.00000000000000000712	     -0.00000000000000023087
      0.52700000000000002398	     -0.23607204917668198063	     -0.02663154459791574474	     -0.07600803744954584551	      0.97862554581192584546	      1.05153171779748233483	     -0.34611686280679093697	      0.60996320831861272627	      0.10918572172394978848	      0.02617644181266419456	      0.29020936773222677507	      0.29020936773222649752	      0.00118877260224987936	     -0.00000000000000030646	     -0.00000000000000016895	      0.04231327801977671776	      0.03861409380751622267	      0.03472736870130095632	      0.92817455806250592776	      0.92817455806250570571	     -0.39003836197964175669	     -0.00000000000000183342	     -0.00000000000000301228	      0.07164562087804875190	      0.07499904785158222065	     -0.08454800058172506905	     -0.82317295809884516444	     -0.30747525162144190292	     -0.23491659434487666136	      1.88473950969945169831	      1.41994169552660043365	      0.00000000000000019166	     -0.00000000000000015588	     -0.55578979033498654427	     -0.28335442863735960106	     -0.07870991972279187121	      2.22740182144801135422	      1.31397786311546815874	      0.00000000000000000433	     -0.00000000000000023877
      0.53100000000000002753	     -0.23002508230306484283	     -0.02557693588731056733	     -0.07668226506842000523	      0.97843527309517042134	      1.04951398757597935685	     -0.34632856753634877478	      0.60227953370876396999	      0.10863130773525236927	      0.02209919262987963817	      0.29721079187615745409	      0.29721079187615728756	     -0.00781601194517156546	     -0.00000000000000031187	     -0.00000000000000017098	      0.05124235559279700231	      0.03800219570611630682	      0.03266484275852446495	      0.96538697318497390665	      0.96538697318497368460	     -0.38723937831632954110	     -0.00000000000000187682	     -0.00000000000000307910	      0.06455741057420134876	      0.07429524561465065957	     -0.07991268836735457293	     -0.81594622980198150408	     -0.30923228038621497493	     -0.23313320934655323846	      1.88335690523292953458	      1.41965065674014123687	      0.00000000000000019880	     -0.00000000000000016014	     -0.55580550263075489958	     -0.28363602931358766757	     -0.07622296394407830633	      2.21688410685575876258	      1.31400747710562115778	      0.00000000000000000143	     -0.00000000000000024672
      0.53500000000000003109	     -0.22471758552929183006	     -0.02486053030078657147	     -0.07662642212937240127	      0.97817208005307965113	      1.04729175199894730675	     -0.34659786100135847597	      0.59594360832237358583	      0.10777581098570161722	      0.01674720885878981658	      0.30695360972162916147	      0.30695360972162893942	     -0.01709893032301502275	     -0.00000000000000031738	     -0.00000000000000017245	      0.06170911450004137877	      0.03658507327368775569	      0.03073723284169907477	      1.00339537084801500022	      1.00339537084801455613	     -0.38322125281318236700	     -0.00000000000000192061	     -0.00000000000000314591	      0.05826176893772296028	      0.07396241334749691088	     -0.07591539086422564864	     -0.80826583652014061254	     -0.31134601960269731036	     -0.23113743714969206544	      1.88174931980609927429	      1.41934423987909075215	      0.00000000000000020576	     -0.00000000000000016445	     -0.55555149457854124950	     -0.28390613076347959165	     -0.07370547504879204626	      2.20593061849300742239	      1.31420986545969009640	     -0.00000000000000000189	     -0.00000000000000025447
      0.53900000000000003464	     -0.22036614767842058193	     -0.02467726525741589100	     -0.07581881327637549073	      0.97782500818680151422	      1.04485234945647320615	     -0.34692997719348622754	      0.59135037399708834105	      0.10681644067383740115	      0.01009480977001025320	      0.31978170080388956809	      0.31978170080388934604	     -0.02588305775766404707	     -0.00000000000000032289	     -0.00000000000000017504	      0.07393024016224239436	      0.03415587001612075541	      0.02913948177558211422	      1.04226477869538691756	      1.04226477869538647347	     -0.37738334346506913208	     -0.00000000000000196419	     -0.00000000000000321310	      0.05297658829369467776	      0.07427798396560399141	     -0.07256170224557893789	     -0.80018835595885406953	     -0.31384946180248474157	     -0.22897626159797135337	      1.87996441512380330074	      1.41897774692228351157	      0.00000000000000021252	     -0.00000000000000016870	     -0.55495675817228118376	     -0.28414076190652776122	     -0.07109036857395019393	      2.19451097804610339992	      1.31460551124783764365	     -0.00000000000000000554	     -0.00000000000000026208
      0.54300000000000003819	     -0.21713358878929153728	     -0.02518929437161104498	     -0.07429466131211047430	      0.97738592992237349755	      1.04219045784595465420	     -0.34732538145154451259	      0.58881727894251933986	      0.10595552039037400838	      0.00220512076643574004	      0.33596843051873309660	      0.33596843051873287456	     -0.03334198357673105739	     -0.00000000000000032756	     -0.00000000000000017737	      0.08804572877314163770	      0.03056772496480953186	      0.02802220681342249345	      1.08198241125181926492	      1.08198241125181882083	     -0.36927324685220896949	     -0.00000000000000200803	     -0.00000000000000327984	      0.04886535310052638609	      0.07547579470708225269	     -0.06979333161006881503	     -0.79177310872665840336	     -0.31675673779128910024	     -0.22669457649664018217	      1.87803480132827127491	      1.41850738520240882146	      0.00000000000000021931	     -0.00000000000000017286	     -0.55397082927912266737	     -0.28431144136647668041	     -0.06831689886491437713	      2.18258768422914739560	      1.31521007879663254236	     -0.00000000000000000955	     -0.00000000000000026962
      0.54700000000000004174	     -0.21511025087069221562	     -0.02650889101957222896	     -0.07214549569449429933	      0.97685021402789729006	      1.03931031061585010811	     -0.34777929005654112382	      0.58854861691786752864	      0.10538170265972029993	     -0.00675620373461592941	      0.35567297645690831853	      0.35567297645690798547	     -0.03866471166684270350	     -0.00000000000000033350	     -0.00000000000000017912	      0.10410383366222805690	      0.02575172339856022369	      0.02748353649775810495	      1.12244933394543666694	      1.12244933394543644489	     -0.35862672797462846752	     -0.00000000000000205106	     -0.00000000000000334764	      0.04601918434433894395	      0.07772020871393302277	     -0.06749214177314145913	     -0.78307731286238058122	     -0.32005634217356548898	     -0.22432972750947247076	      1.87597010075824299768	      1.41789415457452916414	      0.00000000000000022615	     -0.00000000000000017744	     -0.55256625891081834201	     -0.28439004158795827548	     -0.06533584830321968739	      2.17011797575973020002	      1.31603299467966250447	     -0.00000000000000001350	     -0.00000000000000027721
      0.55100000000000004530	     -0.21430240076746132072	     -0.02868477695963525184	     -0.06951231974875547726	      0.97621704533505926360	      1.03622711560820190968	     -0.34828190151577126388	      0.59060781432902009769	      0.10525252590019784638	     -0.01651888814936610522	      0.37890480321455538570	      0.37890480321455505264	     -0.04112299509574621204	     -0.00000000000000033807	     -0.00000000000000018187	      0.12205329057503019885	      0.01972817480236431498	      0.02756653444605456499	      1.16348024890603007897	      1.16348024890602963488	     -0.34538902447231273340	     -0.00000000000000209437	     -0.00000000000000341621	      0.04444395406636684337	      0.08108694820313618046	     -0.06549006288967743061	     -0.77414879027237248899	     -0.32370819534651668059	     -0.22190699906649197226	      1.87375063228221105938	      1.41710761913125882216	      0.00000000000000023283	     -0.00000000000000018167	     -0.55073839336277874423	     -0.28435266200468206632	     -0.06211375957428292433	      2.15705530391406385959	      1.31707645431421638271	     -0.00000000000000001716	     -0.00000000000000028499
      0.55500000000000004885	     -0.21462926560963888067	     -0.03169332579822074086	     -0.06657309867935547187	      0.97548934474166248965	      1.03296736764759899962	     -0.34881934739324327310	      0.59490051380352548804	      0.10568031983767731119	     -0.02671851044500684128	      0.40550011401970831315	      0.40550011401970792457	     -0.04013500129095674135	     -0.00000000000000034259	     -0.00000000000000018682	      0.14174349700566676868	      0.01261005306901070988	      0.02826226015959333593	      1.20481113447730425747	      1.20481113447730381338	     -0.32971609414509345237	     -0.00000000000000213894	     -0.00000000000000348668	      0.04405389757043394472	      0.08555270604210984953	     -0.06358374981168694873	     -0.76501612885923786500	     -0.32764539792406760510	     -0.21943651694839286237	      1.87132358104903140372	      1.41612918657907016495	      0.00000000000000023955	     -0.00000000000000018587	     -0.54850319993586615919	     -0.28418180603768133929	     -0.05863585538098659011	      2.14335031066134273914	      1.31833495351172702570	     -0.00000000000000002046	     -0.00000000000000029298
      0.55900000000000005240	     -0.21592896164329333786	     -0.03543635950855598959	     -0.06352580428189860684	      0.97467331878606711104	      1.02956789401524106964	     -0.34937524835196015482	      0.60117090660261007784	      0.10672319616432901501	     -0.03691909987228991774	      0.43511339705705542880	      0.43511339705705509573	     -0.03531801589339909897	     -0.00000000000000034543	     -0.00000000000000018970	      0.16293313654886232289	      0.00459769009684106791	      0.02951772541830480906	      1.24611409959830110594	      1.24611409959830088390	     -0.31195597809093683628	     -0.00000000000000218473	     -0.00000000000000355877	      0.04467303570505595789	      0.09099505507271006544	     -0.06155262564959751437	     -0.75567760892879343171	     -0.33178047692907253197	     -0.21691193701850222664	      1.86860238273425016686	      1.41495449332304001899	      0.00000000000000024664	     -0.00000000000000019007	     -0.54589415469762558875	     -0.28386661540311192153	     -0.05490729510311856409	      2.12895150110949238353	      1.31979539926560418550	     -0.00000000000000002412	     -0.00000000000000030095
      0.56300000000000005596	     -0.21797238254314282857	     -0.03974674383488326079	     -0.06056885765072766298	      0.97377771515760802590	      1.02607374917402505154	     -0.34993264235375759474	      0.60901265684310723625	      0.10838189666466567507	     -0.04664589446534893324	      0.46722559436272964595	      0.46722559436272931288	     -0.02652375905145672175	     -0.00000000000000034791	     -0.00000000000000019350	      0.18530710643146852679	     -0.00403531672208864989	      0.03124741169141679112	      1.28701817141615859619	      1.28701817141615837414	     -0.29261218697862867444	     -0.00000000000000223130	     -0.00000000000000363158	      0.04604521652965717221	      0.09720288321640015161	     -0.05917880194942856664	     -0.74609158734417124759	     -0.33601469644693487959	     -0.21431106674559996517	      1.86546975435381368058	      1.41359458695689377272	      0.00000000000000025389	     -0.00000000000000019462	     -0.54295884465199795166	     -0.28340156309254715961	     -0.05095256774450609288	      2.11380600144485075731	      1.32143777884681590251	     -0.00000000000000002765	     -0.00000000000000030941
      0.56700000000000005951	     -0.22048320726808406933	     -0.04440193239497453037	     -0.05788141796274774015	      0.97281288823322542569	      1.02253536245344456290	     -0.35047596099506939105	      0.61789402962112949247	      0.11060232340113679284	     -0.05542456378448964299	      0.50116852610654494260	      0.50116852610654449851	     -0.01385204072522709315	     -0.00000000000000034879	     -0.00000000000000019842	      0.20850052992081957726	     -0.01296382091540412493	      0.03334661274884823112	      1.32713387829451567868	      1.32713387829451501254	     -0.27229349308494116277	     -0.00000000000000227724	     -0.00000000000000370588	      0.04785257311626332083	      0.10389611475468828183	     -0.05626706539163012916	     -0.73617181438493206613	     -0.34024829572719517135	     -0.21159836610897914122	      1.86178449471342810639	      1.41207569706838453882	      0.00000000000000026138	     -0.00000000000000019932	     -0.53975551225777995690	     -0.28278454592223861708	     -0.04681302653495583721	      2.09786102222463455291	      1.32323628879891863619	     -0.00000000000000003102	     -0.00000000000000031842
      0.57099999999999995204	     -0.22316207168693066865	     -0.04914466269804771553	     -0.05560599581285507326	      0.97178975755609375842	      1.01900542532313020949	     -0.35099272721601820768	      0.62719560745010149994	      0.11328310922189795129	     -0.06282268513445796176	      0.53616401871440422244	      0.53616401871440388938	      0.00235930997176199246	     -0.00000000000000034814	     -0.00000000000000019736	      0.23212795914884498671	     -0.02183858509830742534	      0.03570483550150174712	      1.36607923895849192597	      1.36607923895849148188	     -0.25165541542031200084	     -0.00000000000000232340	     -0.00000000000000378092	      0.04974131838377213177	      0.11075267294844376442	     -0.05266309454761802095	     -0.72579079185323180923	     -0.34438952284825569139	     -0.20872911521146877978	      1.85739187896537383260	      1.41043751417290152972	      0.00000000000000026863	     -0.00000000000000020416	     -0.53634916657616205082	     -0.28201540789043472168	     -0.04254270017389113340	      2.08106657067967892871	      1.32516081423339526779	     -0.00000000000000003433	     -0.00000000000000032708
      0.57499999999999995559	     -0.22571251975386535937	     -0.05370833374068699484	     -0.05383538063502563836	      0.97071878383931475831	      1.01553593267572850323	     -0.35147472445759064819	      0.63625707273819553933	      0.11628660731567209974	     -0.06848894530414559312	      0.57137377496902030938	      0.57137377496901975427	      0.02156603055965372606	     -0.00000000000000035138	     -0.00000000000000019749	      0.25581495636618323264	     -0.03031617465846135964	      0.03821813347537245803	      1.40350432605425368138	      1.40350432605425301524	     -0.23133980048911098604	     -0.00000000000000236944	     -0.00000000000000385609	      0.05135257903959112441	      0.11743928140631022805	     -0.04826813695435024781	     -0.71479218670585109585	     -0.34836081967521032032	     -0.20565468394145280939	      1.85213696270038008507	      1.40873013739183350346	      0.00000000000000027579	     -0.00000000000000020894	     -0.53280672933739336994	     -0.28109555383459389200	     -0.03820281651098510201	      2.06337959723523090005	      1.32717865191388928459	     -0.00000000000000003775	     -0.00000000000000033581
      0.57899999999999995914	     -0.22786607888001211841	     -0.05784342150602012761	     -0.05260533633984471047	      0.96960917402670554477	      1.01217562266931571102	     -0.35191849870399660727	      0.64442833662474685585	      0.11945143944082874110	     -0.07218550345781515887	      0.60595443073197585715	      0.60595443073197530204	      0.04306566584494438132	     -0.00000000000000035440	     -0.00000000000000019772	      0.27922872152574051974	     -0.03808718262489815126	      0.04079970796134133049	      1.43911138060210541667	      1.43911138060210475054	     -0.21191945682024032616	     -0.00000000000000241602	     -0.00000000000000393210	      0.05235519385753282379	      0.12364206316025803944	     -0.04304831865995103340	     -0.70301080333763377173	     -0.35210150562864250823	     -0.20232816282743026903	      1.84587979380684563679	      1.40701001060774899543	      0.00000000000000028276	     -0.00000000000000021395	     -0.52919131138677799608	     -0.28002863663766708324	     -0.03385569913300171679	      2.04476946763120892570	      1.32925636828017679214	     -0.00000000000000004137	     -0.00000000000000034436
      0.58299999999999996270	     -0.22940416317092593435	     -0.06134149961195672907	     -0.05189368954761747199	      0.96846851619935547806	      1.00896787096833673303	     -0.35232518513926758263	      0.65112018699168472402	      0.12260558924977056627	     -0.07380984978078500292	      0.63911244130729016888	      0.63911244130728972479	      0.06605769811807206404	     -0.00000000000000035820	     -0.00000000000000019716	      0.30210481518623777397	     -0.04489963812421470662	      0.04338795370156849074	      1.47266860320219117320	      1.47266860320219050706	     -0.19385324078871282727	     -0.00000000000000246228	     -0.00000000000000400722	      0.05247721489569382586	      0.12909370052914448390	     -0.03703726705807064423	     -0.69029679152585021740	     -0.35556757271354033634	     -0.19870980417911449090	      1.83851133310725201042	      1.40533522214627293323	      0.00000000000000028977	     -0.00000000000000021904	     -0.52555661313523782674	     -0.27882177576033778665	     -0.02955872497222981204	      2.02522446792603716403	      1.33136165187283506128	     -0.00000000000000004479	     -0.00000000000000035334
      0.58699999999999996625	     -0.23017508232118744083	     -0.06405406677926966941	     -0.05162551629303476636	      0.96730289628395471624	      1.00594901197404684723	     -0.35269976038939687690	      0.65584947186047437562	      0.12557965918576777242	     -0.07340372942464697126	      0.67015389145149617534	      0.67015389145149562022	      0.08970996792410010356	     -0.00000000000000036467	     -0.00000000000000019741	      0.32426749821028144627	     -0.05057583106277004775	      0.04595079307248702005	      1.50401736167131971911	      1.50401736167131905297	     -0.17745485682587447407	     -0.00000000000000250839	     -0.00000000000000408290	      0.05153259578174673033	      0.13359480981763002805	     -0.03033167781203220670	     -0.67653986921039988012	     -0.35873004938079933179	     -0.19477194377222850630	      1.82996861387627496320	      1.40376058738643694213	      0.00000000000000029706	     -0.00000000000000022385	     -0.52194292717922918801	     -0.27748674147317364813	     -0.02535904932041944601	      2.00475888083961972796	      1.33346495262638353729	     -0.00000000000000004830	     -0.00000000000000036266
      0.59099999999999996980	     -0.23010518335778543109	     -0.06590403103313838273	     -0.05168361522955538384	      0.96611736493624311706	      1.00314708763596960317	     -0.35304990234367933377	      0.65827411820895331829	      0.12821991750365374640	     -0.07114786405391966551	      0.69852491170351005412	      0.69852491170350949901	      0.11322496205594179131	     -0.00000000000000037623	     -0.00000000000000020510	      0.34564155735631862942	     -0.05502147731262563984	      0.04848558123917411783	      1.53307299035745514537	      1.53307299035745425719	     -0.16287764427124482025	     -0.00000000000000255391	     -0.00000000000000415907	      0.04943976878789493878	      0.13702784425339512020	     -0.02308008988844861831	     -0.66168955142227947608	     -0.36157343737217678692	     -0.19050309873135454208	      1.82024771485541525529	      1.40233293381074552997	      0.00000000000000030409	     -0.00000000000000022885	     -0.51837597950123315282	     -0.27604071224661463901	     -0.02128973185661412609	      1.98342009353775750036	      1.33554072682795532678	     -0.00000000000000005172	     -0.00000000000000037179
      0.59499999999999997335	     -0.22920381269203296548	     -0.06688881199443101611	     -0.05192281163781856113	      0.96491652348777934289	      1.00058105028215593713	     -0.35338469827849700033	      0.65821442205162750128	      0.13040040699127539159	     -0.06734334509520990830	      0.72383926406278920052	      0.72383926406278875643	      0.13589951935949162731	     -0.00000000000000039070	     -0.00000000000000022315	      0.36625415259146359981	     -0.05822695421802388804	      0.05101474990498995610	      1.55981929362784188520	      1.55981929362784144111	     -0.15011625958637112022	     -0.00000000000000259877	     -0.00000000000000423488	      0.04622989854181745045	      0.13936272141560521187	     -0.01546606199512285014	     -0.64576831784359711719	     -0.36409510039094639122	     -0.18591089899096890914	      1.80941339979896298473	      1.40108701713780359199	      0.00000000000000031097	     -0.00000000000000023386	     -0.51486903240820047767	     -0.27450631048730095296	     -0.01736770597818295889	      1.96129511621489527329	      1.33756817038106667894	     -0.00000000000000005473	     -0.00000000000000038047
      0.59899999999999997691	     -0.22756163707606386071	     -0.06707502605936409290	     -0.05218634298172072222	      0.96370507544544092848	      0.99826050984759884255	     -0.35371342718922399451	      0.65565822273212592819	      0.13203287195809776389	     -0.06238198960836024293	      0.74589013738201004333	      0.74589013738200959924	      0.15717209002707818732	     -0.00000000000000040636	     -0.00000000000000024026	      0.38622605129362014287	     -0.06026080803235894096	      0.05357804351910305102	      1.58429685904165218346	      1.58429685904165129529	     -0.13902503323052514683	     -0.00000000000000264262	     -0.00000000000000431056	      0.04204383423623679616	      0.14065390355729046057	     -0.00768768718752256292	     -0.62887588038938502244	     -0.36630560045587634566	     -0.18102348870443107920	      1.79760456385912070765	      1.40004248526018648668	      0.00000000000000031775	     -0.00000000000000023903	     -0.51142823644794010995	     -0.27291075237277284682	     -0.01359386649829218661	      1.93851591548853741109	      1.33953137765431851136	     -0.00000000000000005770	     -0.00000000000000038885
      0.60299999999999998046	     -0.22534191796449856704	     -0.06658571440495973659	     -0.05232258338387500013	      0.96248830539281871044	      0.99618612460035615985	     -0.35404457054113064318	      0.65074959247636254833	      0.13307307324119113656	     -0.05670878654767597810	      0.76464485806317272765	      0.76464485806317228356	      0.17665352629220743008	     -0.00000000000000042096	     -0.00000000000000024022	      0.40575312790424916676	     -0.06125620027363690157	      0.05622253940633009650	      1.60658630481404585133	      1.60658630481404540724	     -0.12935057479512082623	     -0.00000000000000268616	     -0.00000000000000438603	      0.03711830057556223667	      0.14102921857840963749	      0.00006418748374590626	     -0.61118438507226546808	     -0.36822921040229561473	     -0.17588911825072608974	      1.78503487018277229303	      1.39920222004003047545	      0.00000000000000032462	     -0.00000000000000024344	     -0.50806079556830030519	     -0.27128428736242471420	     -0.00995531747571460658	      1.91526283570195121619	      1.34141893906975306905	     -0.00000000000000006082	     -0.00000000000000039676
      0.60699999999999998401	     -0.22276506701654033571	     -0.06558207070357785495	     -0.05220029979296373496	      0.96127246843145630617	      0.99435068478136268144	     -0.35438511975643005592	      0.64376293263349226859	      0.13352222579818184833	     -0.05078050599082555711	      0.78022362636191500140	      0.78022362636191455731	      0.19413938997176660717	     -0.00000000000000042687	     -0.00000000000000020578	      0.42508065250189941420	     -0.06139178261089209970	      0.05899174894601319497	      1.62678915842237725720	      1.62678915842237636902	     -0.12077328668552402002	     -0.00000000000000272945	     -0.00000000000000446143	      0.03176329745656301246	      0.14067151930574847696	      0.00762622546343240826	     -0.59292610420151525830	     -0.36990339852859627223	     -0.17057384498372429871	      1.77198811182687321342	      1.39855228505133588612	      0.00000000000000033203	     -0.00000000000000024739	     -0.50478453522664301634	     -0.26965849397380636798	     -0.00642952267009995471	      1.89176510609600345703	      1.34322305991896961963	     -0.00000000000000006412	     -0.00000000000000040478
      0.61099999999999998757	     -0.22008749445918360244	     -0.06424199943777746113	     -0.05172086792860401683	      0.96006505817212206555	      0.99274088043739339149	     -0.35474016054695001188	      0.63506538119266076059	      0.13342270505791409274	     -0.04502470492872501229	      0.79286480017958904654	      0.79286480017958849142	      0.20960255624218279702	     -0.00000000000000042971	     -0.00000000000000015236	      0.44447327498433858439	     -0.06086885866320702193	      0.06191523786622681047	      1.64500913203853382782	      1.64500913203853316169	     -0.11295190623187359447	     -0.00000000000000277248	     -0.00000000000000453598	      0.02633311501118018594	      0.13979478174694903725	      0.01487867116253549851	     -0.57437602167321799573	     -0.37137621299433953848	     -0.16515747028518912298	      1.75880810664110609487	      1.39806357553731541721	      0.00000000000000033954	     -0.00000000000000025033	     -0.50163680036036550902	     -0.26806512382177294374	     -0.00298993682684887832	      1.86829766912057726458	      1.34493832915215882906	     -0.00000000000000006777	     -0.00000000000000041308
      0.61499999999999999112	     -0.21757683452598911011	     -0.06273807392695958385	     -0.05082650283209790010	      0.95887488968516643162	      0.99133962271624243012	     -0.35511265213364728854	      0.62507196696541811320	      0.13284829011586846148	     -0.03980317752938758447	      0.80288146417817418676	      0.80288146417817352063	      0.22316794606665599221	     -0.00000000000000043223	     -0.00000000000000009563	      0.46418370943302883491	     -0.05988725606118169148	      0.06500019324547920418	      1.66133558348834209362	      1.66133558348834120544	     -0.10556569108032472226	     -0.00000000000000281520	     -0.00000000000000461036	      0.02119386393861862408	      0.13861710693833462216	      0.02175540902394574108	     -0.55583197462683997525	     -0.37270125813711096896	     -0.15972815373823348595	      1.74588357420058648550	      1.39769506563054179971	      0.00000000000000034741	     -0.00000000000000025450	     -0.49868066692885809621	     -0.26653583776440598063	      0.00038747270713291378	      1.84517435265261431354	      1.34656031835431755361	     -0.00000000000000007148	     -0.00000000000000042242
      0.61899999999999999467	     -0.21548624050396311680	     -0.06121743171413397688	     -0.04950390519917578086	      0.95771196466054575591	      0.99012868092426464806	     -0.35550332045433774564	      0.61419875552704317201	      0.13189026081405688662	     -0.03538366676570812996	      0.81061513754054925762	      0.81061513754054859149	      0.23507377988840180705	     -0.00000000000000043773	     -0.00000000000000004008	      0.48442308669593514558	     -0.05862274599449864704	      0.06822621824360380893	      1.67583031061889875524	      1.67583031061889808910	     -0.09834939196901200387	     -0.00000000000000285793	     -0.00000000000000468476	      0.01669067096913765327	      0.13733374975245823957	      0.02824697977220640838	     -0.53759448879911242436	     -0.37393090677193641103	     -0.15437637046391800011	      1.73362890956483295390	      1.39739839008336508286	      0.00000000000000035660	     -0.00000000000000025907	     -0.49600710188160995751	     -0.26510266826223061187	      0.00371749495625988682	      1.82273794690035617627	      1.34808420558491004471	     -0.00000000000000007551	     -0.00000000000000043461
      0.62299999999999999822	     -0.21403037744280747900	     -0.05978580479377097051	     -0.04778300725117993336	      0.95658718797515840393	      0.98909135669494507859	     -0.35591063353809049286	      0.60281866890546853543	      0.13064160247144121496	     -0.03192260453949036930	      0.81639154422662574273	      0.81639154422662496557	      0.24562398097636109484	     -0.00000000000000043600	      0.00000000000000002959	      0.50533566694591625090	     -0.05720872338600740958	      0.07154396318926711795	      1.68851863977757710167	      1.68851863977757621349	     -0.09111788016253774547	     -0.00000000000000290063	     -0.00000000000000475818	      0.01311760331629219407	      0.13609353669690704702	      0.03439640216964780228	     -0.51994775800098069762	     -0.37510898316204771552	     -0.14918892769590150205	      1.72246216547916919382	      1.39712330716244670370	      0.00000000000000036633	     -0.00000000000000026157	     -0.49373266484724165348	     -0.26379867966138154101	      0.00699956679186245281	      1.80134788630734354875	      1.34950359485074478094	     -0.00000000000000007899	     -0.00000000000000044913
      0.62700000000000000178	     -0.21336559839450663922	     -0.05849762855743520507	     -0.04573091106065441114	      0.95551209072585452375	      0.98821488603085871905	     -0.35633089543492352247	      0.59122392184650440772	      0.12918245882944037750	     -0.02946027863553664361	      0.82048208158731528172	      0.82048208158731450457	      0.25513706218245008062	     -0.00000000000000043283	      0.00000000000000010536	      0.52698034732431575655	     -0.05572452102523362677	      0.07487732153644198474	      1.69938558925113647469	      1.69938558925113536446	     -0.08377951041587898551	     -0.00000000000000294399	     -0.00000000000000483156	      0.01069336940747278933	      0.13498218794284153055	      0.04028859090057545361	     -0.50314292541601612907	     -0.37626430040243818986	     -0.14424372652669806283	      1.71278208537427323321	      1.39682337809731427214	      0.00000000000000037746	     -0.00000000000000026359	     -0.49199326181448660433	     -0.26265810903154640510	      0.01021333886673262380	      1.78136627503221234292	      1.35080967443961652563	     -0.00000000000000008198	     -0.00000000000000046603
      0.63100000000000000533	     -0.21357639181257717653	     -0.05735345636848637046	     -0.04344154066597466501	      0.95449867274018507235	      0.98749225970367082716	     -0.35675852354662007659	      0.57959850833963000305	      0.12756954413992174779	     -0.02792880595607967822	      0.82307424946371265939	      0.82307424946371188224	      0.26389660610129839213	     -0.00000000000000042987	      0.00000000000000017261	      0.54932084583399387601	     -0.05419201654824752634	      0.07812856913863400199	      1.70837755990483963764	      1.70837755990483874946	     -0.07633807891707995730	     -0.00000000000000298749	     -0.00000000000000490317	      0.00954527178743309369	      0.13401515572182653990	      0.04603481599428309312	     -0.48738429851667053327	     -0.37740633247429994368	     -0.13960579810692519409	      1.70494611364268333631	      1.39646120431103892834	      0.00000000000000038907	     -0.00000000000000026817	     -0.49093513960664814100	     -0.26171534204043062077	      0.01331674133112779532	      1.76314290535002871074	      1.35199080767395662939	     -0.00000000000000008429	     -0.00000000000000048378
      0.63500000000000000888	     -0.21466923227156797793	     -0.05630424685001682306	     -0.04102243064884018159	      0.95355933267384029861	      0.98692322712885593994	     -0.35718652323025956719	      0.56800348795203414731	      0.12583059177498659431	     -0.02717142805043229470	      0.82425446094025178745	      0.82425446094025089927	      0.27210853722934746912	     -0.00000000000000042699	      0.00000000000000022689	      0.57222526689641894926	     -0.05258022280552967359	      0.08118596787045184726	      1.71540918537645836750	      1.71540918537645725728	     -0.06888342846899998817	     -0.00000000000000303168	     -0.00000000000000497485	      0.00970241726287557164	      0.13314017727651811240	      0.05175462880357166451	     -0.47281869377305446589	     -0.37852385771191909836	     -0.13532478581313303612	      1.69925103704478908107	      1.39601274159179467027	      0.00000000000000040099	     -0.00000000000000027413	     -0.49070476089706099865	     -0.26100256414454769960	      0.01624667706226840674	      1.74699990804372529141	      1.35303258071725873712	     -0.00000000000000008729	     -0.00000000000000050114
      0.63900000000000001243	     -0.21657424625577836874	     -0.05526111089909983148	     -0.03858065650903513832	      0.95270675021268891314	      0.98651433475998262512	     -0.35760711683391832594	      0.55637712091041102713	      0.12396364718970705188	     -0.02697032788643409160	      0.82400634366771274841	      0.82400634366771186023	      0.27987085092019364785	     -0.00000000000000042705	      0.00000000000000026607	      0.59547495951122397795	     -0.05081621075986412356	      0.08393334682997700968	      1.72037443156798808275	      1.72037443156798697252	     -0.06157112738395967982	     -0.00000000000000307663	     -0.00000000000000504686	      0.01109823491925814205	      0.13224804820933816485	      0.05755805238711328431	     -0.45952840212284040700	     -0.37958676884016379072	     -0.13143382938968697915	      1.69591765702538466165	      1.39547034160372462885	      0.00000000000000041349	     -0.00000000000000028340	     -0.49143900651932254098	     -0.26054645618521138362	      0.01892204559684150869	      1.73321675694406973633	      1.35391829011897990576	     -0.00000000000000008940	     -0.00000000000000052053
      0.64300000000000001599	     -0.21915434692015292595	     -0.05410910330018765813	     -0.03620973549311461842	      0.95195361664085276221	      0.98627798486651252485	     -0.35801245305733281343	      0.54454986219818579674	      0.12194062542909196722	     -0.02707934348136151192	      0.82222473632762338447	      0.82222473632762260731	      0.28715954561081535878	     -0.00000000000000042343	      0.00000000000000032383	      0.61878185572102029077	     -0.04880057041993089706	      0.08626068065193454037	      1.72316066802400169600	      1.72316066802400080782	     -0.05459358127178003117	     -0.00000000000000312230	     -0.00000000000000511965	      0.01358175301465433353	      0.13118966267305445794	      0.06353020579386184363	     -0.44752868227580749894	     -0.38055045347926469423	     -0.12794973954552996132	      1.69508059086385487468	      1.39484422857060974543	      0.00000000000000042341	     -0.00000000000000028882	     -0.49325642383017742620	     -0.26036459829240143904	      0.02124878057103568932	      1.72201662213188155803	      1.35462984423434540382	     -0.00000000000000009152	     -0.00000000000000053814
      0.64700000000000001954	     -0.22222068767214278595	     -0.05272367778435173985	     -0.03397900124694078206	      0.95131220156397922061	      0.98623066232207856618	     -0.35839529627635968723	      0.53227167611229564415	      0.11971454224781336029	     -0.02725697123536697727	      0.81874194807219791148	      0.81874194807219713432	      0.29383171035506977509	     -0.00000000000000042502	      0.00000000000000037929	      0.64181266233115563669	     -0.04642559369591685997	      0.08807414753978534683	      1.72366391983410838229	      1.72366391983410749411	     -0.04814758003862903979	     -0.00000000000000316818	     -0.00000000000000519338	      0.01693642176250466716	      0.12979714707451067701	      0.06971984071467100808	     -0.43677065876653881071	     -0.38136154165352248446	     -0.12487428875434283815	      1.69678399226586296145	      1.39416214921757330991	      0.00000000000000043089	     -0.00000000000000029192	     -0.49624966698992339920	     -0.26046236306507214442	      0.02312660141860041138	      1.71355545861482738701	      1.35514905008496322480	     -0.00000000000000009295	     -0.00000000000000055341
      0.65100000000000002309	     -0.22555288734429487785	     -0.05098826761215561471	     -0.03192660629255280463	      0.95079378205797560053	      0.98639057522637163533	     -0.35874959825105084965	      0.51924815444764260697	      0.11722962355092696185	     -0.02729544300923677363	      0.81336186299064794358	      0.81336186299064705540	      0.29964465622760128038	     -0.00000000000000042539	      0.00000000000000041203	      0.66421771678263008543	     -0.04359420971456379190	      0.08930419312097438722	      1.72180342587336721039	      1.72180342587336610016	     -0.04240349242786899120	     -0.00000000000000321465	     -0.00000000000000526656	      0.02090471657814834544	      0.12790676858787056180	      0.07613280324257157283	     -0.42715013083457215037	     -0.38196388085813015589	     -0.12219642167432144542	      1.70098361978186640719	      1.39346708909356453709	      0.00000000000000043935	     -0.00000000000000029503	     -0.50047911247949583569	     -0.26083101674995257113	      0.02445706768262167694	      1.70791505215293648590	      1.35545922159177067989	     -0.00000000000000009422	     -0.00000000000000056727
      0.65500000000000002665	     -0.22892180578379178746	     -0.04881113265301102733	     -0.03005674717007847732	      0.95040797787820208153	      0.98677504997664855502	     -0.35907088971856770954	      0.50518105556534609324	      0.11443299615170025862	     -0.02704310410278161839	      0.80589746852176147307	      0.80589746852176047387	      0.30428708785701352735	     -0.00000000000000041630	      0.00000000000000044686	      0.68566131959064324786	     -0.04023739380429112306	      0.08991079996252010487	      1.71753370565000285097	      1.71753370565000196279	     -0.03747997109111658731	     -0.00000000000000326236	     -0.00000000000000533897	      0.02521570873292318729	      0.12538108007001874666	      0.08273086749846726706	     -0.41852180661346055635	     -0.38230410338580678165	     -0.11989511270652480901	      1.70755492295599164976	      1.39281326246700154492	      0.00000000000000044914	     -0.00000000000000029701	     -0.50596781188671557938	     -0.26144754773777661994	      0.02515219288311245846	      1.70510039980119265657	      1.35554693755544519718	     -0.00000000000000009588	     -0.00000000000000058211
      0.65900000000000003020	     -0.23211228286906090967	     -0.04613938276434300517	     -0.02834125139675268412	      0.95016205573655321270	      0.98739805455493900865	     -0.35935647142365712003	      0.48980843974394100426	      0.11128646392841393120	     -0.02641836811111889644	      0.79620746176158596619	      0.79620746176158474494	      0.30741699897187912960	     -0.00000000000000041066	      0.00000000000000044555	      0.70584988844610840886	     -0.03632770808900676746	      0.08988565363976076805	      1.71085253026137706911	      1.71085253026137618093	     -0.03342695989318303362	     -0.00000000000000331021	     -0.00000000000000541102	      0.02961222596021707495	      0.12212775394332613110	      0.08943599722380569939	     -0.41071744928429776422	     -0.38233653366171066468	     -0.11794251000117979278	      1.71630626607252145810	      1.39226079682210035493	      0.00000000000000046183	     -0.00000000000000030094	     -0.51269833087045735276	     -0.26227643828539326520	      0.02514268094216543306	      1.70504123301252130673	      1.35540371562131611860	     -0.00000000000000009600	     -0.00000000000000059605
      0.66300000000000003375	     -0.23494358168402204590	     -0.04296822385859098981	     -0.02672514911268362992	      0.95006026129156484483	      0.98826815034687931494	     -0.35960541872189122348	      0.47294020568269784510	      0.10777678114832554834	     -0.02541449782376146993	      0.78422812355643189974	      0.78422812355643045645	      0.30870152463009725707	     -0.00000000000000041451	      0.00000000000000040955	      0.72455510044521254098	     -0.03188725276383955198	      0.08925113679917137666	      1.70180407219823237597	      1.70180407219823126574	     -0.03021834712803390596	     -0.00000000000000335771	     -0.00000000000000548354	      0.03387466390618315559	      0.11811287209207059490	      0.09613956170660942213	     -0.40356554754254453377	     -0.38202725304080276114	     -0.11630699244883278831	      1.72699602908590987838	      1.39186966858537397584	      0.00000000000000047499	     -0.00000000000000030331	     -0.52061217157492856167	     -0.26327321558490029973	      0.02438486020437490367	      1.70759741998895031578	      1.35502741481398603085	     -0.00000000000000009658	     -0.00000000000000060572
      0.66700000000000003730	     -0.23728565602390652711	     -0.03934378072239780311	     -0.02513529884495689995	      0.95010322195209939711	      0.98938706921243790848	     -0.35981842782424616756	      0.45448567141311974060	      0.10392245926867463290	     -0.02409551302548752078	      0.76999726555068037648	      0.76999726555067904421	      0.30785477130432836734	     -0.00000000000000041506	      0.00000000000000039626	      0.74163028154879562237	     -0.02698911843909638716	      0.08805636153594564863	      1.69047759346847592532	      1.69047759346847503714	     -0.02775388586146500594	     -0.00000000000000340511	     -0.00000000000000555516	      0.03783913981328610593	      0.11336671300751338665	      0.10271532527533562551	     -0.39690946725573489351	     -0.38135700374752390385	     -0.11495578058029962132	      1.73935185730175034813	      1.39169359137831993856	      0.00000000000000049109	     -0.00000000000000030579	     -0.52961226927390236963	     -0.26438933044448281739	      0.02286540158676083831	      1.71256796730828164677	      1.35442323485101856484	     -0.00000000000000009516	     -0.00000000000000061129
      0.67100000000000004086	     -0.23906968928780911177	     -0.03535868747818277785	     -0.02349091978982099232	      0.95028748641273463882	      0.99074902861184188652	     -0.35999752646566535175	      0.43447051025383404133	      0.09977564727889599860	     -0.02258406404055244079	      0.75366756988527705552	      0.75366756988527572325	      0.30466954150763786435	     -0.00000000000000040633	      0.00000000000000043712	      0.75701888563872044013	     -0.02175207358086193865	      0.08637066252467502647	      1.67700223396025682732	      1.67700223396025616118	     -0.02586939992442408714	     -0.00000000000000345370	     -0.00000000000000562734	      0.04140834458688384678	      0.10798089339184786806	      0.10903466189159712052	     -0.39062147527752094645	     -0.38032258542103120069	     -0.11385678944231807097	      1.75309027501959979745	      1.39177453541018203431	      0.00000000000000050896	     -0.00000000000000031136	     -0.53956871503630943199	     -0.26557772790250905315	      0.02060314130517192088	      1.71970315302690068826	      1.35360422562255444667	     -0.00000000000000009345	     -0.00000000000000061527
      0.67500000000000004441	     -0.24029198930771733522	     -0.03114147778598188449	     -0.02171448566785499565	      0.95060532311519130300	      0.99234081516228955788	     -0.36014568894235055030	      0.41304117666621303906	      0.09541912089048443235	     -0.02104306262977299891	      0.73550706461255987989	      0.73550706461255854762	      0.29903937353982135150	     -0.00000000000000039401	      0.00000000000000049470	      0.77075444989286767683	     -0.01632956656355883523	      0.08427526215042727142	      1.66153829588639956327	      1.66153829588639867509	     -0.02435415512971138632	     -0.00000000000000350329	     -0.00000000000000569978	      0.04455460801073517219	      0.10209773526066080740	      0.11498185436453951802	     -0.38461140174168645389	     -0.37893657544008174654	     -0.11297954772654342226	      1.76793507209694311655	      1.39213840408336597676	      0.00000000000000052829	     -0.00000000000000031690	     -0.55032723001915051508	     -0.26679826865149053328	      0.01764791289297574020	      1.72871883737938425440	      1.35259125315057482375	     -0.00000000000000009079	     -0.00000000000000061658
      0.67900000000000004796	     -0.24101085112800019195	     -0.02684203836390683037	     -0.01974128891942860189	      0.95104491317133044159	      0.99414261275886672831	     -0.36026639519309133775	      0.39045570434018478378	      0.09095940427696344588	     -0.01965349819109308074	      0.71588514480227005699	      0.71588514480226861370	      0.29096738677708317011	     -0.00000000000000038640	      0.00000000000000054504	      0.78295185290768898323	     -0.01089499822533800295	      0.08185403775375690860	      1.64426536954511193223	      1.64426536954511104405	     -0.02297407584966781532	     -0.00000000000000355328	     -0.00000000000000577266	      0.04731546144715920860	      0.09589405731687930534	      0.12046706859698776138	     -0.37882974865358182148	     -0.37722535427552167375	     -0.11229512533227734017	      1.78363302482845265118	      1.39279226612111783901	      0.00000000000000054750	     -0.00000000000000032142	     -0.56171934360286590593	     -0.26802214176282218583	      0.01407667530389274113	      1.73931168384357115464	      1.35141239134442758818	     -0.00000000000000008708	     -0.00000000000000061764
      0.68300000000000005151	     -0.24133671119333655053	     -0.02261538261081679629	     -0.01752650524482709388	      0.95159098848083634170	      0.99612947092740833366	     -0.36036315191611051345	      0.36706171528609748966	      0.08651703451303890957	     -0.01859142930659989437	      0.69524536662650171515	      0.69524536662650027186	      0.28056059750223727445	     -0.00000000000000038511	      0.00000000000000056346	      0.79379051470978756466	     -0.00562507133650397978	      0.07918447730469106716	      1.62536799735179338100	      1.62536799735179204873	     -0.02149839680775949419	     -0.00000000000000360349	     -0.00000000000000584591	      0.04978251655992398800	      0.08956164232867930286	      0.12543529668799704990	     -0.37326565593129790166	     -0.37522566227684528428	     -0.11177515188366203558	      1.79996578342503243952	      1.39372344479152698860	      0.00000000000000056728	     -0.00000000000000032454	     -0.57357309264581157748	     -0.26923468152178492430	      0.00998731724227535159	      1.75117398287248082767	      1.35010175931109244196	     -0.00000000000000008235	     -0.00000000000000061741
      0.68700000000000005507	     -0.24141674331355056360	     -0.01860560176512867162	     -0.01504919324349928388	      0.95222585628442057981	      0.99827322634691417758	     -0.36043900190942956829	      0.34326488827102469292	      0.08221472299742332845	     -0.01800806333323650907	      0.67406966530768042123	      0.67406966530767897794	      0.26801084495157084797	     -0.00000000000000039372	      0.00000000000000055686	      0.80349112478603657017	     -0.00068267062416977112	      0.07633009800630409514	      1.60502008861880729462	      1.60502008861880574031	     -0.01972577597941679167	     -0.00000000000000365528	     -0.00000000000000591973	      0.05208501044007464442	      0.08328646882168616594	      0.12987049549923188052	     -0.36794057891747050659	     -0.37298030554413141857	     -0.11139016586289916810	      1.81675709924547801322	      1.39490069654831838619	      0.00000000000000058648	     -0.00000000000000032801	     -0.58572323453015817663	     -0.27043627094388678067	      0.00549057211804077940	      1.76400678764329610360	      1.34869787399387064397	     -0.00000000000000007756	     -0.00000000000000061685
      0.69100000000000005862	     -0.24141556704328595573	     -0.01493156588727724381	     -0.01231297032983350893	      0.95293070309194294332	      1.00054466230005645322	     -0.36049608279030076474	      0.31949182741007564612	      0.07816439169302537293	     -0.01801614363413055891	      0.65283923620671679977	      0.65283923620671546750	      0.25356508521986820259	     -0.00000000000000040819	      0.00000000000000051384	      0.81228816995137409496	      0.00379918147609292376	      0.07333536544192402473	      1.58336970274072585951	      1.58336970274072430520	     -0.01750596688506111942	     -0.00000000000000370615	     -0.00000000000000599294	      0.05436972499222525457	      0.07722885641475973895	      0.13379467765718694450	     -0.36289866387981312146	     -0.37053373355628255181	     -0.11110761213401997016	      1.83387489176292484139	      1.39627751384157061665	      0.00000000000000060356	     -0.00000000000000033078	     -0.59802007090356412711	     -0.27164120086789861341	      0.00070058465100926296	      1.77753038185126821524	      1.34724162105597700112	     -0.00000000000000007273	     -0.00000000000000061822
      0.69500000000000006217	     -0.24149456182617706768	     -0.01167566163104663199	     -0.00934341636299025960	      0.95368702360334800527	      1.00291563080346057824	     -0.36053532605400900879	      0.29615146615906318139	      0.07445461149854805394	     -0.01868345439158635921	      0.63199614522492730817	      0.63199614522492575386	      0.23748976120622705688	     -0.00000000000000042271	      0.00000000000000044436	      0.82040191621057456661	      0.00773048415262980650	      0.07022310254580391153	      1.56052677434012654345	      1.56052677434012521118	     -0.01475445399607722488	     -0.00000000000000375664	     -0.00000000000000606735	      0.05677976587183348328	      0.07150671591919560699	      0.13726224656882687891	     -0.35819507753420187779	     -0.36792796682025341592	     -0.11088991664239641888	      1.85122841890574063584	      1.39779716835234224526	      0.00000000000000062079	     -0.00000000000000033410	     -0.61033601649041580028	     -0.27287460379047479009	     -0.00427493849354497208	      1.79149190093976606875	      1.34577402087434405686	     -0.00000000000000006748	     -0.00000000000000061974
      0.69900000000000006573	     -0.24179270594885574064	     -0.00887663992685148659	     -0.00618252060386418039	      0.95447798216875490152	      1.00536084651306878435	     -0.36055639586993759593	      0.27359912746607611966	      0.07114021396755920712	     -0.02003271209697534902	      0.61190887549237416021	      0.61190887549237260590	      0.22003508840903579502	     -0.00000000000000043739	      0.00000000000000039121	      0.82801412319409539720	      0.01107269041049975186	      0.06699376936660608739	      1.53655666999362416902	      1.53655666999362261471	     -0.01145855516347798683	     -0.00000000000000380732	     -0.00000000000000614235	      0.05943508091375668961	      0.06618398236684773506	      0.14035027111908543462	     -0.35388373067730882759	     -0.36519921661674287217	     -0.11069314453333040094	      1.86876138020891691127	      1.39939883837524492449	      0.00000000000000063665	     -0.00000000000000033695	     -0.62256921030410217188	     -0.27416777588261587173	     -0.00934382870802566087	      1.80567041298608743638	      1.34433400098155342306	     -0.00000000000000006184	     -0.00000000000000062227
      0.70299999999999995826	     -0.24241123051805860134	     -0.00652725348240738856	     -0.00288090514397062927	      0.95528955467298459769	      1.00785915378779566964	     -0.36055792908064293600	      0.25210679666949531441	      0.06823565340896441123	     -0.02204695944213079170	      0.59284493146429173560	      0.59284493146429007027	      0.20140406393233734050	     -0.00000000000000045003	      0.00000000000000035799	      0.83525019424818625069	      0.01384140791390851312	      0.06362646518119653705	      1.51148039467792227875	      1.51148039467792072443	     -0.00767498471011111762	     -0.00000000000000386049	     -0.00000000000000621754	      0.06241697413389015597	      0.06126570173235709738	      0.14314591839099458093	     -0.35000591865630303889	     -0.36237566766660922468	     -0.11046659279711812385	      1.88644212798508648099	      1.40102413320591412393	      0.00000000000000065267	     -0.00000000000000033917	     -0.63464411681125076914	     -0.27555227661658143745	     -0.01443685143267311316	      1.81987968146029022165	      1.34295634836626387454	     -0.00000000000000005641	     -0.00000000000000062443
      0.70699999999999996181	     -0.24340347188193053873	     -0.00457695157250932044	      0.00051091060183403242	      0.95611137031019444166	      1.01039419992483647803	     -0.36053806712728475592	      0.23184252612964267870	      0.06571346698553058585	     -0.02467961017022290982	      0.57495371862612565383	      0.57495371862612398850	      0.18172924829112913070	     -0.00000000000000046645	      0.00000000000000031248	      0.84216835685648516741	      0.01610355467478210775	      0.06008215159067419042	      1.48527945733613342405	      1.48527945733613186974	     -0.00352055614000041728	     -0.00000000000000391388	     -0.00000000000000629259	      0.06575804049485849123	      0.05670045727980530664	      0.14573292414853811216	     -0.34658153193398288927	     -0.35947705119501105475	     -0.11015342189920819538	      1.90425260991901579288	      1.40262333673769234998	      0.00000000000000066842	     -0.00000000000000034101	     -0.64650989718461526756	     -0.27705323765718942175	     -0.01951272671863922559	      1.83396863363072393227	      1.34166998174856133552	     -0.00000000000000005100	     -0.00000000000000062681
      0.71099999999999996536	     -0.24477069229931647243	     -0.00293948222646503703	      0.00395088419281598886	      0.95693720804502735433	      1.01295451529864166673	     -0.36049521607856083172	      0.21286110780925046604	      0.06350842708998834241	     -0.02786801511216475610	      0.55826197636741026198	      0.55826197636740859664	      0.16105969537469025377	     -0.00000000000000049797	      0.00000000000000025790	      0.84875593278772309969	      0.01796972139572738936	      0.05630941184993230875	      1.45790323729949289344	      1.45790323729949111708	      0.00084198825446001751	     -0.00000000000000396877	     -0.00000000000000636747	      0.06943844088867638653	      0.05238998650504949478	      0.14817901921198001203	     -0.34360417755298078291	     -0.35651635727583241842	     -0.10969234383221962426	      1.92217771191954511778	      1.40416073286527143260	      0.00000000000000068377	     -0.00000000000000034304	     -0.65813745634937503848	     -0.27868248410748963639	     -0.02456028600899745271	      1.84781961341737188675	      1.34049664497640308447	     -0.00000000000000004545	     -0.00000000000000062941
      0.71499999999999996891	     -0.24646394396777851488	     -0.00150444782306596598	      0.00741235587125326553	      0.95776510242665013894	      1.01553303622561075237	     -0.36042891366379037343	      0.19510658040439979310	      0.06152668368853077274	     -0.03154822900572466088	      0.54268186239844573571	      0.54268186239844418139	      0.13935987581198230889	     -0.00000000000000053178	      0.00000000000000021539	      0.85493308076782348337	      0.01958280787175647672	      0.05225201541306150055	      1.42927862524496274155	      1.42927862524496118724	      0.00522160629821641353	     -0.00000000000000402369	     -0.00000000000000644161	      0.07338861965682275112	      0.04820453978364467457	      0.15052589522962270263	     -0.34104066571124574958	     -0.35350329480697723072	     -0.10902040374771457265	      1.94019621802166009061	      1.40561843411179432373	      0.00000000000000069815	     -0.00000000000000034508	     -0.66951555119900685309	     -0.28043250334727359840	     -0.02959748300881801311	      1.86134487018068650599	      1.33945011081482845405	     -0.00000000000000003998	     -0.00000000000000063190
      0.71899999999999997247	     -0.24839158921829104787	     -0.00015127865448031022	      0.01088857656847464807	      0.95859701953654330442	      1.01812612304471694635	     -0.36034064817494848576	      0.17842601408426098097	      0.05965835250126234196	     -0.03566808071045739215	      0.52803031169575020964	      0.52803031169574865533	      0.11652144429240900159	     -0.00000000000000056726	      0.00000000000000017120	      0.86056443247645653116	      0.02110423232949701355	      0.04785691144607438774	      1.39932277331840526635	      1.39932277331840371204	      0.00941888290569367972	     -0.00000000000000407952	     -0.00000000000000651503	      0.07749794854176839110	      0.04400169419092744838	      0.15278298812781906935	     -0.33883467790136428954	     -0.35044865616742310044	     -0.10807685790235174728	      1.95827426067320820025	      1.40699821692894677660	      0.00000000000000071305	     -0.00000000000000034682	     -0.68064602131349460912	     -0.28227247765682894620	     -0.03466716205238037918	      1.87448199263775161505	      1.33853596366196714307	     -0.00000000000000003446	     -0.00000000000000063407
      0.72299999999999997602	     -0.25043149233502665085	      0.00123595963174425501	      0.01439429547476480872	      0.95943812877842304943	      1.02073218904775564475	     -0.36023449432333204401	      0.16259294718016972792	      0.05779185453222618341	     -0.04019639388377527905	      0.51405733786919105555	      0.51405733786918927919	      0.09238636911076443525	     -0.00000000000000061415	      0.00000000000000010074	      0.86547776434543388646	      0.02269915777759543701	      0.04308167222789999889	      1.36795853371074405125	      1.36795853371074249694	      0.01324632845361426933	     -0.00000000000000413563	     -0.00000000000000658880	      0.08162816341620798832	      0.03964632649240350248	      0.15492578576038837368	     -0.33691399403283706082	     -0.34736882601517637958	     -0.10680788969678123301	      1.97636192871567328844	      1.40832110668231802464	      0.00000000000000072796	     -0.00000000000000034838	     -0.69153830676331617955	     -0.28414713535686941803	     -0.03982990831811984017	      1.88718896551355408420	      1.33775197221477237797	     -0.00000000000000002883	     -0.00000000000000063636
      0.72699999999999997957	     -0.25244616600969638220	      0.00275445932457358753	      0.01796424865540465279	      0.96029577153676792811	      1.02335014463172524479	     -0.36011747929931486878	      0.14733759656296332996	      0.05582833621775896982	     -0.04512709978237065822	      0.50048000658258673390	      0.50048000658258495754	      0.06677761237383715576	     -0.00000000000000065366	      0.00000000000000004516	      0.86948713298099444824	      0.02452224128927015662	      0.03790109691861919677	      1.33513029439877928262	      1.33513029439877772830	      0.01654604411044468745	     -0.00000000000000419200	     -0.00000000000000666144	      0.08562973228958958849	      0.03502965841670988012	      0.15689868453837821360	     -0.33520013644254992302	     -0.34428988399568205558	     -0.10517154608324949527	      1.99439342672482666785	      1.40962474802899229154	      0.00000000000000074284	     -0.00000000000000034991	     -0.70220365004602280923	     -0.28597850631071242145	     -0.04515485351127556529	      1.89943943931791880964	      1.33708901159778514867	     -0.00000000000000002325	     -0.00000000000000063837
      0.73099999999999998312	     -0.25429901912614427673	      0.00447078659785201966	      0.02164867412068077410	      0.96117824568772514127	      1.02597786472626228971	     -0.35999962715040595418	      0.13238051660934202491	      0.05369459367331531202	     -0.05047765199279165282	      0.48701852063182848873	      0.48701852063182665686	      0.03953306847585177919	     -0.00000000000000068734	     -0.00000000000000001060	      0.87241743948234329320	      0.02670532556148188033	      0.03231279997685770206	      1.30081765886990963210	      1.30081765886990807779	      0.01920204416975144004	     -0.00000000000000424760	     -0.00000000000000673372	      0.08935913303563088050	      0.03008538945591698530	      0.15862208444714501199	     -0.33361900520217668831	     -0.34125082730410827292	     -0.10314217470335874938	      2.01229073899535215730	      1.41095880156593200816	      0.00000000000000075764	     -0.00000000000000035101	     -0.71264964036291533755	     -0.28767027271480932749	     -0.05070945810191271330	      1.91121864989701162330	      1.33653245135751963524	     -0.00000000000000001761	     -0.00000000000000064021
      0.73499999999999998668	     -0.25586987979517877845	      0.00641261948320990746	      0.02550636192380864933	      0.96209355297983867317	      1.02861086332827689205	     -0.35989365485987379056	      0.11746609631924286032	      0.05135300679875465235	     -0.05628218982345621624	      0.47343087119768634263	      0.47343087119768456628	      0.01053885037665183190	     -0.00000000000000072015	     -0.00000000000000006793	      0.87412737822935826504	      0.02934824413723219685	      0.02634155084941483191	      1.26504502332906842987	      1.26504502332906687556	      0.02114589454277242958	     -0.00000000000000430272	     -0.00000000000000680643	      0.09269514629247217752	      0.02480102286001692469	      0.16000297955033734865	     -0.33211093111819284251	     -0.33830543289855896649	     -0.10071370063505440118	      2.02996979581120218228	      1.41237893683020554469	      0.00000000000000077242	     -0.00000000000000035213	     -0.72287601123296008065	     -0.28911413513419176313	     -0.05654937078944147905	      1.92252003830069151391	      1.33606386397270981981	     -0.00000000000000001184	     -0.00000000000000064195
      0.73899999999999999023	     -0.25706806060347625609	      0.00856526848994193339	      0.02959601450155529070	      0.96304825655983739008	      1.03124132749688413035	     -0.35981431487692572269	      0.10239220463914017190	      0.04880714427346514311	     -0.06258058535499022579	      0.45954269146157644688	      0.45954269146157439296	     -0.02024164742012770843	     -0.00000000000000075119	     -0.00000000000000011527	      0.87452782483226365606	      0.03251362643452546802	      0.02004210084472099473	      1.22788562816393032051	      1.22788562816392854415	      0.02235539022990189195	     -0.00000000000000435814	     -0.00000000000000687955	      0.09555237562017383779	      0.01922271945984568159	      0.16094796222597310131	     -0.33063857271826130324	     -0.33552231514704999871	     -0.09790116713918678437	      2.04734753959514526045	      1.41394019682315064124	      0.00000000000000078703	     -0.00000000000000035306	     -0.73287261124479974317	     -0.29019745024534682187	     -0.06270948288074883192	      1.93334239305117794316	      1.33566287791370719162	     -0.00000000000000000587	     -0.00000000000000064342
      0.74299999999999999378	     -0.25784161750105294431	      0.01087330947729563471	      0.03396698466932417809	      0.96404653872825329941	      1.03385760575527729799	     -0.35977742895475539608	      0.08703299475543330166	      0.04610229026039581318	     -0.06940487632866083889	      0.44526964674343233463	      0.44526964674343039174	     -0.05274593578035806363	     -0.00000000000000078387	     -0.00000000000000015665	      0.87359365619435846995	      0.03622581442795957257	      0.01350023376119180267	      1.18945982191856614030	      1.18945982191856480803	      0.02284703742582635047	     -0.00000000000000441376	     -0.00000000000000695260	      0.09789051478236861226	      0.01345305671605720281	      0.16137712098473397382	     -0.32919143574626458237	     -0.33298296279713734958	     -0.09474019878066072820	      2.06434852595097062533	      1.41569048357708582309	      0.00000000000000080165	     -0.00000000000000035395	     -0.74261980674081895515	     -0.29081134923023266303	     -0.06919710788793305423	      1.94368746508338063883	      1.33530901590019213110	     -0.00000000000000000003	     -0.00000000000000064504
      0.74699999999999999734	     -0.25818187702104433701	      0.01324661492172955236	      0.03865080664376063097	      0.96508949730653992294	      1.03644418827949191808	     -0.35979871597695528562	      0.07135275956093627137	      0.04332088765564334060	     -0.07676502362369987120	      0.43063045610328115620	      0.43063045610327904678	     -0.08680039922906485073	     -0.00000000000000081642	     -0.00000000000000019760	      0.87136820380571100575	      0.04047304617987870778	      0.00683182216996960998	      1.14992874064417893720	      1.14992874064417760493	      0.02266431456834551439	     -0.00000000000000446972	     -0.00000000000000702598	      0.09971826997346006083	      0.00764241171176120639	      0.16123671759130228653	     -0.32778636037671549097	     -0.33077780805983098000	     -0.09128436399915988708	      2.08091013387432122173	      1.41766486635704680452	      0.00000000000000081653	     -0.00000000000000035525	     -0.75209056537635954331	     -0.29085861796838735627	     -0.07598802409012529735	      1.95355823859924226937	      1.33498337508293429821	      0.00000000000000000605	     -0.00000000000000064719
      0.75100000000000000089	     -0.25812271582725793140	      0.01556970491520951773	      0.04365480615119351343	      0.96617472776582646876	      1.03898218904176298238	     -0.35989252743368815857	      0.05540958282808496754	      0.04057339726172153743	     -0.08463594792916329101	      0.41574949745702516335	      0.41574949745702310944	     -0.12211945453716682719	     -0.00000000000000084903	     -0.00000000000000023736	      0.86796022046918464010	      0.04521192558933961186	      0.00017980968998016785	      1.10948489087772572681	      1.10948489087772395045	      0.02186397878462612715	     -0.00000000000000452528	     -0.00000000000000709919	      0.10109137587750521847	      0.00197523195774556475	      0.16050861345666861402	     -0.32646394699688924268	     -0.32900055560421309631	     -0.08760064904396913654	      2.09698568208735691698	      1.41988132429476410223	      0.00000000000000083127	     -0.00000000000000035676	     -0.76125314175244118697	     -0.29026078836873869804	     -0.08302590727259191727	      1.96295803005858116030	      1.33467003785830296003	      0.00000000000000001214	     -0.00000000000000064975
      0.75500000000000000444	     -0.25773492520789048621	      0.01771326493736899085	      0.04895847069581347327	      0.96729625060505064482	      1.04145027046597471454	     -0.36007059874753966078	      0.03934902756158323994	      0.03798568163719016205	     -0.09294787103882849733	      0.40084951723960204895	      0.40084951723959993952	     -0.15831564517311205731	     -0.00000000000000088071	     -0.00000000000000027696	      0.86353383378856019004	      0.05037355928695785856	     -0.00629064019606295419	      1.06834050851632178514	      1.06834050851632000878	      0.02050237726304892164	     -0.00000000000000458016	     -0.00000000000000717182	      0.10210517304713147280	     -0.00334723624870380751	      0.15921529742431803078	     -0.32528166464307789463	     -0.32774130164356785055	     -0.08376348597545461849	      2.11254498341952334783	      1.42233836934328183865	      0.00000000000000084549	     -0.00000000000000035746	     -0.77007377146885036545	     -0.28896388391560157149	     -0.09022528310805702501	      1.97189027814158990282	      1.33435712719666410564	      0.00000000000000001835	     -0.00000000000000065216
      0.75900000000000000799	     -0.25711658301275630567	      0.01954667205631660173	      0.05451283339338999778	      0.96844483447598728176	      1.04382590705411848475	     -0.36034093033947306450	      0.02338912328747877120	      0.03568447570201285085	     -0.10158187533233099809	      0.38623603373470177802	      0.38623603373469961308	     -0.19491924811035543641	     -0.00000000000000091403	     -0.00000000000000031809	      0.85829241859729654696	      0.05587092136753820520	     -0.01239832261104628977	      1.02671422430031400452	      1.02671422430031245021	      0.01862339906617297217	     -0.00000000000000463489	     -0.00000000000000724440	      0.10288288952036030166	     -0.00812594501097445646	      0.15742001976834796295	     -0.32430484605563147937	     -0.32707920379719562787	     -0.07984793869230089047	      2.12757205648957326005	      1.42501485343468581313	      0.00000000000000085904	     -0.00000000000000035812	     -0.77851916215742478222	     -0.28694226715104159675	     -0.09747782708625210568	      1.98035871493009518751	      1.33403744404627522258	      0.00000000000000002457	     -0.00000000000000065461
      0.76300000000000001155	     -0.25638070108337879249	      0.02095051174627072382	      0.06024279370751162155	      0.96960869953681960709	      1.04608684740320279083	     -0.36070690520637588294	      0.00779846369312929555	      0.03378266598948703736	     -0.11037138082310038456	      0.37227538233306800564	      0.37227538233306584070	     -0.23140495214582609829	     -0.00000000000000094476	     -0.00000000000000035315	      0.85245807877000434605	      0.06160690052927413757	     -0.01795317983059983163	      0.98481722301514251772	      0.98481722301514074136	      0.01624958603988854375	     -0.00000000000000468945	     -0.00000000000000731658	      0.10356101066478441697	     -0.01218295167525695367	      0.15522213365832715493	     -0.32359685850941899421	     -0.32707544642004826585	     -0.07592279334379749278	      2.14205997642993573038	      1.42787201563599497334	      0.00000000000000087257	     -0.00000000000000035857	     -0.78655852224071221013	     -0.28420032236355413646	     -0.10466144308113213557	      1.98836768324744772585	      1.33370865678692762657	      0.00000000000000003061	     -0.00000000000000065692
      0.76700000000000001510	     -0.25564176276801175991	      0.02182822131170410879	      0.06605192351891008007	      0.97077452021773391611	      1.04821258092060332068	     -0.36116672567887586620	     -0.00713011968881578379	      0.03236614720906930837	     -0.11910867635254332453	      0.35936856007238693334	      0.35936856007238476840	     -0.26722192747024936521	     -0.00000000000000097042	     -0.00000000000000037677	      0.84624949919308312118	      0.06748238297597237978	     -0.02276465380051883799	      0.94284110766583906216	      0.94284110766583728580	      0.01337785133508622576	     -0.00000000000000474456	     -0.00000000000000738855	      0.10427343159939855832	     -0.01537858116711481211	      0.15274849442143481615	     -0.32320970481914351735	     -0.32776711539492031644	     -0.07204443769275929721	      2.15600325889278998659	      1.43085750475799877712	      0.00000000000000088654	     -0.00000000000000035895	     -0.79416483458160369580	     -0.28077201890484543290	     -0.11165102930174369833	      1.99592244102715898890	      1.33337303248920813203	      0.00000000000000003657	     -0.00000000000000065931
      0.77100000000000001865	     -0.25500274720643595350	      0.02211593706689557806	      0.07182922832040039562	      0.97192860638240630156	      1.05018563262615249876	     -0.36171324280964056719	     -0.02110751973516068747	      0.03148382164203063910	     -0.12755533339964567063	      0.34792328781210185573	      0.34792328781209957977	     -0.30182355211851641386	     -0.00000000000000099421	     -0.00000000000000038897	      0.83986106314390407412	      0.07340361719950254382	     -0.02665118852200393587	      0.90094960196392048779	      0.90094960196391871143	      0.00998084288699306252	     -0.00000000000000479940	     -0.00000000000000746103	      0.10513616438400157083	     -0.01762523819445875953	      0.15014199461193844520	     -0.32317611522365435883	     -0.32916255051308318524	     -0.06825228356468747426	      2.16938860585433213046	      1.43391092988229229555	      0.00000000000000090089	     -0.00000000000000036004	     -0.80131531977681924594	     -0.27671845324971949820	     -0.11832971535127684293	      2.00302935286982330965	      1.33303674218290946207	      0.00000000000000004255	     -0.00000000000000066184
      0.77500000000000002220	     -0.25454408619128671143	      0.02178936891313342297	      0.07745740790723337765	      0.97305810189382935249	      1.05199255171575467571	     -0.36233424228242466780	     -0.03387470836831026760	      0.03114197652344127820	     -0.13545595179594069335	      0.33832738090995345681	      0.33832738090995112534	     -0.33469420815768419208	     -0.00000000000000101729	     -0.00000000000000039773	      0.83344571766056074758	      0.07928797861831821114	     -0.02945017923837094098	      0.85927523950780604345	      0.85927523950780426709	      0.00601401235050960659	     -0.00000000000000485359	     -0.00000000000000753338	      0.10623431290738895305	     -0.01889617976412068939	      0.14754821404226503567	     -0.32350408245944095587	     -0.33123877750288432953	     -0.06456617101678591153	      2.18218567371299210222	      1.43697020929419960744	      0.00000000000000091541	     -0.00000000000000036071	     -0.80799123145781459598	     -0.27212357192736980060	     -0.12459941561532666965	      2.00969613072651798191	      1.33270886810481115070	      0.00000000000000004851	     -0.00000000000000066447
      0.77900000000000002576	     -0.25431576820344409251	      0.02086644276653708968	      0.08282213426899347197	      0.97415204346791173240	      1.05362448019572085833	     -0.36301321954372606227	     -0.04522413073090360280	      0.03130386246274173556	     -0.14255496590794450307	      0.33092668855742451983	      0.33092668855742218836	     -0.36537162223242697356	     -0.00000000000000104078	     -0.00000000000000040742	      0.82710366467103346722	      0.08506732791857829490	     -0.03102727320009257897	      0.81792140791905232344	      0.81792140791905054709	      0.00142762406442981690	     -0.00000000000000490834	     -0.00000000000000760586	      0.10761289432038266545	     -0.01922773728685765737	      0.14510117405547301450	     -0.32417467931219778876	     -0.33394151865599963624	     -0.06098594569362380396	      2.19433998659596607439	      1.43997782872796520337	      0.00000000000000092953	     -0.00000000000000036118	     -0.81417717696085134538	     -0.26708839955029733959	     -0.13038963077835108439	      2.01593238871009461377	      1.33240029306582252744	      0.00000000000000005429	     -0.00000000000000066699
      0.78300000000000002931	     -0.25433330396295911191	      0.01940533230792403432	      0.08782152539889886977	      0.97520214011040184943	      1.05507725628463733258	     -0.36373058663753810027	     -0.05501397821485117662	      0.03189431336517728477	     -0.14861517086602349380	      0.32600935610042974799	      0.32600935610042741652	     -0.39346365772701757946	     -0.00000000000000106434	     -0.00000000000000041913	      0.82087809553739066182	      0.09068890694745145031	     -0.03128424501891837600	      0.77696937061435389360	      0.77696937061435200622	     -0.00381788545483552517	     -0.00000000000000496416	     -0.00000000000000767784	      0.10927251456446319955	     -0.01871483471343791949	      0.14290969767364350429	     -0.32514337451000219215	     -0.33718777912775999006	     -0.05749319390417997194	      2.20576944424327603400	      1.44288625742983733780	      0.00000000000000094262	     -0.00000000000000036020	     -0.81986039487437678552	     -0.26172417337238768065	     -0.13566361015276667823	      2.02175048793129263913	      1.33212261130598474956	      0.00000000000000005981	     -0.00000000000000066914
      0.78700000000000003286	     -0.25457770897913295505	      0.01749878989412744987	      0.09237453596618251661	      0.97620319927377974256	      1.05635107570575903502	     -0.36446514458687478966	     -0.06317473812975955838	      0.03280812801693976100	     -0.15343509722197429257	      0.32379616330774674271	      0.32379616330774435573	     -0.41865865051216577530	     -0.00000000000000108860	     -0.00000000000000043389	      0.81475818504050034896	      0.09611470419956583133	     -0.03016524157681579887	      0.73648911220220758533	      0.73648911220220569795	     -0.00973557823702585548	     -0.00000000000000502000	     -0.00000000000000774936	      0.11117019450609609554	     -0.01750140199181098380	      0.14104651525840569692	     -0.32634437047298248125	     -0.34087041213018604013	     -0.05405497947407703757	      2.21636481629923220993	      1.44566196196320539968	      0.00000000000000095584	     -0.00000000000000035869	     -0.82503054399337660829	     -0.25614495164031175767	     -0.14042119027139537968	      2.02716631694604432212	      1.33188714255087758964	      0.00000000000000006528	     -0.00000000000000067124
      0.79100000000000003642	     -0.25499926901927782996	      0.01526594165212495288	      0.09642705774737725388	      0.97715320874096200932	      1.05744976062452189502	     -0.36519562495201213226	     -0.06970816095707223214	      0.03392069989680984027	     -0.15686250678817303950	      0.32443615042009332772	      0.32443615042009088523	     -0.44072896620641816012	     -0.00000000000000111258	     -0.00000000000000044905	      0.80868888459260190871	      0.10132028973255846616	     -0.02766131429313192086	      0.69655252165951264676	      0.69655252165951064836	     -0.01629725468712467720	     -0.00000000000000507612	     -0.00000000000000782058	      0.11322514019215136616	     -0.01576760033344798070	      0.13954196182485509303	     -0.32769730591524282026	     -0.34486396402216573653	     -0.05062930122878796235	      2.22599415194628580394	      1.44828760054237104526	      0.00000000000000096989	     -0.00000000000000035826	     -0.82968024584148303280	     -0.25046036266898863420	     -0.14469790233494331244	      2.03219962801661813145	      1.33170410031692920683	      0.00000000000000007085	     -0.00000000000000067346
      0.79500000000000003997	     -0.25552430984365032129	      0.01284229390183902128	      0.09995518113337026334	      0.97805308613803854101	      1.05837975811720763630	     -0.36590213286113992819	     -0.07467954989528542697	      0.03509965499154379942	     -0.15880281808506765961	      0.32800708530357847170	      0.32800708530357597370	     -0.45952876022365063413	     -0.00000000000000113751	     -0.00000000000000046426	      0.80258583245931258698	      0.10629340300155454280	     -0.02381278546113307221	      0.65724699655558016520	      0.65724699655557827782	     -0.02342255257764851856	     -0.00000000000000513225	     -0.00000000000000789161	      0.11532842568921966575	     -0.01371515810841578836	      0.13838279395615477041	     -0.32911548227836678882	     -0.34903131024739392219	     -0.04717165978844847091	      2.23451062305091152638	      1.45076222547569222421	      0.00000000000000098374	     -0.00000000000000035717	     -0.83380611994815412302	     -0.24476916979008533914	     -0.14856047350098902649	      2.03687366744361852966	      1.33158195351570385334	      0.00000000000000007647	     -0.00000000000000067539
      0.79900000000000004352	     -0.25606385774244583287	      0.01036851804986368975	      0.10296550690105410464	      0.97890613754103927846	      1.05914901780401815579	     -0.36656735854077932002	     -0.07820479166966379236	      0.03621656946389630038	     -0.15922232576214390143	      0.33452048704639497645	      0.33452048704639258947	     -0.47498779085135339750	     -0.00000000000000116255	     -0.00000000000000047906	      0.79635295798694583080	      0.11103211755040032216	     -0.01870886174911517985	      0.61868738643944598543	      0.61868738643944409805	     -0.03097388276040523303	     -0.00000000000000518842	     -0.00000000000000796328	      0.11735503163135983795	     -0.01155169581440852571	      0.13751574125229601431	     -0.33051473435563377690	     -0.35323074826514966329	     -0.04364196113672708793	      2.24176301044489312275	      1.45309950381833741240	      0.00000000000000099729	     -0.00000000000000035581	     -0.83740966211220357884	     -0.23915431677339249461	     -0.15209922389600530335	      2.04121400040310341240	      1.33152700922691158425	      0.00000000000000008208	     -0.00000000000000067743
      0.80300000000000004707	     -0.25652314220422112179	      0.00797881797217561868	      0.10549267494461653238	      0.97971730974283743887	      1.05976587040615166657	     -0.36717746592955474716	     -0.08043385726559462712	      0.03715790463971657687	     -0.15814662951196434282	      0.34393034246628556572	      0.34393034246628312323	     -0.48710531335495438343	     -0.00000000000000118707	     -0.00000000000000049315	      0.78990041383297637800	      0.11554249743078055801	     -0.01248427035975276100	      0.58102458844207804933	      0.58102458844207627298	     -0.03875831947826736262	     -0.00000000000000524409	     -0.00000000000000803510	      0.11917670018946524557	     -0.00947503612168881619	      0.13685499509866094758	     -0.33182215825961369760	     -0.35732320579770060487	     -0.04001108184421566655	      2.24760777968655034442	      1.45532416245850915182	      0.00000000000000100951	     -0.00000000000000035243	     -0.84049736645438832827	     -0.23367994749438200652	     -0.15541815047377227632	      2.04524668336151238535	      1.33154324090800968428	      0.00000000000000008746	     -0.00000000000000067919
      0.80700000000000005063	     -0.25681129192882889978	      0.00579026119247850503	      0.10759463036355254584	      0.98049214729494504894	      1.06023772027228480042	     -0.36772268372863792241	     -0.08153306444861144198	      0.03783476417075466031	     -0.15565467138952635007	      0.35614432270718554552	      0.35614432270718304752	     -0.49595241952541424535	     -0.00000000000000121130	     -0.00000000000000050713	      0.78316017240280699774	      0.11983571895142000607	     -0.00531290314174496636	      0.54444957794921655658	      0.54444957794921466920	     -0.04653653002885790868	     -0.00000000000000529997	     -0.00000000000000810703	      0.12067378342829476745	     -0.00765839174080510093	      0.13629216061876917032	     -0.33298445308829033307	     -0.36117923383254957326	     -0.03626669437631784010	      2.25192077593118034073	      1.45746711063188105761	      0.00000000000000102152	     -0.00000000000000034910	     -0.84307893125596811146	     -0.22839072376586985746	     -0.15862377158448073833	      2.04899619376419961370	      1.33163242518249402835	      0.00000000000000009287	     -0.00000000000000068113
      0.81100000000000005418	     -0.25685064910509219915	      0.00389445593987356288	      0.10934586639790197515	      0.98123578021975932373	      1.06056986708793199448	     -0.36819744082369598726	     -0.08166762945816229136	      0.03819003945051850646	     -0.15187266683148947788	      0.37103466112004140909	      0.37103466112003874455	     -0.50166268074911279928	     -0.00000000000000123558	     -0.00000000000000052145	      0.77609883181339600622	      0.12392479860061311747	      0.00260020636298379654	      0.50919223916012734676	      0.50919223916012545939	     -0.05403812325985290349	     -0.00000000000000535550	     -0.00000000000000817876	      0.12174611399692296387	     -0.00623870894321483255	      0.13570820705135216988	     -0.33397444235394108114	     -0.36468506823036683784	     -0.03241752174101063255	      2.25460797354651409918	      1.45955987354015959134	      0.00000000000000103437	     -0.00000000000000034734	     -0.84516510768241559504	     -0.22331332225171779404	     -0.16181421011906260699	      2.05248396621929662942	      1.33179435945308566325	      0.00000000000000009823	     -0.00000000000000068305
      0.81500000000000005773	     -0.25658169794327190250	      0.00234988135318450102	      0.11082971000775314330	      0.98195314587598414580	      1.06076689895747344750	     -0.36859980887986409925	     -0.08098396640240038136	      0.03819772373648130936	     -0.14695882415965960677	      0.38845801980291033706	      0.38845801980290772804	     -0.50433196180897366112	     -0.00000000000000125994	     -0.00000000000000053690	      0.76872676297404685108	      0.12782233868032136237	      0.01102804367181396510	      0.47551371308590623110	      0.47551371308590439924	     -0.06098277257481131419	     -0.00000000000000541146	     -0.00000000000000825000	      0.12232296481768933916	     -0.00531072623504729932	      0.13498737995022605518	     -0.33479162893114389199	     -0.36774734830483385428	     -0.02849456023002155947	      2.25561780787479770893	      1.46162898366603988265	      0.00000000000000104817	     -0.00000000000000034746	     -0.84677075430658799160	     -0.21845864347596455346	     -0.16506946366307623242	      2.05572648430296256450	      1.33202726011060912370	      0.00000000000000010351	     -0.00000000000000068477
      0.81900000000000006128	     -0.25596792546104379928	      0.00117935758421970193	      0.11213055174305289197	      0.98264772079909246116	      1.06083126777783776085	     -0.36893124559000056717	     -0.07960162139440249418	      0.03786623564229466693	     -0.14109564584572500956	      0.40825483880802365677	      0.40825483880802104775	     -0.50415029441944803068	     -0.00000000000000128439	     -0.00000000000000055161	      0.76109646062145053236	      0.13153695983829738481	      0.01973371198245331415	      0.44369382065609330734	      0.44369382065609141996	     -0.06710499134225529627	     -0.00000000000000546752	     -0.00000000000000832131	      0.12236498480154918422	     -0.00492062915894279744	      0.13402706241103076734	     -0.33546516132001180654	     -0.37029695620806940548	     -0.02455186622777216082	      2.25494319599242398766	      1.46369121609196284339	      0.00000000000000106268	     -0.00000000000000035063	     -0.84790798046461146598	     -0.21382658934568279929	     -0.16844328783882275835	      2.05873358061290367971	      1.33232849850400114633	      0.00000000000000010864	     -0.00000000000000068675
      0.82300000000000006484	     -0.25499754201022928335	      0.00037119724924312433	      0.11332546292146934708	      0.98332122697257984267	      1.06076322921974441904	     -0.36919581352760688642	     -0.07760696150449410136	      0.03723570622651019985	     -0.13447672128967616545	      0.43025974248357912177	      0.43025974248357651275	     -0.50134498446884634415	     -0.00000000000000130895	     -0.00000000000000056532	      0.75329743542928429001	      0.13507048849791675194	      0.02848054551305673546	      0.41401375567095394237	      0.41401375567095205499	     -0.07218086800755536825	     -0.00000000000000552349	     -0.00000000000000839308	      0.12186508063790373046	     -0.00506656036079547283	      0.13274799437007858693	     -0.33605136713630984202	     -0.37229077884014716293	     -0.02066414483535402788	      2.25262161961694973300	      1.46575029577406779069	      0.00000000000000107805	     -0.00000000000000035610	     -0.84858389546277335214	     -0.20941063088739417242	     -0.17195833268442886621	      2.06150731406554976743	      1.33269496793974484561	      0.00000000000000011369	     -0.00000000000000068894
      0.82699999999999995737	     -0.25368154974216833297	     -0.00011737762425292456	      0.11447731857807967593	      0.98397375826393662646	      1.06056124502439153012	     -0.36939931455614943845	     -0.07505244149226265871	      0.03637284293972282978	     -0.12729591682425478449	      0.45430536892014294903	      0.45430536892014028449	     -0.49617962870642656759	     -0.00000000000000133389	     -0.00000000000000057731	      0.74544528334094484201	      0.13841518014869050313	      0.03704180747441024324	      0.38673622446233357763	      0.38673622446233174577	     -0.07605319735906979073	     -0.00000000000000557928	     -0.00000000000000846561	      0.12084554822044923927	     -0.00570230482494982552	      0.13110128882936755712	     -0.33662824709203131857	     -0.37371192174685036180	     -0.01692205752213354550	      2.24873101552318699348	      1.46779539393839719708	      0.00000000000000109225	     -0.00000000000000036242	     -0.84879914554267432703	     -0.20520194622673010310	     -0.17560437866224437586	      2.06404075029356093296	      1.33312342995840182880	      0.00000000000000011885	     -0.00000000000000069133
      0.83099999999999996092	     -0.25204933679971214255	     -0.00035476676881695044	      0.11562985780424496485	      0.98460417314920845033	      1.06022254296817441954	     -0.36954841242872099594	     -0.07196008317769900242	      0.03536403131564378605	     -0.11973903825598522510	      0.48022440371744812282	      0.48022440371744551380	     -0.48895289944956982220	     -0.00000000000000135902	     -0.00000000000000058928	      0.73766718759159044527	      0.14155114822304684652	      0.04520866231780384936	      0.36208567520772605430	      0.36208567520772416692	     -0.07865173602631772565	     -0.00000000000000563530	     -0.00000000000000853785	      0.11935262899396821556	     -0.00674385010149655770	      0.12907163830233636670	     -0.33728802042345273904	     -0.37456833538950695672	     -0.01342565089067288518	      2.24338196636323461419	      1.46980159968774448664	      0.00000000000000110567	     -0.00000000000000036969	     -0.84854720731150723445	     -0.20119301063593847401	     -0.17933997356996261852	      2.06631721807070078967	      1.33361071179918955210	      0.00000000000000012413	     -0.00000000000000069397
      0.83499999999999996447	     -0.25014255604861951321	     -0.00042804309979766912	      0.11680502808736439868	      0.98521067424747332808	      1.05974375024573230775	     -0.36964981726521711769	     -0.06832818017107129827	      0.03430722538877201133	     -0.11197834189253913495	      0.50785024366578868094	      0.50785024366578590538	     -0.47999613263597606938	     -0.00000000000000138439	     -0.00000000000000060125	      0.73008602561523761043	      0.14444450436662806259	      0.05279583882416253454	      0.34023114635022683183	      0.34023114635022494445	     -0.08000617411040560067	     -0.00000000000000569161	     -0.00000000000000861020	      0.11744939116115146738	     -0.00807826287819412951	      0.12667666153076487245	     -0.33812863972295226223	     -0.37488997908230720091	     -0.01027662271991171272	      2.23670733854025938214	      1.47173226480292562712	      0.00000000000000111916	     -0.00000000000000037607	     -0.84781464493955338568	     -0.19738038173728905678	     -0.18309721804954265378	      2.06831043838032924143	      1.33415373453163565998	      0.00000000000000012943	     -0.00000000000000069705
      0.83899999999999996803	     -0.24800825818091448705	     -0.00043496759144610035	      0.11800263762278626056	      0.98579147069943917625	      1.05912151412087407465	     -0.36970958663536784838	     -0.06414007677186239764	      0.03330314549706257093	     -0.10416965897988597622	      0.53701654230731654671	      0.53701654230731366013	     -0.46966861162902473481	     -0.00000000000000140931	     -0.00000000000000061351	      0.72280546955237678919	      0.14704690583078783295	      0.05964460466142103984	      0.32127414940346427086	      0.32127414940346227246	     -0.08025016400845495779	     -0.00000000000000574793	     -0.00000000000000868278	      0.11520789880739286393	     -0.00957438598259547843	      0.12396292404805570042	     -0.33924521918540406773	     -0.37472471218493647038	     -0.00757034862521047038	      2.22885077732479608414	      1.47354292018040400336	      0.00000000000000113363	     -0.00000000000000038365	     -0.84658253521539794662	     -0.19376648609976060422	     -0.18678914815085848056	      2.06998595779967198283	      1.33474936502323071608	      0.00000000000000013468	     -0.00000000000000069999
      0.84299999999999997158	     -0.24569229306231049614	     -0.00047552918991693188	      0.11920223521150921653	      0.98634542488537335636	      1.05835303214272902217	     -0.36973259387580581503	     -0.05937370425677372665	      0.03244637833275762495	     -0.09645174080006675699	      0.56755618570199040107	      0.56755618570198751449	     -0.45834966988450681624	     -0.00000000000000143399	     -0.00000000000000062536	      0.71589819161193379848	      0.14929699990681399857	      0.06562311535500744974	      0.30524335374846345292	      0.30524335374846139901	     -0.07961534040567866399	     -0.00000000000000580402	     -0.00000000000000875492	      0.11270165986199633112	     -0.01109462257754415676	      0.12099924945489651251	     -0.34072224922783733714	     -0.37413322913612867548	     -0.00538845808089849759	      2.21995529400723246027	      1.47518630337723255508	      0.00000000000000114853	     -0.00000000000000039327	     -0.84482902193590991846	     -0.19036036191654290284	     -0.19031891854537263953	      2.07130389805778625245	      1.33539412467983886756	      0.00000000000000013996	     -0.00000000000000070256
      0.84699999999999997513	     -0.24323401971940464272	     -0.00064375579835983493	      0.12036707894538473118	      0.98687258891518192527	      1.05743642318118014067	     -0.36972222746091715218	     -0.05401032139991678027	      0.03181705366909719918	     -0.08894733506580733418	      0.59930069897991922190	      0.59930069897991644634	     -0.44642701698564307700	     -0.00000000000000145787	     -0.00000000000000063724	      0.70939892501059154117	      0.15112396360843499687	      0.07062473576342025161	      0.29209700705241387064	      0.29209700705241181673	     -0.07841485280635319965	     -0.00000000000000586001	     -0.00000000000000882685	      0.10999940106611741375	     -0.01250672189158567003	      0.11786796298149668227	     -0.34262732969916498416	     -0.37318352451051656216	     -0.00379253023531451235	      2.21015292882443725730	      1.47661783632988918846	      0.00000000000000116352	     -0.00000000000000040263	     -0.84253269386537643637	     -0.18717744805214797665	     -0.19358968235968476712	      2.07222243782928661204	      1.33608383654433637844	      0.00000000000000014541	     -0.00000000000000070507
      0.85099999999999997868	     -0.24066314522672366261	     -0.00102048230225323141	      0.12144991165895274721	      0.98737454601392982134	      1.05637088348826391204	     -0.36968036456219166563	     -0.04804110861005565086	      0.03147372497329566088	     -0.08176539278059771765	      0.63208097484736580629	      0.63208097484736291971	     -0.43428119533642595140	     -0.00000000000000148215	     -0.00000000000000064905	      0.70330357003819432560	      0.15245306806265515598	      0.07456513082330513964	      0.28173331771846477078	      0.28173331771846271687	     -0.07701686851772043818	     -0.00000000000000591585	     -0.00000000000000889814	      0.10716096142231253119	     -0.01369451379542180151	      0.11465484047853378990	     -0.34500694427724271085	     -0.37194539289452410724	     -0.00281939863835902957	      2.19955635843769625737	      1.47780085874652722389	      0.00000000000000117979	     -0.00000000000000041313	     -0.83967639163389273804	     -0.18423854257404639889	     -0.19651406670989626790	      2.07270143255371586122	      1.33681329231961032455	      0.00000000000000015100	     -0.00000000000000070796
      0.85499999999999998224	     -0.23799894892536890834	     -0.00166741078776887295	      0.12239994432768686039	      0.98785449246703682658	      1.05515661224950485497	     -0.36960759761219308395	     -0.04147093340839371617	      0.03144780750598460267	     -0.07500369322365169067	      0.66572956140826899940	      0.66572956140826600180	     -0.42226733304871855168	     -0.00000000000000150664	     -0.00000000000000066020	      0.69757442994889251597	      0.15321294631236798134	      0.07737892897803308467	      0.27400785424242435351	      0.27400785424242235511	     -0.07581023977754039467	     -0.00000000000000597140	     -0.00000000000000896930	      0.10423540348188507776	     -0.01456698957888482616	      0.11143885553547260014	     -0.34788445556239516732	     -0.37048537077909265980	     -0.00247856991705561192	      2.18825327666398239401	      1.47871098107122023180	      0.00000000000000119595	     -0.00000000000000042318	     -0.83625090494518061757	     -0.18156811706785333516	     -0.19902236149200266957	      2.07270606205689889023	      1.33757598321767434690	      0.00000000000000015655	     -0.00000000000000071120
      0.85899999999999998579	     -0.23525172855133641425	     -0.00262257422276012840	      0.12317025511677012761	      0.98831701709252617327	      1.05379452800693518277	     -0.36950365482348807022	     -0.03431909360771598361	      0.03173973308497261142	     -0.06875112312731143649	      0.70008428432420755083	      0.70008428432420444221	     -0.41069616109012374583	     -0.00000000000000153125	     -0.00000000000000067132	      0.69215085233967366118	      0.15334405209664575542	      0.07901675990176185160	      0.26875615268788416445	      0.26875615268788205503	     -0.07516571090736516580	     -0.00000000000000602663	     -0.00000000000000903922	      0.10126099047465671188	     -0.01506541484516572653	      0.10828297968777629567	     -0.35126023664220734632	     -0.36886244955609570617	     -0.00275220784970833928	      2.17630427316124697157	      1.47933898740854385956	      0.00000000000000121137	     -0.00000000000000043299	     -0.83225797022765912736	     -0.17919220750955072718	     -0.20106871243843701946	      2.07221064237415308895	      1.33836391449283054200	      0.00000000000000016209	     -0.00000000000000071446
      0.86299999999999998934	     -0.23242603622011265285	     -0.00389730885108561728	      0.12372484835059713304	      0.98876758345562754116	      1.05228582144932114595	     -0.36936795708878855660	     -0.02661725256108456519	      0.03231693121686984860	     -0.06308903916410890655	      0.73499272177142371820	      0.73499272177142060958	     -0.39981625033101420019	     -0.00000000000000155612	     -0.00000000000000068206	      0.68696388205335723320	      0.15280760312102534271	      0.07944341953115104105	      0.26581907450912783952	      0.26581907450912573010	     -0.07539631492983098204	     -0.00000000000000608154	     -0.00000000000000910916	      0.09826657753634231163	     -0.01516815367801332276	      0.10522699466947228741	     -0.35511359562341898721	     -0.36712479947251092094	     -0.00359772401734825440	      2.16374430389934824248	      1.47969193959965594765	      0.00000000000000122506	     -0.00000000000000044206	     -0.82771210747475276737	     -0.17713609462160756491	     -0.20263481801342431154	      2.07120232595203157544	      1.33916753126741872038	      0.00000000000000016776	     -0.00000000000000071724
      0.86699999999999999289	     -0.22952483357806066633	     -0.00547497752315994225	      0.12404449670964354246	      0.98921180278032716515	      1.05063141868173559601	     -0.36920024529219330756	     -0.01840544712157415885	      0.03311387051973990053	     -0.05809122858940608813	      0.77031669708537953145	      0.77031669708537642283	     -0.38979939537204211231	     -0.00000000000000158138	     -0.00000000000000069281	      0.68195241085918345547	      0.15159394566686054673	      0.07863891085070191800	      0.26506765004464505342	      0.26506765004464277746	     -0.07671014223270894439	     -0.00000000000000613677	     -0.00000000000000917945	      0.09527375815238031675	     -0.01489265712396502760	      0.10228304260199228004	     -0.35940587454702294101	     -0.36530770497071596292	     -0.00495249816266510670	      2.15058707308065111263	      1.47979238289798975536	      0.00000000000000123833	     -0.00000000000000045002	     -0.82264102759643065177	     -0.17542194484702261503	     -0.20373085096876208944	      2.06968385650958053290	      1.33997581083654493384	      0.00000000000000017331	     -0.00000000000000071968
      0.87099999999999999645	     -0.22655661561749826372	     -0.00731063332315578726	      0.12413324512761299279	      0.98965397372838681544	      1.04883232807422910327	     -0.36900134921991917247	     -0.00972550915382494260	      0.03403176555697644268	     -0.05382484994018954527	      0.80593694327448406334	      0.80593694327448095471	     -0.38073066298502256100	     -0.00000000000000160670	     -0.00000000000000070346	      0.67708148347643126730	      0.14973059179358957915	      0.07659167670621158663	      0.26642342839561478085	      0.26642342839561250489	     -0.07929939768456874261	     -0.00000000000000619198	     -0.00000000000000924997	      0.09230015920090550718	     -0.01429644999217410950	      0.09943261787448184896	     -0.36408177919259299138	     -0.36343279431414127201	     -0.00673959541418895497	      2.13683096546681872141	      1.47967623702411965603	      0.00000000000000125156	     -0.00000000000000045756	     -0.81708644234674976392	     -0.17406633606431876071	     -0.20439380507847737523	      2.06767434623425794271	      1.34077642258795304286	      0.00000000000000017878	     -0.00000000000000072209
      0.87500000000000000000	     -0.22353685391166211449	     -0.00933523274652081972	      0.12401625698530302500	      0.99009630414837146439	      1.04688960092040095340	     -0.36877342385729733332	     -0.00061938375830345306	      0.03494647538383349045	     -0.05034330965767598587	      0.84175474199183875079	      0.84175474199183564217	     -0.37260490759520781268	     -0.00000000000000163176	     -0.00000000000000071416	      0.67234886682475014652	      0.14728471868788806098	      0.07332174406738579953	      0.26987654023869334097	      0.26987654023869112052	     -0.08303100274269022141	     -0.00000000000000624690	     -0.00000000000000932004	      0.08935881010649274203	     -0.01346986691758180789	      0.09663100698562546165	     -0.36907546252370659889	     -0.36150970237555946074	     -0.00887542785597591512	      2.12246738688669944750	      1.47938801016250098819	      0.00000000000000126415	     -0.00000000000000046512	     -0.81110048761769770742	     -0.17307918487223056259	     -0.20468290101054550933	      2.06520962844971078809	      1.34155636429185776137	      0.00000000000000018419	     -0.00000000000000072455
      0.87900000000000000355	     -0.22049153467364315806	     -0.01145632821021148537	      0.12374283216523217221	      0.99053850505707030649	      1.04480274988896426613	     -0.36852070153719651557	      0.00888089111314889663	      0.03571201265964862870	     -0.04768778162193092196	      0.87769404395680006292	      0.87769404395679684328	     -0.36532905019419464887	     -0.00000000000000165611	     -0.00000000000000072516	      0.66779951747207211277	      0.14436827123135559381	      0.06887417570096950048	      0.27548750612000760807	      0.27548750612000538762	     -0.08769839143873461862	     -0.00000000000000630208	     -0.00000000000000939003	      0.08646328375808677580	     -0.01253312135313255395	      0.09380675413336067581	     -0.37431713847980541132	     -0.35953523558977801278	     -0.01127639924359607505	      2.10748503380656648787	      1.47897679285525529558	      0.00000000000000127662	     -0.00000000000000047320	     -0.80473613481866679287	     -0.17246450924412645711	     -0.20467349601215992227	      2.06233739499891699509	      1.34230240105662912420	      0.00000000000000018960	     -0.00000000000000072699
      0.88300000000000000711	     -0.21745870841478412427	     -0.01356361114627376713	      0.12338374635048864059	      0.99097685339139995886	      1.04257109154461291567	     -0.36824959705449800129	      0.01875658806480626217	      0.03616662962453957159	     -0.04588224571738892116	      0.91370119901290225428	      0.91370119901289914566	     -0.35873177428297225999	     -0.00000000000000168004	     -0.00000000000000073589	      0.66352639912363220454	      0.14113466078760750211	      0.06332532494351382490	      0.28338517887942132889	      0.28338517887941905293	     -0.09295589043417706865	     -0.00000000000000635756	     -0.00000000000000945929	      0.08362748336629875767	     -0.01162841887664799179	      0.09086931455239824484	     -0.37973210272001373111	     -0.35749691161414964835	     -0.01386428226795157446	      2.09187597281492587697	      1.47849119252696770133	      0.00000000000000128934	     -0.00000000000000048083	     -0.79804599925077235323	     -0.17221827975468947947	     -0.20444978294825189025	      2.05911187250263383319	      1.34300167248983748358	      0.00000000000000019503	     -0.00000000000000072899
      0.88700000000000001066	     -0.21448689253798389198	     -0.01553489817337765956	      0.12302602332392634232	      0.99140399410669077795	      1.04019460201167901481	     -0.36796855983536602697	      0.02900475836193110862	      0.03614095549527111123	     -0.04492957712618665667	      0.94974253296581867545	      0.94974253296581545580	     -0.35257954463252089150	     -0.00000000000000170389	     -0.00000000000000074643	      0.65966505341324399581	      0.13777275008655651134	      0.05679133671083734514	      0.29375157714208438575	      0.29375157714208210979	     -0.09832981746434865666	     -0.00000000000000641316	     -0.00000000000000952903	      0.08086500354177164618	     -0.01091075893502414969	      0.08771712993822684823	     -0.38524262979843326704	     -0.35537618700937717575	     -0.01657087414690497015	      2.07563927903665446095	      1.47797466402546628927	      0.00000000000000130228	     -0.00000000000000048873	     -0.79107651655043764727	     -0.17232851208075417038	     -0.20409707593543960358	      2.05558699222695429043	      1.34364228628270510058	      0.00000000000000020050	     -0.00000000000000073096
      0.89100000000000001421	     -0.21163109706891014561	     -0.01724321688578198813	      0.12276570999854098665	      0.99180922354254241746	      1.03767511275751123101	     -0.36768760235702252492	      0.03963852275508011891	      0.03546712090404985362	     -0.04480866484796137278	      0.98579960915690589829	      0.98579960915690267864	     -0.34659810834098248034	     -0.00000000000000172740	     -0.00000000000000075675	      0.65638136925637702301	      0.13449695468685751720	      0.04943257911135081478	      0.30679699161153028975	      0.30679699161152806930	     -0.10324965898919907792	     -0.00000000000000646858	     -0.00000000000000959899	      0.07818745377926747397	     -0.01053780409397887460	      0.08424652725071778148	     -0.39076934521210993090	     -0.35315185406821214542	     -0.01934116951215216970	      2.05878258817907378031	      1.47746179308713232459	      0.00000000000000131525	     -0.00000000000000049654	     -0.78386185562988153208	     -0.17277598380492534269	     -0.20369449426330715758	      2.05180869871630688905	      1.34421379821925990328	      0.00000000000000020608	     -0.00000000000000073294
      0.89500000000000001776	     -0.20894698727340696442	     -0.01856486835000844063	      0.12269902032839505313	      0.99217924881181329688	      1.03501768100898061675	     -0.36741752458012977289	      0.05068509193842191118	      0.03398856441838732367	     -0.04547252535026574671	      1.02186265683754751166	      1.02186265683754440303	     -0.34049723913557439214	     -0.00000000000000175132	     -0.00000000000000076686	      0.65385338317970720379	      0.13153399804974050258	      0.04145505305342499919	      0.32272739814749246134	      0.32272739814749024090	     -0.10708991079932307644	     -0.00000000000000652409	     -0.00000000000000967034	      0.07560197465432159925	     -0.01065918879424418604	      0.08036088357909372537	     -0.39623216624569412847	     -0.35080337083393409170	     -0.02213481057396860657	      2.04132137897700127738	      1.47697587529162932540	      0.00000000000000132812	     -0.00000000000000050429	     -0.77641823579689839274	     -0.17353549013892838326	     -0.20330856553067430670	      2.04780684130069090543	      1.34470756669428470609	      0.00000000000000021170	     -0.00000000000000073485
      0.89900000000000002132	     -0.20648446786983606915	     -0.01938806350993331831	      0.12291272225592897449	      0.99249927288122463676	      1.03223187019821938115	     -0.36716891695126807615	      0.06218199087247554269	      0.03156996727329593883	     -0.04684745256196264779	      1.05792307882046965339	      1.05792307882046654477	     -0.33399574595176700909	     -0.00000000000000177516	     -0.00000000000000077718	      0.65224919547585602508	      0.12910740429148997999	      0.03310775683924264273	      0.34170783252326225599	      0.34170783252326003554	     -0.10921848163884291527	     -0.00000000000000658024	     -0.00000000000000974271	      0.07310851481150325293	     -0.01140591072687445300	      0.07597919315903985116	     -0.40155087886923562790	     -0.34831387028111465698	     -0.02492559008584971370	      2.02327576144489373888	      1.47652806349609555525	      0.00000000000000134092	     -0.00000000000000051188	     -0.76873929202714874620	     -0.17457758201684533961	     -0.20298815183627666459	      2.04358695287093983239	      1.34511698896686038296	      0.00000000000000021731	     -0.00000000000000073639
      0.90300000000000002487	     -0.20428203353897980699	     -0.01962139657048379837	      0.12347470631052752388	      0.99275419115463758857	      1.02933262272785364111	     -0.36695104358589497595	      0.07417203010306550048	      0.02810656552808354913	     -0.04883327182370920949	      1.09396588214905410297	      1.09396588214905099434	     -0.32684438837366319719	     -0.00000000000000179851	     -0.00000000000000078758	      0.65170336143656260042	      0.12742108251253694839	      0.02467533773866010041	      0.36382582196975687960	      0.36382582196975465916	     -0.10904733321016851777	     -0.00000000000000663656	     -0.00000000000000981647	      0.07069733801258128170	     -0.01288071198178251248	      0.07104336701180428981	     -0.40664542428024419429	     -0.34567265527206120224	     -0.02769902934461126315	      2.00466513655305256236	      1.47611817756079943820	      0.00000000000000135368	     -0.00000000000000051960	     -0.76079315354583876285	     -0.17587057499831684759	     -0.20276110399658292538	      2.03912275374124130067	      1.34543761989689869552	      0.00000000000000022304	     -0.00000000000000073803
      0.90700000000000002842	     -0.20236290474768206527	     -0.01920100511575537072	      0.12442571033087418408	      0.99292971282138975386	      1.02634042081688536818	     -0.36677072526615800419	      0.08669770413316892077	      0.02353186616772385414	     -0.05130481734095849317	      1.12996266954040658348	      1.12996266954040347485	     -0.31884516926532002756	     -0.00000000000000182244	     -0.00000000000000079826	      0.65229454093689864802	      0.12664372292607931070	      0.01646590511578200494	      0.38905933614003429533	      0.38905933614003201937	     -0.10608022774060295312	     -0.00000000000000669223	     -0.00000000000000989305	      0.06834724478445464158	     -0.01515070552786068614	      0.06552380578726681171	     -0.41143625141602807593	     -0.34287699570002860838	     -0.03044842565827066486	      1.98550204572769017908	      1.47573703349235318960	      0.00000000000000136659	     -0.00000000000000052714	     -0.75252191562466108632	     -0.17738250116735201911	     -0.20263308250509479147	      2.03435103469601363813	      1.34566716215517190314	      0.00000000000000022873	     -0.00000000000000073988
      0.91100000000000003197	     -0.20073333191486703031	     -0.01809538760374589106	      0.12577307498875786584	      0.99301334924068707100	      1.02328057682854067778	     -0.36663136428773362985	      0.09979590630532089723	      0.01782304281243272254	     -0.05411477054550861004	      1.16586570049250415337	      1.16586570049250104475	     -0.30986573628583424789	     -0.00000000000000184684	     -0.00000000000000080937	      0.65402731299706373669	      0.12689554291742402570	      0.00879443323139570896	      0.41725317235894865409	      0.41725317235894643364	     -0.09995237852010703528	     -0.00000000000000674799	     -0.00000000000000997117	      0.06602520013410728694	     -0.01824314739321645368	      0.05942289259778908012	     -0.41584531753638792617	     -0.33993305698813974791	     -0.03316997320608226080	      1.96578682134799587189	      1.47536999163200555074	      0.00000000000000137998	     -0.00000000000000053471	     -0.74384411369183345286	     -0.17908264646267890718	     -0.20258875016038582761	      2.02917044933546231178	      1.34580532516048068103	      0.00000000000000023444	     -0.00000000000000074173
      0.91500000000000003553	     -0.19938279712106407593	     -0.01630772237413070577	      0.12748714098224647739	      0.99299530581781902949	      1.02018177531000420188	     -0.36653227679125061078	      0.11349384069769434535	      0.01100410890896665397	     -0.05709786539054230448	      1.20160345203192031605	      1.20160345203191698538	     -0.29984766780537042141	     -0.00000000000000187155	     -0.00000000000000082079	      0.65682060812870302069	      0.12823799727439599838	      0.00196317986391447361	      0.44810616432264643860	      0.44810616432264416265	     -0.09045876449060215319	     -0.00000000000000680310	     -0.00000000000001005066	      0.06368804492447308063	     -0.02214396211226317412	      0.05277621166872597386	     -0.41979816692209948048	     -0.33685596270318501899	     -0.03585784964732224162	      1.94550430999627455009	      1.47500113997254778120	      0.00000000000000139348	     -0.00000000000000054226	     -0.73466039760276891091	     -0.18094233621514876909	     -0.20259486877811380690	      2.02344468431792812169	      1.34585359656823477792	      0.00000000000000024027	     -0.00000000000000074369
      0.91900000000000003908	     -0.19828576026381897202	     -0.01387610349839074261	      0.12950072440018306485	      0.99286929413810243172	      1.01707422100324218484	     -0.36646849075741910751	      0.12780684362414193589	      0.00314733284826157608	     -0.06007637925007935226	      1.23707812389426896615	      1.23707812389426585753	     -0.28880759122182553256	     -0.00000000000000189685	     -0.00000000000000083323	      0.66050466959604348105	      0.13066659864018451143	     -0.00375899582981091811	      0.48117062583852648894	      0.48117062583852421298	     -0.07756998475853141284	     -0.00000000000000685927	     -0.00000000000001013455	      0.06128671923089058088	     -0.02679797248047581168	      0.04565143645122355515	     -0.42322715668671045952	     -0.33366918433404424427	     -0.03850027342709128053	      1.92462361261143000135	      1.47461737466772957461	      0.00000000000000140705	     -0.00000000000000054995	     -0.72486233116809029031	     -0.18293472367720145511	     -0.20260446700841233669	      2.01700980693051912240	      1.34581499137483406869	      0.00000000000000024609	     -0.00000000000000074575
      0.92300000000000004263	     -0.19740490179367375934	     -0.01087181717258843550	      0.13171188516463566698	      0.99263317471417156224	      1.01398786176219357635	     -0.36643108885332359437	      0.14273843089431995090	     -0.00562723486795220582	     -0.06286678367560065428	      1.27216551616153639159	      1.27216551616153350501	     -0.27683115436256072739	     -0.00000000000000192337	     -0.00000000000000084784	      0.66482735524490077506	      0.13410746045141203053	     -0.00815664506246415073	      0.51586464409570287337	      0.51586464409570065293	     -0.06143563777822715066	     -0.00000000000000691574	     -0.00000000000001022152	      0.05877279315746136712	     -0.03211054030357535227	      0.03814501164274684136	     -0.42607553028691402819	     -0.33040357258920616257	     -0.04107714547108928804	      1.90310148189181171929	      1.47421179421400272425	      0.00000000000000142083	     -0.00000000000000055803	     -0.71434406578047160430	     -0.18503363933685121334	     -0.20256152530115628663	      2.00968549807462659729	      1.34569382374366908195	      0.00000000000000025210	     -0.00000000000000074818
      0.92700000000000004619	     -0.19669591898922209050	     -0.00739532594570276817	      0.13398982505060078041	      0.99228926242403658886	      1.01095108005080303037	     -0.36640806066335912528	      0.15828243140122447152	     -0.01515500769710827894	     -0.06528727405731478417	      1.30671760984785234605	      1.30671760984784923743	     -0.26406133607347137549	     -0.00000000000000195060	     -0.00000000000000086325	      0.66946917985793652495	      0.13841879479438781719	     -0.01108526320312149850	      0.55149677914158179437	      0.55149677914157957392	     -0.04237522309682940219	     -0.00000000000000697033	     -0.00000000000001030817	      0.05610635265701263003	     -0.03795135278997154721	      0.03037698523769688172	     -0.42830193721747411573	     -0.32709633568233692502	     -0.04355937825955043946	      1.88088961626464645782	      1.47378602452923179733	      0.00000000000000143493	     -0.00000000000000056659	     -0.70301609360381178693	     -0.18721197941326434000	     -0.20240601318233555905	      2.00128972940439808781	      1.34549553404470523255	      0.00000000000000025822	     -0.00000000000000075102
      0.93100000000000004974	     -0.19611371583804429464	     -0.00356983971491247861	      0.13618347077914846888	      0.99184417694228155238	      1.00798999366144581558	     -0.36638554088838681810	      0.17442682916718421637	     -0.02523367759110531697	     -0.06716580394917551211	      1.34056789837252976483	      1.34056789837252665620	     -0.25068289524490244835	     -0.00000000000000197858	     -0.00000000000000087963	      0.67406574699928434313	      0.14339854218789124807	     -0.01248453937991356351	      0.58730192645635292958	      0.58730192645635070914	     -0.02085560292991624209	     -0.00000000000000702125	     -0.00000000000001038398	      0.05326409211680986633	     -0.04416115033794166395	      0.02248432556930449883	     -0.42988523863452976492	     -0.32379001060544032597	     -0.04590984583344966119	      1.85794559192173691642	      1.47335120966669896880	      0.00000000000000144916	     -0.00000000000000057515	     -0.69081947653811037746	     -0.18944042207421626922	     -0.20207917044371789816	      1.99165609762731588006	      1.34522658971339015288	      0.00000000000000026446	     -0.00000000000000075409
      0.93500000000000005329	     -0.19561914662551296851	      0.00046699578792199327	      0.13813195705514558220	      0.99130830769308408978	      1.00512828364320361274	     -0.36634924919706080004	      0.19115844667844245075	     -0.03563356040855856360	     -0.06834802357487625157	      1.37353868236057796715	      1.37353868236057508057	     -0.23690479424167898426	     -0.00000000000000200658	     -0.00000000000000089631	      0.67823522265663682695	      0.14879820725781287005	     -0.01238579826080543796	      0.62248538531231989435	      0.62248538531231767390	      0.00254407573038828742	     -0.00000000000000707225	     -0.00000000000001045095	      0.05024650256659384667	     -0.05056134982420049107	      0.01461300971923254477	     -0.43082959425837497047	     -0.32053119156680498492	     -0.04808584206706087438	      1.83424644793795033060	      1.47292757694502451926	      0.00000000000000146341	     -0.00000000000000058350	     -0.67773833977505271164	     -0.19168722558652867560	     -0.20152879031904644136	      1.98065259424257678056	      1.34489445576127542026	      0.00000000000000027071	     -0.00000000000000075689
      0.93900000000000005684	     -0.19518509460801497513	      0.00457244490645979801	      0.13967606081754690983	      0.99069509741944961068	      1.00238732865464341693	     -0.36628593003112441817	      0.20846736456630923784	     -0.04611078079015144132	     -0.06870445051857809737	      1.40544906991047602318	      1.40544906991047247047	     -0.22294243996855245271	     -0.00000000000000203469	     -0.00000000000000091266	      0.68160790924243541689	      0.15434192445376940239	     -0.01091243926190520186	      0.65627102867678277498	      0.65627102867678055453	      0.02717661443096146962	     -0.00000000000000712296	     -0.00000000000001050873	      0.04708313235226795762	     -0.05696583397907260815	      0.00690919918394063831	     -0.43116969950797168210	     -0.31736873701212164889	     -0.05004288187461630039	      1.80980336952361153813	      1.47254261911557571274	      0.00000000000000147744	     -0.00000000000000059158	     -0.66380832064753858557	     -0.19391954000892303034	     -0.20071414378874175011	      1.96820032230006392027	      1.34450761615041414210	      0.00000000000000027679	     -0.00000000000000075965
      0.94300000000000006040	     -0.19480098462293027328	      0.00860810701144691832	      0.14066962481633624171	      0.99002030713966737707	      0.99978640150086106608	     -0.36618460971994343245	      0.22635028037680890445	     -0.05642203190767539761	     -0.06813643389900660152	      1.43612279093005335007	      1.43612279093005001940	     -0.20900126702766649855	     -0.00000000000000206300	     -0.00000000000000092932	      0.68385493716647172135	      0.15974878632158462377	     -0.00827273741948370521	      0.68794910797947805836	      0.68794910797947594894	      0.05237503924286016771	     -0.00000000000000717758	     -0.00000000000001056097	      0.04383513153147181041	     -0.06319363686703485805	     -0.00049001272536080057	     -0.43097557363965249833	     -0.31435150683560608709	     -0.05173952961231415709	      1.78467546315655023470	      1.47222808262794147005	      0.00000000000000149129	     -0.00000000000000059985	     -0.64911940030832027126	     -0.19610604736475828469	     -0.19961005912234278115	      1.95429033474646263180	      1.34407561695345090236	      0.00000000000000028296	     -0.00000000000000076224
      0.94700000000000006395	     -0.19447526264349887515	      0.01244826302569364274	      0.14098992144587449427	      0.98930130082709666350	      0.99734273299076958708	     -0.36603752836099506807	      0.24481234437344201460	     -0.06633897773810379372	     -0.06658060377551569542	      1.46539543771466118649	      1.46539543771465807787	     -0.19526283208348940712	     -0.00000000000000209213	     -0.00000000000000094551	      0.68471291864540106964	      0.16475534089895538248	     -0.00474523708952541683	      0.71691872394820499448	      0.71691872394820277403	      0.07749908015518713889	     -0.00000000000000723349	     -0.00000000000001060878	      0.04059450311657929883	     -0.06908061193349122886	     -0.00746546260290424125	     -0.43035555197538144512	     -0.31152615397748728565	     -0.05314269732079917458	      1.75898026227627535256	      1.47201613397789365933	      0.00000000000000150496	     -0.00000000000000060814	     -0.63381278922269201903	     -0.19822001371890782262	     -0.19820955699511902393	      1.93899629208541646186	      1.34360909977033493590	      0.00000000000000028920	     -0.00000000000000076466
      0.95100000000000006750	     -0.19423563824154624347	      0.01598628182855152749	      0.14054605286180166246	      0.98855629291143343185	      0.99507133384137058663	     -0.36584067237117084970	      0.26386711664459117088	     -0.07566053791142579588	     -0.06401152704265726523	      1.49312081138915653256	      1.49312081138915297984	     -0.18187440164755150351	     -0.00000000000000212128	     -0.00000000000000096164	      0.68400168630123370228	      0.16913513628313400772	     -0.00065753070193257481	      0.74272046195502328114	      0.74272046195502106070	      0.10197513973643113072	     -0.00000000000000728365	     -0.00000000000001065848	      0.03747971660010376155	     -0.07448839026071966962	     -0.01392341470669190145	     -0.42945578315704108219	     -0.30893561655133533472	     -0.05423269174635034912	      1.73289907409684995621	      1.47193516290344117436	      0.00000000000000151893	     -0.00000000000000061571	     -0.61807273993682376734	     -0.20024154470070676393	     -0.19652466618840158663	      1.92248098135994172075	      1.34311980809086772837	      0.00000000000000029531	     -0.00000000000000076644
      0.95500000000000007105	     -0.19412715536321581422	      0.01913915784874097026	      0.13928482217279739008	      0.98780352414442607056	      0.99298457493278413644	     -0.36559390986789042088	      0.28353442856273514128	     -0.08422244146054767844	     -0.06044247039982009184	      1.51917577017437066544	      1.51917577017436711273	     -0.16894293837392757029	     -0.00000000000000215027	     -0.00000000000000097869	      0.68163331893088008329	      0.17271366409057023472	      0.00363961010786592338	      0.76505639877122910697	      0.76505639877122688652	      0.12532742630515875115	     -0.00000000000000733101	     -0.00000000000001071171	      0.03462792993476744574	     -0.07931029959036464683	     -0.01980091468445726449	     -0.42845528404350802232	     -0.30661853070672534516	     -0.05500711912527253555	      1.70667657821454743505	      1.47200582606553220799	      0.00000000000000153302	     -0.00000000000000062284	     -0.60211512622153029461	     -0.20215825649869539893	     -0.19458569190745117483	      1.90499605061088606028	      1.34262052671044229690	      0.00000000000000030106	     -0.00000000000000076839
      0.95899999999999996358	     -0.19420827328736001149	      0.02185071151369515768	      0.13719367781974550757	      0.98706038014470187658	      0.99109168374888623188	     -0.36530077050846027076	      0.30383605147433656590	     -0.09190416447309653070	     -0.05592429984284035677	      1.54346283113560645006	      1.54346283113560289735	     -0.15653422446856515848	     -0.00000000000000217869	     -0.00000000000000099506	      0.67761152596668827730	      0.17537827790864687905	      0.00780003906223317427	      0.78379586538491585745	      0.78379586538491352599	      0.14719879469692706553	     -0.00000000000000738288	     -0.00000000000001076338	      0.03218451923345554827	     -0.08347482873829900618	     -0.02506854914881015417	     -0.42755685574977903007	     -0.30460935123534943481	     -0.05548280561266907135	      1.68061498828666677774	      1.47223798805399974654	      0.00000000000000154751	     -0.00000000000000062959	     -0.58617467776180742778	     -0.20396428538200522818	     -0.19243957973573896925	      1.88687529430481593096	      1.34212489965261760894	      0.00000000000000030668	     -0.00000000000000077013
      0.96299999999999996714	     -0.19454528832900552793	      0.02409334412799936376	      0.13430049851969419472	      0.98634250627270603218	      0.98939838711935468307	     -0.36496793364284113581	      0.32478947979833883153	     -0.09863294366234724719	     -0.05054243669884198042	      1.56591013011014679179	      1.56591013011014323908	     -0.14467679287932355692	     -0.00000000000000220708	     -0.00000000000000101090	      0.67202181240590508349	      0.17708271475832526587	      0.01150935797486898893	      0.79896701769799027826	      0.79896701769798816883	      0.16736002860909415801	     -0.00000000000000743135	     -0.00000000000001080492	      0.03029102095024577973	     -0.08694676142200254143	     -0.02973058567921333176	     -0.42697510837168184405	     -0.30293881386147447632	     -0.05569543665753394490	      1.65506334227564866346	      1.47262895436146412642	      0.00000000000000156223	     -0.00000000000000063741	     -0.57049202089077510891	     -0.20565813444282141087	     -0.19014770349925194659	      1.86852211236876497580	      1.34164709150619443356	      0.00000000000000031191	     -0.00000000000000077048
      0.96699999999999997069	     -0.19520570040502321918	      0.02586739204243118651	      0.13067027660996938243	      0.98566299181323413503	      0.98790689200170578310	     -0.36460450705697206031	      0.34640061928720489171	     -0.10438383007607406061	     -0.04441162389557413992	      1.58646884134405419253	      1.58646884134405086186	     -0.13336887024052176964	     -0.00000000000000223547	     -0.00000000000000102620	      0.66501437857445899748	      0.17784546622471872346	      0.01450903171840707204	      0.81073624929441567843	      0.81073624929441356901	      0.18570775851075393970	     -0.00000000000000748183	     -0.00000000000001084011	      0.02907298499087496158	     -0.08972524088413495746	     -0.03382281435925163504	     -0.42692309322723243081	     -0.30163440890431925112	     -0.05569724996609688727	      1.63040256514302428492	      1.47316304500852424120	      0.00000000000000157844	     -0.00000000000000064522	     -0.55530120171809849161	     -0.20724007590025303460	     -0.18778290112248871568	      1.85039183104952220660	      1.34120126076444123875	      0.00000000000000031668	     -0.00000000000000077167
      0.97099999999999997424	     -0.19625116123176333804	      0.02719737068737574856	      0.12639895931326880496	      0.98503174473292276492	      0.98661632359102802159	     -0.36422118026504995969	      0.36865632776393897352	     -0.10917514920920930177	     -0.03766844994568533528	      1.60510845593457274205	      1.60510845593456941138	     -0.12258653910034664203	     -0.00000000000000226372	     -0.00000000000000104159	      0.65678206015620854696	      0.17774171428621976521	      0.01661534569925090729	      0.81937799203582017959	      0.81937799203581795915	      0.20225181386633017677	     -0.00000000000000753895	     -0.00000000000001088170	      0.02862919905195482687	     -0.09183830646438291556	     -0.03740843796567813739	     -0.42759884745837228870	     -0.30072065419256810426	     -0.05555326762078374031	      1.60702723426449511912	      1.47381246836184232052	      0.00000000000000159381	     -0.00000000000000065285	     -0.54081842675801872211	     -0.20870966486728070866	     -0.18542562405229690015	      1.83296977182739784240	      1.34080085728680264978	      0.00000000000000032229	     -0.00000000000000077443
      0.97499999999999997780	     -0.19773063845505969849	      0.02812573265196686295	      0.12160498120210476436	      0.98445522297473531115	      0.98552361451021508465	     -0.36382932442104348736	      0.39151795399134414755	     -0.11306028498547857075	     -0.03046262971305633768	      1.62181087810057400489	      1.62181087810057045218	     -0.11229245780712181213	     -0.00000000000000229181	     -0.00000000000000105702	      0.64753565916940736269	      0.17689030862364177321	      0.01773142870020174774	      0.82523760950025826233	      0.82523760950025604188	      0.21709362869866555279	     -0.00000000000000759380	     -0.00000000000001091567	      0.02902349028510781484	     -0.09333499991134872054	     -0.04057228252232714105	     -0.42917292554746450106	     -0.30021907697559113704	     -0.05533647502534400769	      1.58532564390921315578	      1.47453944048270169098	      0.00000000000000161047	     -0.00000000000000065975	     -0.52723303353156159012	     -0.21006364413628070276	     -0.18315961692561813501	      1.81674650673143700530	      1.34045778805421589297	      0.00000000000000032793	     -0.00000000000000077810
      0.97899999999999998135	     -0.19967443774113044497	      0.02870562035466861506	      0.11641921025876970919	      0.98393668505878839614	      0.98462470925926526277	     -0.36344009512696978659	      0.41491708192636905794	     -0.11611756715852884769	     -0.02294864932039950012	      1.63656459355890659957	      1.63656459355890282481	     -0.10244509855915207019	     -0.00000000000000231996	     -0.00000000000000107267	      0.63747909193839558117	      0.17543827351973176332	      0.01785093313131251927	      0.82869031483149790951	      0.82869031483149568906	      0.23039749188814689917	     -0.00000000000000764640	     -0.00000000000001095192	      0.03028009230480044681	     -0.09427696413262284802	     -0.04341363517366563646	     -0.43177799530998850486	     -0.30014788245211937445	     -0.05512232630843672682	      1.56566004945455827801	      1.47529945498148107319	      0.00000000000000162564	     -0.00000000000000066713	     -0.51470163320524264794	     -0.21129435017496656091	     -0.18106781735735710814	      1.80219214047062559203	      1.34018151716167399634	      0.00000000000000033337	     -0.00000000000000078125
      0.98299999999999998490	     -0.20208970428480527159	      0.02899371637241045241	      0.11097424296650333642	      0.98347700095883416882	      0.98391585085005728306	     -0.36306359432240931095	      0.43875429505384144768	     -0.11843956916316636385	     -0.01527871876603167402	      1.64935979617269956599	      1.64935979617269601327	     -0.09300766555612360875	     -0.00000000000000234772	     -0.00000000000000108794	      0.62678705209732843429	      0.17354474832754782088	      0.01705293228939282549	      0.83010009127674189155	      0.83010009127673967111	      0.24235768268472901443	     -0.00000000000000770351	     -0.00000000000001097766	      0.03238318290157481821	     -0.09473069200160137704	     -0.04603832622161668775	     -0.43550164191614781917	     -0.30052125278594155056	     -0.05498313249376666351	      1.54834862268990658407	      1.47604537066771412945	      0.00000000000000164078	     -0.00000000000000067049	     -0.50334553584210006694	     -0.21238881067176607065	     -0.17922877789458810383	      1.78973162768363236452	      1.33997820093612340919	      0.00000000000000033825	     -0.00000000000000078449
      0.98699999999999998845	     -0.20495816228845054052	      0.02904357352482786481	      0.10539427623689615054	      0.98307584057279173706	      0.98339465643413215279	     -0.36270816083666151952	      0.46290117534861613402	     -0.12012239988972736593	     -0.00759700554672563914	      1.66018486420447231033	      1.66018486420446897966	     -0.08395462568796667469	     -0.00000000000000237554	     -0.00000000000000110316	      0.61558821181238210229	      0.17136534318577825720	      0.01548883920533179054	      0.82978410601641672262	      0.82978410601641450217	      0.25316571157969575134	     -0.00000000000000775068	     -0.00000000000001097161	      0.03528061613918566375	     -0.09476048529758138161	     -0.04855100204140251619	     -0.44038327518420072870	     -0.30134820338685502916	     -0.05498310541017575187	      1.53365025958393497163	      1.47673165072387302388	      0.00000000000000165844	     -0.00000000000000067219	     -0.49325074980884114906	     -0.21332883853045661593	     -0.17771338720163604163	      1.77972324080666144397	      1.33984998430461055285	      0.00000000000000034208	     -0.00000000000000078677
      0.99099999999999999201	     -0.20823683191411437865	      0.02889971301950062729	      0.09978666002864339246	      0.98273291430250597767	      0.98306072174499992133	     -0.36237984471502976414	      0.48720526886833098734	     -0.12125554296538730570	     -0.00003493792763407010	      1.66902441310782090333	      1.66902441310781757267	     -0.07527414917901631419	     -0.00000000000000240342	     -0.00000000000000111868	      0.60395609160012020400	      0.16903773371281513582	      0.01336280870039863872	      0.82798732469343849782	      0.82798732469343616636	      0.26298190737061283295	     -0.00000000000000779735	     -0.00000000000001094995	      0.03889125677983173990	     -0.09442206349620997641	     -0.05104837660407172267	     -0.44641537071455805741	     -0.30263103865337265264	     -0.05517465409294489836	      1.52175311412672975564	      1.47731811532753964933	      0.00000000000000167579	     -0.00000000000000066891	     -0.48446981649981285534	     -0.21409224228211370944	     -0.17658166928734209122	      1.77244187333078118129	      1.33979455203951069997	      0.00000000000000034474	     -0.00000000000000078723
      0.99499999999999999556	     -0.21186179967783796974	      0.02859319574773383846	      0.09423576311974085629	      0.98244896777686274714	      0.98291565839298844498	     -0.36208208792010365684	      0.51149727424215629679	     -0.12191337326927836893	      0.00729222792355155389	      1.67585906778453619381	      1.67585906778453241905	     -0.06696680518070401156	     -0.00000000000000243039	     -0.00000000000000113385	      0.59190762226166526716	      0.16666989459380482375	      0.01090807746130254517	      0.82486887600751268579	      0.82486887600751046534	      0.27191376852679172149	     -0.00000000000000784924	     -0.00000000000001093590	      0.04311459018114072173	     -0.09375743943661718482	     -0.05361382532709340482	     -0.45354834242604730177	     -0.30436369943438595920	     -0.05559612021579683760	      1.51276737826230656125	      1.47777286622504266944	      0.00000000000000168785	     -0.00000000000000066433	     -0.47702485821850160175	     -0.21465484943008067420	     -0.17587986112900863556	      1.76806791838169452546	      1.33980497679632692964	      0.00000000000000034732	     -0.00000000000000079092
      0.99899999999999999911	     -0.21575441252407193127	      0.02813949559163229919	      0.08879945236654328278	      0.98222636716046585192	      0.98296263281181128768	     -0.36181561880431772904	      0.53559957170748717648	     -0.12214971115340694796	      0.01428712770721548772	      1.68066700000777191626	      1.68066700000776814150	     -0.05904209555144700888	     -0.00000000000000245758	     -0.00000000000000114926	      0.57940831056739727778	      0.16433264469893146820	      0.00836221828227095253	      0.82049968315378885020	      0.82049968315378674077	      0.28000224191859773848	     -0.00000000000000790217	     -0.00000000000001091023	      0.04784108338843803820	     -0.09279205216666973344	     -0.05631344848424950367	     -0.46169794458557511518	     -0.30653039256873937379	     -0.05627093912774556311	      1.50672264150071799627	      1.47807422151026779389	      0.00000000000000169711	     -0.00000000000000065848	     -0.47091128743030230552	     -0.21499287593896629356	     -0.17563821549126468202	      1.76668190548251957672	      1.33986986618769021717	      0.00000000000000035043	     -0.00000000000000079689
      1.00300000000000011369	     -0.21982887747264537315	      0.02753903570045853136	      0.08350828485462907791	      0.98206926185576515209	      0.98320557039252254317	     -0.36157855541009964462	      0.55933531021423599228	     -0.12199620767810342992	      0.02087007062557003426	      1.68342706960790633453	      1.68342706960790278181	     -0.05151404842508932463	     -0.00000000000000248505	     -0.00000000000000116483	      0.56638283408147027664	      0.16205746321149669398	      0.00594382405204604922	      0.81487033864388513926	      0.81487033864388280779	      0.28721624003173673589	     -0.00000000000000795883	     -0.00000000000001088702	      0.05296209080680402276	     -0.09153476956017000954	     -0.05919368807572762681	     -0.47075429860863554632	     -0.30910474690134714937	     -0.05720817873412947785	      1.50356988766426580284	      1.47821156445329471296	      0.00000000000000170064	     -0.00000000000000065066	     -0.46610177321926749006	     -0.21508536368329148059	     -0.17586983469246175726	      1.76826490777829126166	      1.33997380945584820822	      0.00000000000000035359	     -0.00000000000000080506
      1.00700000000000011724	     -0.22400008516871991460	      0.02678022218397997298	      0.07836733347928598326	      0.98198340362287439564	      0.98364822037628962814	     -0.36136669526526554730	      0.58253735258617622694	     -0.12146462623312458129	      0.02697703904479073836	      1.68412315877816864962	      1.68412315877816487486	     -0.04439644238518609953	     -0.00000000000000251218	     -0.00000000000000118034	      0.55272980172844765612	      0.15983953338773046471	      0.00383260719163478879	      0.80790790901879905306	      0.80790790901879661057	      0.29345536309683151188	     -0.00000000000000799785	     -0.00000000000001086931	      0.05837839051323479023	     -0.08998081483837551409	     -0.06228056225125663120	     -0.48059183739620303655	     -0.31204956244596476767	     -0.05840433895260257330	      1.50318771045649102192	      1.47818508999161557504	      0.00000000000000170067	     -0.00000000000000064096	     -0.46255019934974295204	     -0.21491659188173675710	     -0.17657062135521731094	      1.77270454501339336240	      1.34009814013312245073	      0.00000000000000035645	     -0.00000000000000081594
      1.01100000000000012079	     -0.22819057328624819947	      0.02584444766346851233	      0.07336036464543609081	      0.98197571303040676050	      0.98429324869592360603	     -0.36117396494925341210	      0.60505638082902579722	     -0.12055251254565085839	      0.03255630047150844669	      1.68274915647164258203	      1.68274915647163858523	     -0.03769798793728526554	     -0.00000000000000253951	     -0.00000000000000119572	      0.53833925786912040223	      0.15764529309893882125	      0.00215442902288665332	      0.79949994325502526937	      0.79949994325502271586	      0.29856009358030016765	     -0.00000000000000803542	     -0.00000000000001084541	      0.06400661537595696282	     -0.08811718147136918255	     -0.06558047060225115354	     -0.49107941800234944374	     -0.31531717402254111349	     -0.05984623481373256559	      1.50539206831865124414	      1.47800448329090095001	      0.00000000000000169966	     -0.00000000000000063011	     -0.46019540666053787570	     -0.21447839095936949150	     -0.17772029416299420235	      1.77980617337770374853	      1.34022199118246354566	      0.00000000000000035933	     -0.00000000000000082497
      1.01500000000000012434	     -0.23233586203619704946	      0.02471195066087927134	      0.06845576427886611304	      0.98205366800234827895	      0.98514146651478773364	     -0.36099299609423923796	      0.62676747711478242309	     -0.11925089421135741385	      0.03756461575567299899	      1.67931382826571562461	      1.67931382826571184985	     -0.03141761831532823707	     -0.00000000000000256701	     -0.00000000000000121025	      0.52311117100259341139	      0.15542275924491241734	      0.00097230021513076113	      0.78952307888409745118	      0.78952307888409500869	      0.30232806805973588826	     -0.00000000000000806687	     -0.00000000000001081411	      0.06978315373847175651	     -0.08592925132509217356	     -0.06908235082481348210	     -0.50208977877126859113	     -0.31885043568920085066	     -0.06151466116616235297	      1.50994860560289234641	      1.47768667738340253592	      0.00000000000000169753	     -0.00000000000000061912	     -0.45896438822880281094	     -0.21377218048324175825	     -0.17928418633272635851	      1.78930838018598570294	      1.34032355131517300073	      0.00000000000000036301	     -0.00000000000000083473
      1.01900000000000012790	     -0.23638773260794751496	      0.02336712134705828600	      0.06361341084693070136	      0.98222455258726704130	      0.98619124767552557298	     -0.36081578478626674666	      0.64757452329641662647	     -0.11755218586349316934	      0.04196431941982494557	      1.67384470422072562101	      1.67384470422072184626	     -0.02553998048909384214	     -0.00000000000000259482	     -0.00000000000000122454	      0.50697291881042694239	      0.15311236007062872799	      0.00028401271558787535	      0.77787309942359361692	      0.77787309942359106341	      0.30453446528400351934	     -0.00000000000000810184	     -0.00000000000001080210	      0.07566527862094460377	     -0.08340688534141073307	     -0.07276084808568210327	     -0.51350744782762247631	     -0.32258434750393633061	     -0.06338844917086847164	      1.51658637500706872103	      1.47725292304984856528	      0.00000000000000169483	     -0.00000000000000060537	     -0.45877457303565361002	     -0.21281048755604697886	     -0.18121541545444036503	      1.80090152698362571115	      1.34038139473272854829	      0.00000000000000036730	     -0.00000000000000084274
      1.02299999999999990941	     -0.24031534962990544479	      0.02180250346042903603	      0.05879165579924017226	      0.98249459433069008529	      0.98743816083637048209	     -0.36063437969808265215	      0.66741196308039418827	     -0.11545714166388842958	      0.04572183572761419346	      1.66639029466845078886	      1.66639029466844701410	     -0.02003184803014449941	     -0.00000000000000262280	     -0.00000000000000123896	      0.48989362485703663586	      0.15065684219545372180	      0.00002650287833708665	      0.76449271465841994733	      0.76449271465841717177	      0.30495383603419917717	     -0.00000000000000813793	     -0.00000000000001078762	      0.08162944932133477105	     -0.08054905560056047076	     -0.07658004814687102701	     -0.52523427738642480822	     -0.32644833392027550190	     -0.06544839975169777779	      1.52501191404172420363	      1.47672556133701915471	      0.00000000000000169120	     -0.00000000000000059044	     -0.45953524601874468081	     -0.21161768423293464414	     -0.18345726547684546026	      1.81424782415452390261	      1.34037578105009402840	      0.00000000000000037133	     -0.00000000000000085062
      1.02699999999999991296	     -0.24410434148709270197	      0.02002170929778231828	      0.05395354419945672803	      0.98286806990633035497	      0.98887484875643516524	     -0.36044153057349470615	      0.68624378222109927439	     -0.11298072433178273088	      0.04880718695838352772	      1.65702016014269570832	      1.65702016014269193356	     -0.01484112477404104374	     -0.00000000000000265075	     -0.00000000000000125420	      0.47189304066107218283	      0.14801003561727998914	      0.00008641248191316681	      0.74939250232657195205	      0.74939250232656895445	      0.30338007888491769215	     -0.00000000000000819172	     -0.00000000000001080501	      0.08766704975206776607	     -0.07736728072152748714	     -0.08049722037901979599	     -0.53719202037551638806	     -0.33036910194382457240	     -0.06768040997245337864	      1.53492281087239756943	      1.47612510692240950227	      0.00000000000000169180	     -0.00000000000000057578	     -0.46114863072915579512	     -0.21022965678577368309	     -0.18594599295415598084	      1.82900117191325350952	      1.34028985306528070076	      0.00000000000000037517	     -0.00000000000000086149
      1.03099999999999991651	     -0.24775403352085598185	      0.01804155896793954716	      0.04907157076604059392	      0.98334650349659769031	      0.99049118760151211305	     -0.36023123843621279727	      0.70405983952088102562	     -0.11015681528552523361	      0.05119396196740681748	      1.64582251042409200004	      1.64582251042408822528	     -0.00989977380200723032	     -0.00000000000000267944	     -0.00000000000000126962	      0.45304345026664150087	      0.14514438385200092996	      0.00031572090952133197	      0.73266154365070612631	      0.73266154365070323973	      0.29964204333101224220	     -0.00000000000000825495	     -0.00000000000001083381	      0.09377814478870574733	     -0.07388821068836023964	     -0.08446612512168251430	     -0.54932183022940495043	     -0.33427390654132888015	     -0.07007727196357942112	      1.54601997461510398679	      1.47546816704503513940	      0.00000000000000169445	     -0.00000000000000056104	     -0.46351113645666364160	     -0.20869225560716683776	     -0.18861419553262787074	      1.84482521457435111323	      1.34011066107946952286	      0.00000000000000037868	     -0.00000000000000087536
      1.03499999999999992006	     -0.25127328080483557482	      0.01589295581625446013	      0.04413061770289820884	      0.98392807907990831318	      0.99227470868204825649	     -0.35999916902984152589	      0.72087002297912183835	     -0.10704070757526688851	      0.05285983750548645110	      1.63289928474786316670	      1.63289928474785916990	     -0.00513018522506356392	     -0.00000000000000270805	     -0.00000000000000128514	      0.43346516878982915832	      0.14205609124687340605	      0.00055004480152581541	      0.71446780439062851364	      0.71446780439062562706	      0.29361396492772828815	     -0.00000000000000831343	     -0.00000000000001086092	      0.09996427855847539456	     -0.07015470608089401094	     -0.08843967487180359743	     -0.56158136959569437963	     -0.33809389888769586507	     -0.07263917391669996726	      1.55801792491454604850	      1.47476628851824198563	      0.00000000000000169789	     -0.00000000000000054546	     -0.46651499079699049188	     -0.20705878116408699130	     -0.19139428714257639141	      1.86140862635179327178	      1.33982992761890629119	      0.00000000000000038178	     -0.00000000000000089004
      1.03899999999999992362	     -0.25467554668744107893	      0.01361959423553642419	      0.03912898555939302303	      0.98460737213758964259	      0.99421122238753034672	     -0.35974290009531273427	      0.73669692480294624026	     -0.10370789730661801598	      0.05378809324415926435	      1.61835891858374525398	      1.61835891858374103514	     -0.00045334014439494115	     -0.00000000000000273681	     -0.00000000000000130048	      0.41331743898758954714	      0.13876624243929508440	      0.00062659942853799321	      0.69505043424086221382	      0.69505043424085943826	      0.28522107843837413155	     -0.00000000000000837365	     -0.00000000000001088281	      0.10622155200542489351	     -0.06622426469201002364	     -0.09237191106453034040	     -0.57394066087938222509	     -0.34176713005256936784	     -0.07537325282642561020	      1.57065252624753370903	      1.47402556132688578039	      0.00000000000000170245	     -0.00000000000000052743	     -0.47005027191699338962	     -0.20538700067667983729	     -0.19422127878018599634	      1.87847700075238921436	      1.33944446426385255222	      0.00000000000000038516	     -0.00000000000000090560
      1.04299999999999992717	     -0.25797397231247193305	      0.01127428612115127446	      0.03407763471701289598	      0.98537547640382983083	      0.99628556404797963264	     -0.35946198868311041164	      0.75156798656297951755	     -0.10024884275837178671	      0.05396999566797287817	      1.60230752349706095927	      1.60230752349705674042	      0.00420260704562466260	     -0.00000000000000276579	     -0.00000000000000131657	      0.39278636264901034547	      0.13531742857346112929	      0.00039964801609944519	      0.67470574566101171321	      0.67470574566100882663	      0.27444065370355341660	     -0.00000000000000842365	     -0.00000000000001089003	      0.11253512062136089567	     -0.06216452673252876454	     -0.09621938368205609771	     -0.58637763799689668343	     -0.34524088930683261012	     -0.07829240645014649835	      1.58368603456492662573	      1.47324686360071854807	      0.00000000000000170709	     -0.00000000000000050911	     -0.47400730905494486978	     -0.20373605690616786168	     -0.19703445924673199108	      1.89580092128286126218	      1.33895621596066471959	      0.00000000000000038877	     -0.00000000000000092144
      1.04699999999999993072	     -0.26117724246100915142	      0.00891364710702561083	      0.02899791742639648215	      0.98622055384526108313	      0.99848235806563501171	     -0.35915786597767329624	      0.76550833710142840438	     -0.09676087315588682847	      0.05340707256714546242	      1.58483987927453262579	      1.58483987927452862898	      0.00889413486672445061	     -0.00000000000000279600	     -0.00000000000000133260	      0.37207101807551445916	      0.13176702015647315247	     -0.00024768488082362901	      0.65376755889667304000	      0.65376755889667026445	      0.26129895054467427995	     -0.00000000000000846779	     -0.00000000000001089605	      0.11887608889027431736	     -0.05804676714218742761	     -0.09994209774255238821	     -0.59887407993795283012	     -0.34847326428595509773	     -0.08141334087471792380	      1.59690995846525574109	      1.47242673458571116107	      0.00000000000000171158	     -0.00000000000000049036	     -0.47827946691977374361	     -0.20216341048201272312	     -0.19977817634486580434	      1.91320002373342989976	      1.33837200830184288591	      0.00000000000000039271	     -0.00000000000000093754
      1.05099999999999993427	     -0.26428696348936420168	      0.00659210586149594404	      0.02391818294167297188	      0.98712877007768851101	      1.00078667605307614075	     -0.35883356751675238305	      0.77853542307410661394	     -0.09333882975064811127	      0.05211225633286966502	      1.56603167742766347104	      1.56603167742765947423	      0.01365515527017834886	     -0.00000000000000282695	     -0.00000000000000134813	      0.35136888690205980712	      0.12817864982075607982	     -0.00139580698110693450	      0.63258294383603141942	      0.63258294383602842181	      0.24586496335827670578	     -0.00000000000000847767	     -0.00000000000001089329	      0.12520144529843907355	     -0.05393860164679493974	     -0.10350418800884833570	     -0.61141240947682717888	     -0.35143384952433565083	     -0.08475387712293673548	      1.61014632118711142894	      1.47155883638864115603	      0.00000000000000171568	     -0.00000000000000047211	     -0.48276625477210538540	     -0.20072193053156742182	     -0.20240204479385945358	      1.93054304352771821662	      1.33770308475844523777	      0.00000000000000039681	     -0.00000000000000095326
      1.05499999999999993783	     -0.26729691242163194920	      0.00435601013479438616	      0.01886974010384295797	      0.98808547563905013700	      1.00318447863157578226	     -0.35849331164981945719	      0.79065601617063907547	     -0.09006574946936593551	      0.05010933534935595873	      1.54593409380618185267	      1.54593409380617763382	      0.01849151135390882453	     -0.00000000000000285797	     -0.00000000000000136402	      0.33086210459482373603	      0.12461324383071428756	     -0.00308547306315339227	      0.61148607274106880904	      0.61148607274106603349	      0.22824219111944624161	     -0.00000000000000851050	     -0.00000000000001093596	      0.13145695144349836547	     -0.04989691453691100925	     -0.10687438510601775243	     -0.62397362365828845654	     -0.35410356027410017088	     -0.08832990038802204791	      1.62324772487016333322	      1.47063576405906570876	      0.00000000000000171963	     -0.00000000000000045431	     -0.48737656373805238186	     -0.19945736502795735623	     -0.20486074573762669271	      1.94774430139575227550	      1.33696449665009087227	      0.00000000000000040069	     -0.00000000000000096846
      1.05899999999999994138	     -0.27019419279763512431	      0.00223845078593055318	      0.01388272074603647162	      0.98907644126581983901	      1.00566276768051743318	     -0.35814195375831414658	      0.80186577666347169657	     -0.08700465776223104131	      0.04743051394784120883	      1.52457146028485923672	      1.52457146028485501787	      0.02337790570976500809	     -0.00000000000000288929	     -0.00000000000000138008	      0.31070620101444135219	      0.12112072848050213503	     -0.00531895342930985802	      0.59077380522568478938	      0.59077380522568190280	      0.20855989116759940383	     -0.00000000000000853800	     -0.00000000000001098427	      0.13758239883245279578	     -0.04596182369211804231	     -0.11002627889825294938	     -0.63653645894955834805	     -0.35647355348018583410	     -0.09215253652471751267	      1.63609650142974594189	      1.46965084047084348917	      0.00000000000000172339	     -0.00000000000000043669	     -0.49203176344783511320	     -0.19840648169534247369	     -0.20711348410259206032	      1.96475738115707154741	      1.33617439453733433119	      0.00000000000000040460	     -0.00000000000000098371
      1.06299999999999994493	     -0.27296191603917741020	      0.00025536817398538948	      0.00898237242146568242	      0.99008897390947314676	      1.00820945930610972319	     -0.35778436533790042295	      0.81215103908395736010	     -0.08419230209477146509	      0.04411245536664448741	      1.50194229200873285990	      1.50194229200872886310	      0.02825777927029048467	     -0.00000000000000292134	     -0.00000000000000139653	      0.29102233055821163932	      0.11773337917688102283	     -0.00806512264258349605	      0.57068590171970035030	      0.57068590171969757474	      0.18696508748038606629	     -0.00000000000000855999	     -0.00000000000001101973	      0.14351824399700183199	     -0.04215238035773062608	     -0.11293843906553496792	     -0.64907767229053447977	     -0.35854337489867099675	     -0.09622593118969882675	      1.64860310740933702078	      1.46859960395166733171	      0.00000000000000172682	     -0.00000000000000041905	     -0.49666829402805057203	     -0.19759607197365516851	     -0.20912323639664148756	      1.98156671519602212150	      1.33535324890536055698	      0.00000000000000040838	     -0.00000000000000099869
      1.06699999999999994849	     -0.27558253025212953169	     -0.00159652841874870460	      0.00418627726317893824	      0.99111278226515897583	      1.01081307601454817302	     -0.35742481311991669557	      0.82149188987239718518	     -0.08163539851776545342	      0.04019190442295442894	      1.47802329472956417433	      1.47802329472956017753	      0.03304642227078836980	     -0.00000000000000295324	     -0.00000000000000141287	      0.27189315491241511369	      0.11446164474041356507	     -0.01126766670441469234	      0.55139179725802200949	      0.55139179725801912291	      0.16361590538214512702	     -0.00000000000000856784	     -0.00000000000001105529	      0.14921216598339348547	     -0.03846459032705555614	     -0.11559454540243145615	     -0.66157309348826864870	     -0.36031858346411987926	     -0.10054570288315466120	      1.66070377318096529251	      1.46748080589491047832	      0.00000000000000173016	     -0.00000000000000040176	     -0.50123923131547620802	     -0.19704288174670392397	     -0.21085603502812150234	      1.99817773784196517362	      1.33452300245823063385	      0.00000000000000041213	     -0.00000000000000101349
      1.07099999999999995204	     -0.27804092656693019103	     -0.00333966020232927307	     -0.00049712787143891407	      0.99214051271428660428	      1.01346237420403895158	     -0.35706642207502581332	      0.82986566653682802830	     -0.07930976375629628095	      0.03570189924212299748	      1.45277581464316041249	      1.45277581464315663773	      0.03763731793414181598	     -0.00000000000000298519	     -0.00000000000000142945	      0.25336228237306085420	      0.11129300265574665341	     -0.01485533071591631921	      0.53298510995279246849	      0.53298510995278958191	      0.13867646301214389681	     -0.00000000000000856943	     -0.00000000000001108489	      0.15462428661159438592	     -0.03487212019066968094	     -0.11798365448377992615	     -0.67399907598686381593	     -0.36180814957301027368	     -0.10509807827145808967	      1.67235750752597733815	      1.46629679723507844180	      0.00000000000000173371	     -0.00000000000000038471	     -0.50571445196110786924	     -0.19675443436422451748	     -0.21228054477842581149	      2.01460641407961693616	      1.33370616981638301368	      0.00000000000000041592	     -0.00000000000000102897
      1.07499999999999995559	     -0.28032699984444647834	     -0.00501316986416439417	     -0.00506856273295235114	      0.99316792989629576471	      1.01614597454685595679	     -0.35671079211996326030	      0.83725071957999797068	     -0.07716264417252477470	      0.03066877482671387378	      1.42615432873918357437	      1.42615432873917935552	      0.04191126513331412673	     -0.00000000000000301781	     -0.00000000000000144574	      0.23543714557040837376	      0.10819406221729387096	     -0.01875241988914629065	      0.51548599290932795025	      0.51548599290932495265	      0.11231362289041722791	     -0.00000000000000856985	     -0.00000000000001113465	      0.15973066182354678233	     -0.03132978731079861384	     -0.12010063154954288278	     -0.68633402502512663723	     -0.36302191430738328659	     -0.10985976801641773870	      1.68354285060069575053	      1.46505329603949441264	      0.00000000000000173747	     -0.00000000000000036759	     -0.51007950751694530744	     -0.19673058280544369891	     -0.21336816701784053207	      2.03086935875583085576	      1.33292495093532781247	      0.00000000000000041982	     -0.00000000000000104468
      1.07899999999999995914	     -0.28243768172367006430	     -0.00666828584576427234	     -0.00953645720125916030	      0.99419374398157112083	      1.01885201875469122434	     -0.35635782156514839158	      0.84363064319119174250	     -0.07511840482363559002	      0.02510971166292849666	      1.39811659587744685496	      1.39811659587744285815	      0.04574750982733433863	     -0.00000000000000305067	     -0.00000000000000146180	      0.21809508789013090646	      0.10511584019768095699	     -0.02288745957561393041	      0.49885064551601154825	      0.49885064551600855065	      0.08469580276862448409	     -0.00000000000000857541	     -0.00000000000001118496	      0.16452514615098509654	     -0.02777968018955318669	     -0.12194670842700047753	     -0.69855971205641453903	     -0.36396839303095640528	     -0.11479864689170042602	      1.69425488413120595155	      1.46375860534201507335	      0.00000000000000174129	     -0.00000000000000035053	     -0.51433357247915478805	     -0.19696553756887180686	     -0.21409385727213872674	      2.04697590904395410050	      1.33220045344249538033	      0.00000000000000042380	     -0.00000000000000106083
      1.08299999999999996270	     -0.28437818543055559672	     -0.00836186514051781744	     -0.01391431102825798315	      0.99521911862442957730	      1.02156789955881555088	     -0.35600576186088178643	      0.84899860904211843504	     -0.07308707915527394572	      0.01903118582676048207	      1.36863454342708856792	      1.36863454342708457112	      0.04903577831671948606	     -0.00000000000000308328	     -0.00000000000000147817	      0.20129189932842656008	      0.10200160921895387589	     -0.02719864841674075190	      0.48298671293679829031	      0.48298671293679518168	      0.05599323953185023073	     -0.00000000000000857480	     -0.00000000000001123640	      0.16901944425488601986	     -0.02415932322704627058	     -0.12353002084033239127	     -0.71066198733760077566	     -0.36465313611079114287	     -0.11987518632110129302	      1.70450257601310961597	      1.46242241126760519343	      0.00000000000000174521	     -0.00000000000000033328	     -0.51848666266286635995	     -0.19745008946971862041	     -0.21443763610255975327	      2.06292290941955336336	      1.33155205675383569996	      0.00000000000000042777	     -0.00000000000000107697
      1.08699999999999996625	     -0.28616176505057661084	     -0.01014891044345737209	     -0.01821741543798696336	      0.99624693381453521823	      1.02428016218112727387	     -0.35565148503067167685	      0.85336063449413790405	     -0.07097447048360062960	      0.01242961877274540404	      1.33770419893831271629	      1.33770419893830871949	      0.05168767463955784014	     -0.00000000000000311684	     -0.00000000000000149492	      0.18497138946203925403	      0.09879611797228435299	     -0.03163565292684435842	      0.46777277359795660372	      0.46777277359795343958	      0.02637867739384827659	     -0.00000000000000857857	     -0.00000000000001128494	      0.17324071625252551732	     -0.02041083918780372056	     -0.12486581814871387797	     -0.72263030108564263454	     -0.36507775958014676565	     -0.12504444466886507903	      1.71430594152852466827	      1.46105437610488153588	      0.00000000000000174927	     -0.00000000000000031574	     -0.52255611781818434025	     -0.19817373303357138647	     -0.21438652753841094811	      2.07869214440465555072	      1.33099684705819498731	      0.00000000000000043177	     -0.00000000000000109330
      1.09099999999999996980	     -0.28780749246636061489	     -0.01207498046197724370	     -0.02245951747152935205	      0.99728089188936697163	      1.02697465303925539182	     -0.35529091885827229769	      0.85673670316481442821	     -0.06869233672092821263	      0.00529537730928240219	      1.30535298772338115292	      1.30535298772337715612	      0.05364599734202050302	     -0.00000000000000315036	     -0.00000000000000151228	      0.16907459531919777351	      0.09545490487829272341	     -0.03615788201667252677	      0.45307989459773673202	      0.45307989459773362340	     -0.00397243229583031134	     -0.00000000000000857541	     -0.00000000000001131614	      0.17722636045616957379	     -0.01648998393821585196	     -0.12597608194237430723	     -0.73445564697517506936	     -0.36523973398199449658	     -0.13025837394695538585	      1.72369258612037801193	      1.45966274995791955860	      0.00000000000000175318	     -0.00000000000000029798	     -0.52656248170923858343	     -0.19912643031662971560	     -0.21393659912371812415	      2.09425012320865944204	      1.33054904935268747401	      0.00000000000000043557	     -0.00000000000000110936
      1.09499999999999997335	     -0.28933639597732119242	     -0.01416933275802832043	     -0.02664980414519491428	      0.99832458245809574393	      1.02963689936324565011	     -0.35491958392576533621	      0.85915954690094842316	     -0.06616745281964911407	     -0.00237988347269790399	      1.27164329631195305303	      1.27164329631194905623	      0.05489093650320583245	     -0.00000000000000318429	     -0.00000000000000153032	      0.15354773418329467627	      0.09195264501968156146	     -0.04073004573357195263	      0.43879292002460962285	      0.43879292002460651423	     -0.03488240593727686550	     -0.00000000000000856779	     -0.00000000000001134743	      0.18101671769623617347	     -0.01237414168000856851	     -0.12688858347930773163	     -0.74612730975765417796	     -0.36513292965415006242	     -0.13546811976926798060	      1.73269382062632382180	      1.45825321450414469027	      0.00000000000000175741	     -0.00000000000000028003	     -0.53052538032757512454	     -0.20029985461989546769	     -0.21309479477971987604	      2.10954994397482931134	      1.33021945249429807134	      0.00000000000000043938	     -0.00000000000000112539
      1.09899999999999997691	     -0.29076683467521052817	     -0.01643952859658578958	     -0.03079045119486109941	      0.99938062729449095301	      1.03225262974051590348	     -0.35453315350760583602	      0.86067146542792394293	     -0.06334857502345006552	     -0.01059335768879990716	      1.23667167050230775160	      1.23667167050230375480	      0.05544244211221184548	     -0.00000000000000321825	     -0.00000000000000154842	      0.13834834374898202780	      0.08828962821664274041	     -0.04531616637835060579	      0.42482904333596294144	      0.42482904333595983282	     -0.06617226253878727427	     -0.00000000000000856373	     -0.00000000000001138213	      0.18464710381751484047	     -0.00806852409882089297	     -0.12763559797773663118	     -0.75762928846850796649	     -0.36474882167613598138	     -0.14062595095830002223	      1.74134088411420662190	      1.45682815635325768611	      0.00000000000000176195	     -0.00000000000000026215	     -0.53446016508707749892	     -0.20168802487284101521	     -0.21188025649899450142	      2.12453494029299161383	      1.33001486359542475668	      0.00000000000000044297	     -0.00000000000000114153
      1.10299999999999998046	     -0.29210990671038394861	     -0.01886810827653659026	     -0.03487502193667710304	      1.00045000325519839457	      1.03480833603005906163	     -0.35412796449338002081	      0.86131970712662664358	     -0.06021062342153413877	     -0.01931997180408818668	      1.20056363431767865180	      1.20056363431767465499	      0.05535820214679221252	     -0.00000000000000325191	     -0.00000000000000156572	      0.12344928034983232434	      0.08449560429611577272	     -0.04987307400028806459	      0.41115186013669718923	      0.41115186013669402509	     -0.09766292118441997905	     -0.00000000000000856447	     -0.00000000000001141944	      0.18814041714056853327	     -0.00360986126297044426	     -0.12825234916056743595	     -0.76893704326733469667	     -0.36407818664222102445	     -0.14568669279725951493	      1.74966173816615078174	      1.45538648326424824297	      0.00000000000000176644	     -0.00000000000000024460	     -0.53837578946139930114	     -0.20328727708568519739	     -0.21032484763952527529	      2.13914371633614175394	      1.32993762020234940202	      0.00000000000000044664	     -0.00000000000000115744
      1.10699999999999998401	     -0.29336550943421030313	     -0.02141183648751967053	     -0.03888807846277148733	      1.00153162072676016336	      1.03729179241464941619	     -0.35370142225030593019	      0.86115103526205516449	     -0.05675574329961720343	     -0.02850173774536943899	      1.16346482770451586930	      1.16346482770451187250	      0.05472671763204962209	     -0.00000000000000328513	     -0.00000000000000158224	      0.10884051093882787797	      0.08063034924388977343	     -0.05434421615401702210	      0.39777995991211451132	      0.39777995991211123616	     -0.12917661028596785777	     -0.00000000000000856117	     -0.00000000000001145560	      0.19150128687934978022	      0.00093311984576690881	     -0.12877503278828741906	     -0.78001484712979629599	     -0.36311304216578799142	     -0.15060888346612127942	      1.75767877964421836978	      1.45392398736948336158	      0.00000000000000177126	     -0.00000000000000022732	     -0.54227401279386222566	     -0.20509556065827080906	     -0.20847260517730056839	      2.15331607996763274571	      1.32998517953074690823	      0.00000000000000045071	     -0.00000000000000117385
      1.11099999999999998757	     -0.29451962180618262988	     -0.02400379642617181397	     -0.04280623543321111779	      1.00262221112101546083	      1.03969246844470508684	     -0.35325225309180630084	      0.86020624539042422896	     -0.05301119595674621404	     -0.03803923299285744825	      1.12552959896382920313	      1.12552959896382498428	      0.05365562342536095430	     -0.00000000000000331847	     -0.00000000000000159919	      0.09452888882436019657	      0.07678059032224174296	     -0.05865457984769071459	      0.38478967780569878210	      0.38478967780569556245	     -0.16053813329432731205	     -0.00000000000000855628	     -0.00000000000001149480	      0.19471258253357129342	      0.00546285094223398961	     -0.12923833668937459440	     -0.79081396527197600488	     -0.36184857604549147680	     -0.15535585439891774762	      1.76540764746251266359	      1.45243420181153570780	      0.00000000000000177658	     -0.00000000000000021005	     -0.54614983934764471663	     -0.20711114214916068188	     -0.20637793114186853138	      2.16699921428545794200	      1.33014981627665873631	      0.00000000000000045505	     -0.00000000000000119081
      1.11499999999999999112	     -0.29554340335143092222	     -0.02655818588802563371	     -0.04660044824580691220	      1.00371651027713815196	      1.04200177391172243979	     -0.35278058210688928442	      0.85851559354851891825	     -0.04902443190257994854	     -0.04778642353294444006	      1.08690876884866627350	      1.08690876884866227670	      0.05225709321261960000	     -0.00000000000000335214	     -0.00000000000000161652	      0.08053648612980661425	      0.07305353279933569921	     -0.06270780471839894343	      0.37231228202835542351	      0.37231228202835220387	     -0.19157506016712846919	     -0.00000000000000855034	     -0.00000000000001153422	      0.19773489520063911029	      0.00985951032918727654	     -0.12967283712581015309	     -0.80127202869950864272	     -0.36028489051969520007	     -0.15989657479730839951	      1.77285688730237556143	      1.45090962036423465342	      0.00000000000000178224	     -0.00000000000000019283	     -0.54999286425263937961	     -0.20933099247634756601	     -0.20410250594825879444	      2.18015292311453645624	      1.33041853323091285866	      0.00000000000000045937	     -0.00000000000000120801
      1.11899999999999999467	     -0.29639463690224193693	     -0.02897736960456197275	     -0.05023905282063044486	      1.00480767603565146473	      1.04421308038585780587	     -0.35228783415886055774	      0.85609612821230096635	     -0.04485600737316924186	     -0.05754969557683768666	      1.04773857840468020974	      1.04773857840467643499	      0.05063309751115668139	     -0.00000000000000338741	     -0.00000000000000163443	      0.06689824092239182729	      0.06956767385018841621	     -0.06638663203369439547	      0.36052631763479359162	      0.36052631763479031646	     -0.22211581420385081986	     -0.00000000000000854061	     -0.00000000000001156959	      0.20050937103500268699	      0.01399038661834485324	     -0.13010289032216021399	     -0.81131400260073216479	     -0.35842842931149876406	     -0.16420590563168249720	      1.78002802826327011232	      1.44934310380520448014	      0.00000000000000178748	     -0.00000000000000017587	     -0.55378907669160104543	     -0.21174924748514897810	     -0.20171105661759872185	      2.19275255640050037442	      1.33077332297423556184	      0.00000000000000046357	     -0.00000000000000122443
      1.12299999999999999822	     -0.29702163346537080457	     -0.03116053585828560193	     -0.05369113677826600067	      1.00588786785190009709	      1.04632150557561476312	     -0.35177647098616809940	      0.85295152042573540996	     -0.04057126725957219127	     -0.06709171422133651530	      1.00813249232666501953	      1.00813249232666102273	      0.04886266640819518503	     -0.00000000000000342137	     -0.00000000000000165165	      0.05365951381650713170	      0.06644186319968289900	     -0.06955723077571554502	      0.34964623713437137376	      0.34964623713436809860	     -0.25198540278630671141	     -0.00000000000000853098	     -0.00000000000001160334	      0.20296378748405266568	      0.01772110903683600178	     -0.13054532529361220772	     -0.82085506150926801361	     -0.35629289969705685293	     -0.16826421435031541085	      1.78691604029937423093	      1.44772928456054583712	      0.00000000000000179247	     -0.00000000000000015883	     -0.55752277859889742828	     -0.21435606710201418612	     -0.19926631974373537615	      2.20478908979516052824	      1.33119183374420213539	      0.00000000000000046781	     -0.00000000000000124115
      1.12700000000000000178	     -0.29736919082333629349	     -0.03301307589809900078	     -0.05692994171119973579	      1.00694891697667232577	      1.04832348936435604259	     -0.35124960054606541027	      0.84907449506280663343	     -0.03623197925744930936	     -0.07614051766472733351	      0.96817706287077176519	      0.96817706287076765737	      0.04699240274181142041	     -0.00000000000000345781	     -0.00000000000000166881	      0.04087394995853679130	      0.06378385018669724404	     -0.07207720642947477996	      0.33990894745552785450	      0.33990894745552457934	     -0.28099960967731613115	     -0.00000000000000851961	     -0.00000000000001163779	      0.20502117518038448507	      0.02092761170176834704	     -0.13100881555231019826	     -0.82980558181913310900	     -0.35389943644385574162	     -0.17205676213961396126	      1.79351075174074781060	      1.44606576143595844108	      0.00000000000000179757	     -0.00000000000000014154	     -0.56117846083070854757	     -0.21713709617814744290	     -0.19682378579118789408	      2.21626708030412533645	      1.33164837843028593944	      0.00000000000000047189	     -0.00000000000000125786
      1.13100000000000000533	     -0.29738582176306416205	     -0.03445577458966107842	     -0.05993599094617192702	      1.00798303321309568048	      1.05021621396521558367	     -0.35071051793394103502	      0.84445163735073802691	     -0.03188902404903835863	     -0.08440377513153746181	      0.92793262689414690580	      0.92793262689414279798	      0.04503108356714437266	     -0.00000000000000349543	     -0.00000000000000168541	      0.02860182629505437363	      0.06167954703966625762	     -0.07380655164623257936	      0.33155983716013176510	      0.33155983716012854545	     -0.30895878715694596872	     -0.00000000000000850735	     -0.00000000000001167672	      0.20660992946517767188	      0.02350771362306294104	     -0.13149373309920348030	     -0.83807804477070291238	     -0.35127588167721601753	     -0.17557326682042487254	      1.79979966369740074228	      1.44435390401561214446	      0.00000000000000180321	     -0.00000000000000012369	     -0.56474249797780140536	     -0.22007359396898193427	     -0.19442684222368711300	      2.22720133993756963520	      1.33211520621760515226	      0.00000000000000047607	     -0.00000000000000127463
      1.13500000000000000888	     -0.29703100406051802240	     -0.03543303511050135968	     -0.06269960742876366788	      1.00898344477184886969	      1.05199698238044447862	     -0.35016226348953005676	      0.83906981680052594719	     -0.02757683108076129652	     -0.09158707010980804419	      0.88743898247986297001	      0.88743898247985864014	      0.04294918188155100874	     -0.00000000000000353159	     -0.00000000000000170148	      0.01690855757030134895	      0.06018405753914251449	     -0.07461995696568607395	      0.32483933251191804414	      0.32483933251191471347	     -0.33564267414356996344	     -0.00000000000000849777	     -0.00000000000001171831	      0.20767368753216775001	      0.02539139489002435052	     -0.13199247488432996889	     -0.84559482258888352124	     -0.34845537483295785375	     -0.17880762048053644442	      1.80577163709486687715	      1.44259918180513224684	      0.00000000000000180901	     -0.00000000000000010528	     -0.56820414910494032590	     -0.22314313691950074525	     -0.19210282661724500941	      2.23761237449784333720	      1.33256399363845345896	      0.00000000000000048035	     -0.00000000000000129157
      1.13900000000000001243	     -0.29628098287806992062	     -0.03591944590804432846	     -0.06522248994106703834	      1.00994486393686422332	      1.05366267697717175267	     -0.34960729227850900758	      0.83292316069838367998	     -0.02330994738311447864	     -0.09741437354913420887	      0.84672569295855582006	      0.84672569295855137916	      0.04068402326392274448	     -0.00000000000000356703	     -0.00000000000000171636	      0.00586277748606761455	      0.05931537217005415641	     -0.07441848825648988974	      0.31997070418837281203	      0.31997070418836942585	     -0.36080790103829996074	     -0.00000000000000848799	     -0.00000000000001176093	      0.20817893388138500321	      0.02654898182766960921	     -0.13249033313044694671	     -0.85229526215092588082	     -0.34547467255286423704	     -0.18175750719259617383	      1.81142035712208548937	      1.44081100300782072310	      0.00000000000000181556	     -0.00000000000000008656	     -0.57155521066238645922	     -0.22632067499879085504	     -0.18986041431533706714	      2.24752021620879194330	      1.33296753055575756264	      0.00000000000000048421	     -0.00000000000000130923
      1.14300000000000001599	     -0.29513226662690489333	     -0.03592396059876794279	     -0.06751816018229522820	      1.01086372226646181716	      1.05520936226945027947	     -0.34904731521474147149	      0.82601982715496358178	     -0.01908204980124738118	     -0.10164872959778176176	      0.80582614137888886052	      0.80582614137888430861	      0.03815075002657118686	     -0.00000000000000360211	     -0.00000000000000173131	     -0.00446600574576318070	      0.05905139060597639628	     -0.07313936529750332538	      0.31715004034825988732	      0.31715004034825644563	     -0.38418934649289904204	     -0.00000000000000847766	     -0.00000000000001180158	      0.20811920754781018661	      0.02699639447488478075	     -0.13296679736730868115	     -0.85814092869848723755	     -0.34237252460645267726	     -0.18442385648482953475	      1.81674680033314128735	      1.43900208920146255309	      0.00000000000000182212	     -0.00000000000000006760	     -0.57478831298386967585	     -0.22957974419604298966	     -0.18768865261746639495	      2.25693706350075329325	      1.33330151439288457915	      0.00000000000000048791	     -0.00000000000000132720
      1.14700000000000001954	     -0.29360290148762180351	     -0.03549091362093243635	     -0.06961133821710466241	      1.01173814519499183362	      1.05663204055991433172	     -0.34848331721217434831	      0.81838830386175676068	     -0.01486761912483480948	     -0.10411108644387893907	      0.76479378690790023043	      0.76479378690789556750	      0.03525871745305979299	     -0.00000000000000363743	     -0.00000000000000174602	     -0.01400931137251208713	      0.05933062063023497590	     -0.07076363466163478055	      0.31653968198344317742	      0.31653968198343973572	     -0.40550556203358434360	     -0.00000000000000846797	     -0.00000000000001184319	      0.20751607465807278552	      0.02679651563995274349	     -0.13339690231510623053	     -0.86311869856605494267	     -0.33918823102511191925	     -0.18681035328068065771	      1.82176043815039134799	      1.43718745464142627632	      0.00000000000000182814	     -0.00000000000000004908	     -0.57789468794202225599	     -0.23289372503234248568	     -0.18555781724663361620	      2.26586026998734979543	      1.33354627245242518541	      0.00000000000000049164	     -0.00000000000000134445
      1.15100000000000002309	     -0.29173168195507703793	     -0.03469735959328731911	     -0.07153637064760681730	      1.01256769153645431736	      1.05792456312789706629	     -0.34791573584819607268	      0.81008286575065269197	     -0.01062625269479690326	     -0.10469533340611035521	      0.72371876593609596462	      0.72371876593609119066	      0.03193209262722446207	     -0.00000000000000367298	     -0.00000000000000176108	     -0.02270048139108786847	      0.06005665894998936383	     -0.06732159459292355597	      0.31826598055588306568	      0.31826598055587967950	     -0.42446813314619014079	     -0.00000000000000845770	     -0.00000000000001188317	      0.20641722329532449787	      0.02605604552368387047	     -0.13375226499208717201	     -0.86724156705616495255	     -0.33596047363605252567	     -0.18892323934566102039	      1.82647918919102125734	      1.43538309415766396349	      0.00000000000000183289	     -0.00000000000000003061	     -0.58086230668791194454	     -0.23623701913034328426	     -0.18342214197835557399	      2.27426729321779541593	      1.33368821517519875464	      0.00000000000000049533	     -0.00000000000000136061
      1.15500000000000002665	     -0.28957497614439547950	     -0.03364696259077042118	     -0.07333494885981038658	      1.01335291173806285592	      1.05907975113096242126	     -0.34734478389233441886	      0.80118695317871480022	     -0.00630898006739939385	     -0.10337787089829124365	      0.68274235057803234206	      0.68274235057802745708	      0.02813143019142125625	     -0.00000000000000370815	     -0.00000000000000177570	     -0.03047506462348764655	      0.06110604272779058405	     -0.06289506307394075735	      0.32242067894892001423	      0.32242067894891662805	     -0.44079537983506578147	     -0.00000000000000844734	     -0.00000000000001192423	      0.20489141857161438653	      0.02491814471897207950	     -0.13400164186610738493	     -0.87054692207507566870	     -0.33272651913148260094	     -0.19077143539678226292	      1.83092842207869477278	      1.43360455098210293201	      0.00000000000000183704	     -0.00000000000000001215	     -0.58367467479115797691	     -0.23958590791604772452	     -0.18122423829270700724	      2.28211343608477656986	      1.33372085218927116657	      0.00000000000000049885	     -0.00000000000000137544
      1.15900000000000003020	     -0.28720073517170058297	     -0.03246119575247446987	     -0.07505345700805765574	      1.01409476238476514709	      1.06008979830700988956	     -0.34677088531148447803	      0.79181281075686138493	     -0.00186556979391093360	     -0.10022036386653368489	      0.64206650718564672875	      0.64206650718564184377	      0.02387196434449650670	     -0.00000000000000374326	     -0.00000000000000179051	     -0.03727223879030610448	      0.06233868423392814606	     -0.05761518845492466512	      0.32906433312966232307	      0.32906433312965888138	     -0.45423030660422925031	     -0.00000000000000843662	     -0.00000000000001196504	      0.20301979148328300195	      0.02355179459903647063	     -0.13411098826693679253	     -0.87309215559476616164	     -0.32952179706251877311	     -0.19236687251407103005	      1.83513943819261626800	      1.43186557630978383848	      0.00000000000000184116	      0.00000000000000000655	     -0.58631009029872471761	     -0.24291886654718078398	     -0.17890084130752517688	      2.28933262903469847416	      1.33364523054162509297	      0.00000000000000050196	     -0.00000000000000138956
      1.16300000000000003375	     -0.28468012702016437521	     -0.03126834723552514989	     -0.07674018632978493737	      1.01479389670354591679	      1.06094681778417077034	     -0.34619518524981279795	      0.78209651873549290713	      0.00274782177794140889	     -0.09536501352433769674	      0.60195673640725544384	      0.60195673640725055886	      0.01923551911009624069	     -0.00000000000000377885	     -0.00000000000000180591	     -0.04303784049926163285	      0.06361021174706112113	     -0.05165639677368191046	      0.33823040474758514495	      0.33823040474758164775	     -0.46457523695852892542	     -0.00000000000000842572	     -0.00000000000001200594	      0.20088373165300846268	      0.02213854315732543057	     -0.13404311252902392781	     -0.87494770229334695166	     -0.32637971258800374530	     -0.19372478671330128908	      1.83914734385403555450	      1.43017711797014124286	      0.00000000000000184513	      0.00000000000000002539	     -0.58874104339278532372	     -0.24621632112680588711	     -0.17638933735621134535	      2.29584085589469433231	      1.33346972298881549790	      0.00000000000000050486	     -0.00000000000000140369
      1.16700000000000003730	     -0.28207870119998035285	     -0.03019176155637889880	     -0.07844286097456799889	      1.01544977399136393537	      1.06164275124000928585	     -0.34562001050381968570	      0.77218773451154476550	      0.00756331511223508769	     -0.08902270746637451493	      0.56273705580102284518	      0.56273705580101807122	      0.01437433204616808680	     -0.00000000000000381466	     -0.00000000000000182129	     -0.04773065828036477526	      0.06478260587636025525	     -0.04522999307994642060	      0.34992381583317655469	      0.34992381583317294647	     -0.47176892596051672735	     -0.00000000000000841490	     -0.00000000000001204798	      0.19855016621833546098	      0.02085894401214615293	     -0.13375691201813266762	     -0.87618714988756596362	     -0.32333199720524530285	     -0.19486367882030783405	      1.84298771712610642837	      1.42854677895474679872	      0.00000000000000184940	      0.00000000000000004401	     -0.59093331163193141276	     -0.24945980707829773504	     -0.17363426208319740485	      2.30154101568104829667	      1.33320914206623153397	      0.00000000000000050775	     -0.00000000000000141814
      1.17100000000000004086	     -0.27944582165800668783	     -0.02934188245727556779	     -0.08020460882197556762	      1.01606097430257746872	      1.06217227590932283832	     -0.34504914969194416807	      0.76224287400562940054	      0.01259551655601424264	     -0.08145798919626730250	      0.52477685612878366417	      0.52477685612877877919	      0.00950577665174169584	     -0.00000000000000384996	     -0.00000000000000183565	     -0.05132151319164653808	      0.06573798644572816097	     -0.03855310602990628249	      0.36414148706215193618	      0.36414148706214827245	     -0.47568369578351488158	     -0.00000000000000840433	     -0.00000000000001209163	      0.19606386432098318884	      0.01987944987405260502	     -0.13320918701162154374	     -0.87688255859487795885	     -0.32040947220427906661	     -0.19580613367438021166	      1.84669601583445208703	      1.42697822009917452135	      0.00000000000000185352	      0.00000000000000006241	     -0.59285123256519278723	     -0.25263054810318102961	     -0.17059327165601420595	      2.30633369840828583719	      1.33288334276430942005	      0.00000000000000051043	     -0.00000000000000143273
      1.17500000000000004441	     -0.27680649853006283889	     -0.02880451048489179183	     -0.08206280958556678995	      1.01662451789009145031	      1.06253283628871075805	     -0.34448776889750393204	      0.75240911872281268646	      0.01783740624387491341	     -0.07296577927461009305	      0.48847103250677303965	      0.48847103250676815467	      0.00489822718092115111	     -0.00000000000000388513	     -0.00000000000000184990	     -0.05380052303936830316	      0.06638773212767333509	     -0.03185414066647056924	      0.38085797517802494339	      0.38085797517802122414	     -0.47639090374387221827	     -0.00000000000000839396	     -0.00000000000001213618	      0.19343509134354966439	      0.01933690371498815799	     -0.13235370409297006478	     -0.87709529882989378802	     -0.31764084143736148746	     -0.19657735807097889702	      1.85030194924887392283	      1.42547212788923216564	      0.00000000000000185762	      0.00000000000000008048	     -0.59445843455431524038	     -0.25570928569783962780	     -0.16724182581873001108	      2.31012369194665856398	      1.33251523341984090543	      0.00000000000000051287	     -0.00000000000000144679
      1.17900000000000004796	     -0.27415809923267048243	     -0.02863443871093322712	     -0.08404659087006977058	      1.01713565113651904781	      1.06272459780487271708	     -0.34394228661394626867	      0.74281215914443554649	      0.02325922898583582255	     -0.06385023650933305261	      0.45421510968843209488	      0.45421510968842715439	      0.00084767936862876602	     -0.00000000000000392051	     -0.00000000000000186448	     -0.05517869177555226323	      0.06667885834678573265	     -0.02535165605989571705	      0.40003340701516970634	      0.40003340701516587608	     -0.47408141333436543130	     -0.00000000000000838409	     -0.00000000000001218100	      0.19063512313297037437	      0.01932866016838784284	     -0.13114350699742055584	     -0.87687058789355953881	     -0.31505215958342880356	     -0.19720434846988915689	      1.85382654629619803011	      1.42402686416888824006	      0.00000000000000186238	      0.00000000000000009821	     -0.59572059914027775118	     -0.25867551778249442407	     -0.16357574518066139713	      2.31282837086420256512	      1.33212862592424952091	      0.00000000000000051532	     -0.00000000000000146161
      1.18300000000000005151	     -0.27146921135019852489	     -0.02885154754525827772	     -0.08617536166063509417	      1.01758819581251325204	      1.06275062425899080587	     -0.34341989573818143544	      0.73354499033781972450	      0.02880885086552995022	     -0.05440403789547898494	      0.42237731823053409341	      0.42237731823052904190	     -0.00235307070229341274	     -0.00000000000000395542	     -0.00000000000000187799	     -0.05548860683580751629	      0.06659711053583139417	     -0.01924160616749600108	      0.42161387511984277365	      0.42161387511983894338	     -0.46906452378152890814	     -0.00000000000000837430	     -0.00000000000001222682	      0.18759675960797628225	      0.01990494843453000096	     -0.12953335252555644996	     -0.87623450856467599568	     -0.31266562055777913365	     -0.19771460141936259003	      1.85728020782918346043	      1.42263961336711819428	      0.00000000000000186743	      0.00000000000000011587	     -0.59660967732841840849	     -0.26150729541679912371	     -0.15961190284707074682	      2.31438579599969118661	      1.33174598172729585777	      0.00000000000000051799	     -0.00000000000000147715
      1.18700000000000005507	     -0.26868208868745385720	     -0.02944051467967261082	     -0.08845776001534406963	      1.01797518179239854241	      1.06261668149253285520	     -0.34292790474351686481	      0.72465951178951470979	      0.03441416038613744066	     -0.04489110065504730435	      0.39327105039515219964	      0.39327105039514709262	     -0.00444937610284177817	     -0.00000000000000399036	     -0.00000000000000188999	     -0.05478354946859888275	      0.06616609757921032564	     -0.01368678149779735051	      0.44553026794701833246	      0.44553026794701455771	     -0.46175778543139978094	     -0.00000000000000836486	     -0.00000000000001227340	      0.18422007188303304859	      0.02106546628182355552	     -0.12748306000482495515	     -0.87519349001668766963	     -0.31049824142233878321	     -0.19813446238608253824	      1.86066205214833324533	      1.42130765790860680298	      0.00000000000000187231	      0.00000000000000013369	     -0.59710819485974686582	     -0.26418145385305463746	     -0.15538689400268113072	      2.31476102509956493947	      1.33138637612663335297	      0.00000000000000052015	     -0.00000000000000149250
      1.19100000000000005862	     -0.26571850338696795246	     -0.03035436043894698677	     -0.09089085101407791412	      1.01828970513317140778	      1.06233069040354988211	     -0.34247300684221698708	      0.71616211781810135140	      0.03998748326619274568	     -0.03553455942161981573	      0.36713089223380945825	      0.36713089223380429571	     -0.00525998953520302303	     -0.00000000000000402561	     -0.00000000000000190181	     -0.05313502500155752734	      0.06544231434995374797	     -0.00880897257996208528	      0.47169570846030672850	      0.47169570846030289824	     -0.45266659894538030517	     -0.00000000000000835536	     -0.00000000000001231998	      0.18038295684034624800	      0.02276086455211454723	     -0.12496178479373554193	     -0.87373623847640347062	     -0.30856081352027225906	     -0.19848710797798702066	      1.86396050071978924834	      1.42002959263176053994	      0.00000000000000187740	      0.00000000000000015158	     -0.59721291679885346593	     -0.26667428813102639351	     -0.15095383234266143702	      2.31394965386438311583	      1.33106393857570948214	      0.00000000000000052158	     -0.00000000000000150704
      1.19500000000000006217	     -0.26248858261372703948	     -0.03152122035310356285	     -0.09345958854045503805	      1.01852592860585033918	      1.06190188839639065854	     -0.34206057355073365978	      0.70801410375642059858	      0.04543152045601393102	     -0.02651103496932084858	      0.34409490395709546595	      0.34409490395709024790	     -0.00470843152340256078	     -0.00000000000000406085	     -0.00000000000000191328	     -0.05062853047164144610	      0.06450661264599640010	     -0.00468450825874910156	      0.50000250330758178041	      0.50000250330757789463	     -0.44235428357135148092	     -0.00000000000000834619	     -0.00000000000001236642	      0.17595575060713397608	      0.02489881589595633465	     -0.12195271904737223223	     -0.87183782742133753008	     -0.30685732144042132674	     -0.19879034071756315760	      1.86715482411252264860	      1.41880633786737719859	      0.00000000000000188123	      0.00000000000000016937	     -0.59693755323787545120	     -0.26896261298765011816	     -0.14637763842113299395	      2.31197823729307083696	      1.33078690709245273105	      0.00000000000000052245	     -0.00000000000000152003
      1.19900000000000006573	     -0.25890201182957017778	     -0.03285322746961116119	     -0.09613664751250687590	      1.01868011812603920241	      1.06133977629334208537	     -0.34169406066986501846	      0.70013736447332097779	      0.05064600916011288700	     -0.01795156252281675593	      0.32419537089039940359	      0.32419537089039413003	     -0.00284628521878733205	     -0.00000000000000409640	     -0.00000000000000192406	     -0.04735733507042606816	      0.06345313242415320798	     -0.00134374360666333513	      0.53031992734386868005	      0.53031992734386468324	     -0.43140418695477594779	     -0.00000000000000833696	     -0.00000000000001241348	      0.17081884319214468704	      0.02735375544348210564	     -0.11845744278976849673	     -0.86946546559541204591	     -0.30538492633375968754	     -0.19905450063048529818	      1.87021724475634409934	      1.41764183663683263070	      0.00000000000000188569	      0.00000000000000018711	     -0.59631441753300296060	     -0.27102510623417669366	     -0.14172932022806009056	      2.30890169141968426558	      1.33055735664013252695	      0.00000000000000052263	     -0.00000000000000153357
      1.20300000000000006928	     -0.25488064939135274267	     -0.03425655296178489045	     -0.09888270053697120754	      1.01875157414335992812	      1.06065295005435800135	     -0.34137461344956709919	      0.69242534840580693967	      0.05553457343494135751	     -0.00994874417883046848	      0.30735969620181313733	      0.30735969620180791928	      0.00013515161243357913	     -0.00000000000000413264	     -0.00000000000000193384	     -0.04341445178064669286	      0.06237663631365071570	      0.00122557086078763566	      0.56249379079414263405	      0.56249379079413852622	     -0.42037676959649666886	     -0.00000000000000832758	     -0.00000000000001246112	      0.16488159335294844121	      0.02997952155759492365	     -0.11449931251753832362	     -0.86658523449972157948	     -0.30413471284517112903	     -0.19928079164978071414	      1.87311537406600026046	      1.41654328957290664981	      0.00000000000000189075	      0.00000000000000020509	     -0.59539480701310432131	     -0.27284379584189705215	     -0.13707975487359658207	      2.30479805088521283452	      1.33037165345440921982	      0.00000000000000052185	     -0.00000000000000154840
      1.20700000000000007283	     -0.25037114966820689377	     -0.03564202056611473490	     -0.10164718948518994268	      1.01874327177193180205	      1.05984794676447013906	     -0.34110094201134111280	      0.68475862004034193653	      0.06001169587829964513	     -0.00256879549370027382	      0.29342247052486575276	      0.29342247052486047920	      0.00390780992135534005	     -0.00000000000000416902	     -0.00000000000000194317	     -0.03888354356616386537	      0.06135903045538925599	      0.00307199077787984531	      0.59634816229185294567	      0.59634816229184894887	     -0.40976636668493532367	     -0.00000000000000831814	     -0.00000000000001250894	      0.15809997910344550376	      0.03262439727814889917	     -0.11012551129954818718	     -0.86316881719362525960	     -0.30309350955316372023	     -0.19946028038811455807	      1.87581503681602024258	      1.41552073491676999595	      0.00000000000000189637	      0.00000000000000022280	     -0.59424761310447238305	     -0.27440552685041391667	     -0.13249348976356367658	      2.29976122318613951379	      1.33022168245657668173	      0.00000000000000052086	     -0.00000000000000156455
      1.21100000000000007638	     -0.24535609593974300191	     -0.03693562557273077918	     -0.10436962500796874431	      1.01866205489255667871	      1.05892823637572419671	     -0.34086951277306121177	      0.67702379949589075459	      0.06400960412013695366	      0.00413340937049714620	      0.28214864383926618885	      0.28214864383926085978	      0.00802592835404064738	     -0.00000000000000420414	     -0.00000000000000195207	     -0.03382976949548496814	      0.06045609761954826022	      0.00427231251207994302	      0.63168931057749677649	      0.63168931057749277969	     -0.39996241056751319354	     -0.00000000000000830845	     -0.00000000000001255707	      0.15049039633981589614	      0.03514774567852864406	     -0.10540743904653758489	     -0.85919922554701977369	     -0.30224694358169829078	     -0.19957378464649105920	      1.87828346386621847230	      1.41458586751018033922	      0.00000000000000190182	      0.00000000000000024068	     -0.59295578015926464488	     -0.27570322014994336213	     -0.12802311064759658299	      2.29389249711478315774	      1.33009681272557034326	      0.00000000000000051922	     -0.00000000000000158024
      1.21500000000000007994	     -0.23986225851890954908	     -0.03808776315190046113	     -0.10698152257464645098	      1.01851834103808691623	      1.05789346515816373717	     -0.34067502667631849311	      0.66913367318282634955	      0.06748443772805690077	      0.01009887350503319882	      0.27326523874710773043	      0.27326523874710234585	      0.01196013141187162593	     -0.00000000000000423884	     -0.00000000000000196059	     -0.02829174801660084074	      0.05968607766435105738	      0.00492263944148331207	      0.66831153011515820328	      0.66831153011515431750	     -0.39121892036357874822	     -0.00000000000000829887	     -0.00000000000001260547	      0.14213768020738218323	      0.03743643895850027464	     -0.10043896303978522289	     -0.85467472493371932085	     -0.30158337520523287312	     -0.19959282632420957682	      1.88049232824071577141	      1.41375026218670507561	      0.00000000000000190730	      0.00000000000000025856	     -0.59161071357340322407	     -0.27673664396160851942	     -0.12370478827969050295	      2.28729173131682461673	      1.32998632766733515531	      0.00000000000000051761	     -0.00000000000000159601
      1.21900000000000008349	     -0.23396471597877924187	     -0.03907975019517472698	     -0.10940913124648930788	      1.01832537058127292617	      1.05673904817569730419	     -0.34051110601330225602	      0.66104571330599215528	      0.07042077378252926956	      0.01525152908273527154	      0.26649744619105109056	      0.26649744619104570598	      0.01514348661159880226	     -0.00000000000000427231	     -0.00000000000000196939	     -0.02227584637417579644	      0.05902202188506162905	      0.00512933265154010692	      0.70600428306171536530	      0.70600428306171136850	     -0.38363527566135635638	     -0.00000000000000828948	     -0.00000000000001265435	      0.13319599069645532419	      0.03941871702843815356	     -0.09533203752971347589	     -0.84961044683748176976	     -0.30109794187339311566	     -0.19948175413455115912	      1.88241983356683340034	      1.41302333543521241310	      0.00000000000000191277	      0.00000000000000027648	     -0.59030504440260611609	     -0.27751244908944050493	     -0.11955560784801168295	      2.28004924085108617859	      1.32988189993592809124	      0.00000000000000051666	     -0.00000000000000161173
      1.22300000000000008704	     -0.22778606860706482329	     -0.03992679194412650928	     -0.11157699710316873465	      1.01809807069182478578	      1.05545617041926353963	     -0.34037110827269639879	      0.65277658976987507078	      0.07283381020019205621	      0.01949017840776486390	      0.26160483964810138380	      0.26160483964809588819	      0.01702541783268604961	     -0.00000000000000430508	     -0.00000000000000197819	     -0.01575356641240625855	      0.05838923938216503129	      0.00500055912714648075	      0.74456020291469715566	      0.74456020291469315886	     -0.37715030785507958067	     -0.00000000000000827988	     -0.00000000000001270360	      0.12388205124429821358	      0.04107366869457833303	     -0.09020967740962508585	     -0.84403753069752074367	     -0.30079593957372946500	     -0.19920093315413420210	      1.88405152745167736583	      1.41241033581351316251	      0.00000000000000191851	      0.00000000000000029419	     -0.58912441871618481670	     -0.27804346276917774050	     -0.11557297923531130446	      2.27223921066540635039	      1.32977975367695511189	      0.00000000000000051568	     -0.00000000000000162807
      1.22700000000000009059	     -0.22149062102376818051	     -0.04067729096889340090	     -0.11341223917888663963	      1.01785164568806507646	      1.05403220235044670083	     -0.34024897668475978518	      0.64441076203316305371	      0.07476893485155398922	      0.02268687976003460824	      0.25841344316676068127	      0.25841344316675496362	      0.01712814080802604888	     -0.00000000000000433828	     -0.00000000000000198656	     -0.00866221840681984968	      0.05766822526774050689	      0.00463904496975770918	      0.78378361381170813527	      0.78378361381170424949	     -0.37155072089071283781	     -0.00000000000000827057	     -0.00000000000001275319	      0.11446127280169764162	      0.04243537608884737772	     -0.08519691565434349412	     -0.83800002753915936449	     -0.30069489505979646315	     -0.19871064609200600470	      1.88538017799168744482	      1.41191056566798889271	      0.00000000000000192521	      0.00000000000000031159	     -0.58813927165509205519	     -0.27834749915964845934	     -0.11173599687772245437	      2.26391521558779906798	      1.32968226303259640098	      0.00000000000000051459	     -0.00000000000000164549
      1.23100000000000009415	     -0.21527364928410522293	     -0.04140871316278400133	     -0.11484916645115014755	      1.01760002954872619263	      1.05245149447101660201	     -0.34014002663739806298	      0.63610148408651545626	      0.07629857468219007621	      0.02469359345906922340	      0.25683969520328087111	      0.25683969520327509795	      0.01510911342951161244	     -0.00000000000000437072	     -0.00000000000000199460	     -0.00090900538475925912	      0.05670301441872193510	      0.00413678929314203851	      0.82349900996305402945	      0.82349900996305003265	     -0.36649383468001178743	     -0.00000000000000826134	     -0.00000000000001280342	      0.10522773488674026787	      0.04359113470291352266	     -0.08041077773754641556	     -0.83155013314276782221	     -0.30082465863329943545	     -0.19797523997807786600	      1.88640512006660143740	      1.41151602358206940124	      0.00000000000000193217	      0.00000000000000032896	     -0.58739746249503377307	     -0.27844607730381926158	     -0.10800848153486551639	      2.25510826917503415245	      1.32959875504215285780	      0.00000000000000051327	     -0.00000000000000166303
      1.23500000000000009770	     -0.20934930902896670135	     -0.04222080653520577515	     -0.11583585159001986986	      1.01735367394966358390	      1.05069732517854230736	     -0.34004172136248744795	      0.62806619561217291725	      0.07751653412957311418	      0.02534443984713286371	      0.25690429792923430430	      0.25690429792922853114	      0.01070353134807505886	     -0.00000000000000440293	     -0.00000000000000200240	      0.00762268848571139024	      0.05531288331305779515	      0.00357051723821230627	      0.86355873021429574443	      0.86355873021429185865	     -0.36154311659399684942	     -0.00000000000000825204	     -0.00000000000001285332	      0.09648025534652179824	      0.04467561586105493754	     -0.07594881651533104405	     -0.82474409360927802837	     -0.30122562615493919669	     -0.19696740332091183801	      1.88713090075716505289	      1.41121048932307457946	      0.00000000000000193938	      0.00000000000000034641	     -0.58691677342088754976	     -0.27836321372312922140	     -0.10434274102686240393	      2.24582702907972686646	      1.32954589062104400199	      0.00000000000000051186	     -0.00000000000000168090
      1.23900000000000010125	     -0.20393106514086911663	     -0.04322553823987911742	     -0.11633516418052759767	      1.01711818699851441750	      1.04875374629639139812	     -0.33995411428539867860	      0.62056694687063274074	      0.07853191904610783147	      0.02449663336763157825	      0.25873418710255546848	      0.25873418710254969533	      0.00400583760606753291	     -0.00000000000000443473	     -0.00000000000000201130	      0.01705961175523936640	      0.05331039009592260236	      0.00300364343810501739	      0.90384649816805096023	      0.90384649816804696343	     -0.35621296205464392237	     -0.00000000000000824319	     -0.00000000000001290340	      0.08849349886455255831	      0.04585611613175059886	     -0.07188225391721307644	     -0.81763528647128647098	     -0.30194509934177349297	     -0.19567139109673439834	      1.88756684327772172871	      1.41096980569033081387	      0.00000000000000194677	      0.00000000000000036388	     -0.58668378294801992734	     -0.27812505084291144763	     -0.10068577212120528863	      2.23606248453443212654	      1.32954569521459853298	      0.00000000000000051038	     -0.00000000000000169923
      1.24300000000000010481	     -0.19921284939255681778	     -0.04453889878126952862	     -0.11633153800240901565	      1.01689379708991478601	      1.04660606312121462480	     -0.33987957355766557077	      0.61389572583579288256	      0.07945909072484293179	      0.02203289407625802498	      0.26254804365953121614	      0.26254804365952538747	     -0.00474482611197341118	     -0.00000000000000446644	     -0.00000000000000202091	      0.02753071919414541713	      0.05051952338340079396	      0.00248460978594713987	      0.94427750064632198779	      0.94427750064631799098	     -0.35001940463022168659	     -0.00000000000000823448	     -0.00000000000001295318	      0.08149539640721713274	      0.04731839667459596110	     -0.06824536447647014392	     -0.81026606545967272410	     -0.30303131970316582455	     -0.19408626709982762515	      1.88772356394298990168	      1.41076246274218708443	      0.00000000000000195394	      0.00000000000000038140	     -0.58665248393944879890	     -0.27775613644038926742	     -0.09698366579254054376	      2.22578992216029103446	      1.32962455582009142496	      0.00000000000000050865	     -0.00000000000000171710
      1.24700000000000010836	     -0.19535198719240493004	     -0.04626956684948682619	     -0.11583377652127498092	      1.01667417287321182329	      1.04424360349648259749	     -0.33982249211826098811	      0.60834766004046869625	      0.08040804387549428667	      0.01788666058745375445	      0.26863378916655367146	      0.26863378916654778727	     -0.01510649676105720908	     -0.00000000000000449878	     -0.00000000000000203139	      0.03915259290998741870	      0.04679308088447605568	      0.00205032271947485018	      0.98479480672237595940	      0.98479480672237196259	     -0.34253021100201819227	     -0.00000000000000822624	     -0.00000000000001300350	      0.07564343621486024904	      0.04924810581868711151	     -0.06503197699950634403	     -0.80266804551510495536	     -0.30452397296851940744	     -0.19222703896903084453	      1.88760963073916743227	      1.41055141704927433643	      0.00000000000000196080	      0.00000000000000039905	     -0.58674212608805753622	     -0.27728015160977559361	     -0.09318650138640541258	      2.21497535635001874255	      1.32981047614526670664	      0.00000000000000050679	     -0.00000000000000173484
      1.25100000000000011191	     -0.19245324585957795938	     -0.04850804935624308117	     -0.11487611952342287325	      1.01644650206090036981	      1.04166174430165181519	     -0.33978856960760112083	      0.60419249845334876969	      0.08147471053119495488	      0.01206410755824846755	      0.27731257914312940072	      0.27731257914312351653	     -0.02645610137704226469	     -0.00000000000000453101	     -0.00000000000000204137	      0.05201620548771567626	      0.04202976181697441055	      0.00172992124294511144	      1.02536217883344793478	      1.02536217883344393798	     -0.33340914750387212750	     -0.00000000000000821820	     -0.00000000000001305298	      0.07100811601306476761	      0.05181127730935401743	     -0.06219437045490352339	     -0.79486030830218989962	     -0.30644577250779747590	     -0.19012453982642721351	      1.88722804989756354210	      1.41029669787539346792	      0.00000000000000196773	      0.00000000000000041710	     -0.58684056884224622408	     -0.27671894369809812986	     -0.08925253123035338521	      2.20358122498634756425	      1.33013001272906361550	      0.00000000000000050491	     -0.00000000000000175238
      1.25500000000000011546	     -0.19055693487840608125	     -0.05131691000870220593	     -0.11351740934779055991	      1.01619241867654097611	      1.03886369843059878093	     -0.33978384631334562771	      0.60164662851676087296	      0.08273296110149604143	      0.00466033148383365823	      0.28889639277512507709	      0.28889639277511908189	     -0.03803302415130416919	     -0.00000000000000456335	     -0.00000000000000205133	      0.06617553134476683585	      0.03618781834366936040	      0.00154857475127453980	      1.06595432917795829297	      1.06595432917795429617	     -0.32245026984681579574	     -0.00000000000000820991	     -0.00000000000001310266	      0.06756451555556461375	      0.05513633786451817981	     -0.05964553230133720629	     -0.78684810460977272495	     -0.30879553188647357320	     -0.18782378863400589486	      1.88657283902315708879	      1.40995856135344221904	      0.00000000000000197474	      0.00000000000000043556	     -0.58681117740591159926	     -0.27609118092577228376	     -0.08515116972545065666	      2.19157122677972671099	      1.33060514221877057572	      0.00000000000000050275	     -0.00000000000000176989
      1.25900000000000011902	     -0.18963262820760309890	     -0.05472323843838875629	     -0.11183795207042369901	      1.01588970375817844172	      1.03586185172459699366	     -0.33981368582719523319	      0.60084856164993571959	      0.08422958021510497384	     -0.00413164264329246925	      0.30364396055508896533	      0.30364396055508291461	     -0.04899539986807640440	     -0.00000000000000459375	     -0.00000000000000206114	      0.08163914541529805613	      0.02929340725314210844	      0.00153104797385654858	      1.10654555345421368173	      1.10654555345420946288	     -0.30959929299386801382	     -0.00000000000000820162	     -0.00000000000001315269	      0.06519286516401852360	      0.05929993120502432408	     -0.05726487832529451177	     -0.77862144310508374367	     -0.31154428985474569291	     -0.18538095969944384800	      1.88562625765674152234	      1.40950077606300649968	      0.00000000000000198173	      0.00000000000000045395	     -0.58650309310678172547	     -0.27541074162494882938	     -0.08086449609996175514	      2.17891356653814582955	      1.33125043281890831359	      0.00000000000000050029	     -0.00000000000000178727
      1.26300000000000012257	     -0.18957964230607596279	     -0.05871412641296251678	     -0.10993413646598440558	      1.01551453699134763831	      1.03267841400512638828	     -0.33988189336412560904	      0.60184041022942069699	      0.08598279180175553982	     -0.01402102634523765684	      0.32171988420785219143	      0.32171988420784602969	     -0.05848445510765679783	     -0.00000000000000462448	     -0.00000000000000207394	      0.09836560978217966100	      0.02144262199750882059	      0.00170453566325282535	      1.14709783523758956925	      1.14709783523758557244	     -0.29496017097676241470	     -0.00000000000000819352	     -0.00000000000001320274	      0.06368802262395809044	      0.06431806637076371846	     -0.05490701547022324575	     -0.77015310941076520201	     -0.31463534409028764971	     -0.18285912023068875976	      1.88435696993701840007	      1.40889372075588981126	      0.00000000000000198835	      0.00000000000000047206	     -0.58576412901898444741	     -0.27468496795512648001	     -0.07638728600184023498	      2.16558199039178278511	      1.33207086757009540712	      0.00000000000000049787	     -0.00000000000000180427
      1.26700000000000012612	     -0.19023446843198638101	     -0.06323519536531853336	     -0.10791121106685305775	      1.01504395284868764726	      1.02934519198989327116	     -0.33999012775413633980	      0.60455686982530498774	      0.08798375359676427476	     -0.02462954109585673360	      0.34316095592281170568	      0.34316095592280543292	     -0.06569236642106381086	     -0.00000000000000466046	     -0.00000000000000209079	      0.11626281522834787385	      0.01279751467649071529	      0.00210043639792920978	      1.18754965328814665604	      1.18754965328814243719	     -0.27878616352982293902	     -0.00000000000000818643	     -0.00000000000001325242	      0.06277651834449816948	      0.07014280082442320152	     -0.05241276472487692989	     -0.76139609532750063270	     -0.31798806004909091483	     -0.18032288416148775645	      1.88271902699940407722	      1.40811714003959198571	      0.00000000000000199514	      0.00000000000000049004	     -0.58445491549609474013	     -0.27391295888554628712	     -0.07172601385839887100	      2.15155438403120413682	      1.33306057279694423201	      0.00000000000000049522	     -0.00000000000000182111
      1.27100000000000012967	     -0.19138466991368413561	     -0.06819218014727117250	     -0.10587483038868382434	      1.01445814369396858368	      1.02590234560161785993	     -0.34013769602571541917	      0.60882276189735184957	      0.09020010645874293465	     -0.03551177406846630497	      0.36785310251594027786	      0.36785310251593400510	     -0.06992816177271123090	     -0.00000000000000469129	     -0.00000000000000210436	      0.13519132898165278633	      0.00357674999466186172	      0.00275474259091287952	      1.22780674235622977442	      1.22780674235622577761	     -0.26145587012103838065	     -0.00000000000000818056	     -0.00000000000001330261	      0.06213945638110870279	      0.07666426392705583126	     -0.04962162469357499911	     -0.75228114687122049631	     -0.32150460016508569661	     -0.17783224787514217979	      1.88065146407410788143	      1.40716240222280686289	      0.00000000000000200176	      0.00000000000000050798	     -0.58246249588571918920	     -0.27308432162014267819	     -0.06689727229272890430	      2.13680904062638399310	      1.33420262658561150637	      0.00000000000000049235	     -0.00000000000000183723
      1.27499999999999991118	     -0.19278788336576638263	     -0.07345589186360054756	     -0.10392218651681811581	      1.01374233037267402757	      1.02239609570699108154	     -0.34032173079069932831	      0.61435969594816286499	      0.09258098153083335613	     -0.04618376734561110281	      0.39552166831114965451	      0.39552166831114332624	     -0.07067442417819180811	     -0.00000000000000473088	     -0.00000000000000212013	      0.15497190890902012850	     -0.00595858188401603411	      0.00370693861908389212	      1.26773628496808754562	      1.26773628496808332677	     -0.24343698032350302718	     -0.00000000000000817481	     -0.00000000000001335158	      0.06143932170370301760	      0.08371796656983443441	     -0.04638480056206101265	     -0.74271571844165062970	     -0.32507829572352359149	     -0.17543627222945798461	      1.87807854417014374881	      1.40603391384770737282	      0.00000000000000200815	      0.00000000000000052573	     -0.57971143411070880092	     -0.27217908737715773571	     -0.06192571855418496640	      2.12131929771077132330	      1.33547001663049091924	      0.00000000000000048941	     -0.00000000000000185325
      1.27899999999999991473	     -0.19419384275680992569	     -0.07887089997659797735	     -0.10213365891330848656	      1.01288804569365620267	      1.01887556821502078819	     -0.34053767852568850305	      0.62080204384805048878	      0.09506313312000813642	     -0.05615680558811338152	      0.42573698453761821270	      0.42573698453761171789	     -0.06762658752542097251	     -0.00000000000000477422	     -0.00000000000000214068	      0.17539736823316437464	     -0.01552339658344894721	      0.00499745041750914061	      1.30716602902895351335	      1.30716602902894951654	     -0.22524190094577634103	     -0.00000000000000816957	     -0.00000000000001340102	      0.06034866148893151816	      0.09109733833865384101	     -0.04257785725545656930	     -0.73258591104117731785	     -0.32860230069543427955	     -0.17316753254413033702	      1.87491090914852454041	      1.40474926957181223131	      0.00000000000000201473	      0.00000000000000054352	     -0.57617070966060723869	     -0.27116948772540472312	     -0.05684148367830867132	      2.10504780296518845262	      1.33682772224810753059	      0.00000000000000048648	     -0.00000000000000186920
      1.28299999999999991829	     -0.19536695855800406685	     -0.08426745658277841333	     -0.10056591045054499856	      1.01189378647840211300	      1.01538924934325613947	     -0.34077996001620125543	      0.62772145007552060392	      0.09757748462249164756	     -0.06497315700457163834	      0.45793516533444839078	      0.45793516533444189598	     -0.06070969699418030108	     -0.00000000000000481871	     -0.00000000000000216128	      0.19624823347839553955	     -0.02482983309226411209	      0.00666399616714080222	      1.34588867077862905930	      1.34588867077862484045	     -0.20737998913974040049	     -0.00000000000000816411	     -0.00000000000001345048	      0.05857847687151667565	      0.09857048021573920626	     -0.03811199736654707210	     -0.72176275393641786682	     -0.33197722590583489399	     -0.17103803156948479969	      1.87104791831930028501	      1.40333800024505905846	      0.00000000000000202158	      0.00000000000000056132	     -0.57185537843251343926	     -0.27002381289879323623	     -0.05167720734549918066	      2.08794194173633762546	      1.33823574300263126169	      0.00000000000000048359	     -0.00000000000000188522
      1.28699999999999992184	     -0.19610691194994078757	     -0.08947500399351748790	     -0.09924725338511143635	      1.01076502291338887751	      1.01198173502623167685	     -0.34104263310620253069	      0.63465752265684616251	      0.10005477565175657784	     -0.07224042114590478736	      0.49145152225020150016	      0.49145152225019483883	     -0.05007292095612474875	     -0.00000000000000486610	     -0.00000000000000217831	      0.21731031456835067650	     -0.03360853943112299125	      0.00873775101208924647	      1.38367017434780215090	      1.38367017434779815410	     -0.19031189474267590223	     -0.00000000000000815910	     -0.00000000000001349887	      0.05590363242978140662	      0.10589878340727236494	     -0.03294276812646738939	     -0.71011315626427673475	     -0.33511684653327389327	     -0.16903693138208955582	      1.86638148970619588418	      1.40183915179346718638	      0.00000000000000202833	      0.00000000000000057883	     -0.56682303265079680976	     -0.26871186338660801862	     -0.04646520838470615672	      2.06993203930210611929	      1.33965271213008696449	      0.00000000000000048106	     -0.00000000000000190149
      1.29099999999999992539	     -0.19626535026026467601	     -0.09433537162203323168	     -0.09817584864198360128	      1.00951356537262970647	      1.00869136798991010373	     -0.34131992040018171997	      0.64115175211523678378	      0.10242943942251318823	     -0.07766138975250662380	      0.52556313252477593334	      0.52556313252476916098	     -0.03606467620668175195	     -0.00000000000000488384	     -0.00000000000000217486	      0.23839208551162466287	     -0.04162730377445640617	      0.01124008638547306302	      1.42026064245220484672	      1.42026064245220084992	     -0.17441097725470292024	     -0.00000000000000815384	     -0.00000000000001354546	      0.05218262853721399724	      0.11285506047770935134	     -0.02707501501791195059	     -0.69751454971366211311	     -0.33795171153087633087	     -0.16713036620380608555	      1.86080173349816102579	      1.40029804236671040485	      0.00000000000000203469	      0.00000000000000059644	     -0.56116584471264052691	     -0.26721110574604428622	     -0.04123531116315384132	      2.05093364895882901422	      1.34103967287875325276	      0.00000000000000047914	     -0.00000000000000191772
      1.29499999999999992895	     -0.19575756343524411407	     -0.09871431892204415859	     -0.09732076877482234711	      1.00815639644429655419	      1.00554898681195603594	     -0.34160653393147233370	      0.64678132186112891056	      0.10464191597110888976	     -0.08105669539971516180	      0.55953607987706355242	      0.55953607987705678006	     -0.01919251407125082548	     -0.00000000000000490677	     -0.00000000000000216676	      0.25934036796700143945	     -0.04870541491424251745	      0.01417988924812990312	      1.45540724267400611858	      1.45540724267400212177	     -0.15993497419212210353	     -0.00000000000000814918	     -0.00000000000001359115	      0.04737000338414364825	      0.11923970744824884116	     -0.02056346532526646953	     -0.68387116907163703061	     -0.34043112476032005853	     -0.16526359101030224652	      1.85420452084539699733	      1.39876253756314494758	      0.00000000000000204100	      0.00000000000000061379	     -0.55499977058753546810	     -0.26551249020684203339	     -0.03601349709333059174	      2.03085468129417323624	      1.34236362602706726932	      0.00000000000000047750	     -0.00000000000000193393
      1.29899999999999993250	     -0.19456831458061599194	     -0.10251049313929390394	     -0.09662559058708754256	      1.00671419671105333293	      1.00257764048047204319	     -0.34189780835902494616	      0.65118934050660537416	      0.10664014145489005003	     -0.08237786197746901906	      0.59267214297400838685	      0.59267214297400150347	     -0.00007226282399913651	     -0.00000000000000494505	     -0.00000000000000216452	      0.28005324405588688519	     -0.05472288477279463326	      0.01755113647904639473	      1.48886905905591349075	      1.48886905905590927190	     -0.14700981473309188141	     -0.00000000000000814393	     -0.00000000000001363529	      0.04152044532460111292	      0.12489394251530332169	     -0.01350877674247313344	     -0.66912921454738960580	     -0.34252415900193455833	     -0.16336559915336823501	      1.84650090851166615025	      1.39727917682398050658	      0.00000000000000204677	      0.00000000000000063142	     -0.54845306991071374192	     -0.26362480456683745622	     -0.03082132353536071526	      2.00960754117151285669	      1.34360048212222049635	      0.00000000000000047582	     -0.00000000000000194901
      1.30299999999999993605	     -0.19275128060154822496	     -0.10566109521895081236	     -0.09601404032051379100	      1.00520983185508416824	      0.99979296764759140181	     -0.34218971021508609587	      0.65410858148926553923	      0.10838071130556033161	     -0.08170933729887876196	      0.62435026900614043477	      0.62435026900613344036	      0.02062864502157453483	     -0.00000000000000498956	     -0.00000000000000215665	      0.30048895456888941036	     -0.05962396278739261202	      0.02133081117136988170	      1.52043262810842749744	      1.52043262810842372268	     -0.13562685305683333525	     -0.00000000000000813866	     -0.00000000000001367950	      0.03478435308713503926	      0.12970926472920463191	     -0.00604920019664226261	     -0.65328827257379984417	     -0.34422013144077950875	     -0.16135596002647470404	      1.83762799356872785772	      1.39588945630827199196	      0.00000000000000205211	      0.00000000000000064873	     -0.54165615519514509479	     -0.26157667378141585823	     -0.02567605166070172432	      1.98712533144089986692	      1.34473707330251501801	      0.00000000000000047411	     -0.00000000000000196332
      1.30699999999999993960	     -0.19042222402885145005	     -0.10814379124831892398	     -0.09539709204137099274	      1.00366697510268965132	      0.99720397112403535989	     -0.34247880017851978218	      0.65537635049816100885	      0.10982977303705510064	     -0.07925939605969882507	      0.65405914009755783400	      0.65405914009755106164	      0.04224727552240652162	     -0.00000000000000503640	     -0.00000000000000214759	      0.32066900294007588679	     -0.06341472673855523545	      0.02547775442313820332	      1.54992529363268105591	      1.54992529363267683706	     -0.12565430312548153680	     -0.00000000000000813267	     -0.00000000000001372521	      0.02739509471998364046	      0.13363227471305741401	      0.00165154757800819335	     -0.63640725682944021546	     -0.34552858511849959822	     -0.15915319042771283731	      1.82756042543029151304	      1.39462652971314993167	      0.00000000000000205715	      0.00000000000000066487	     -0.53473405927963024720	     -0.25941589439631895786	     -0.02059143204374647845	      1.96337992060756638679	      1.34577190475498476019	      0.00000000000000047206	     -0.00000000000000197641
      1.31099999999999994316	     -0.18774676012665589275	     -0.10997466535934272147	     -0.09468091839894611506	      1.00210886068307636343	      0.99481403822441738516	     -0.34276222328777922188	      0.65493869274419902471	      0.11096332026772254276	     -0.07534055578999969416	      0.68141811086737424930	      0.68141811086736725489	      0.06417417845400585907	     -0.00000000000000507109	     -0.00000000000000213348	      0.34067399551083332732	     -0.06615489471758061180	      0.02993315918765353245	      1.57722367336927660197	      1.57722367336927260517	     -0.11686238477714444572	     -0.00000000000000812665	     -0.00000000000001377189	      0.01964863649748447433	      0.13666416426720134902	      0.00941920783016271350	     -0.61860414990284040559	     -0.34647853752982593623	     -0.15668371569335087790	      1.81632163482156272494	      1.39351259132420146614	      0.00000000000000206189	      0.00000000000000068076	     -0.52780206298135279308	     -0.25720636486694098410	     -0.01557906332100536355	      1.93839947586960792414	      1.34671445321122584815	      0.00000000000000046979	     -0.00000000000000198899
      1.31499999999999994671	     -0.18492440366046947187	     -0.11120236815187968527	     -0.09377509398918688899	      1.00055710085916005347	      0.99262209046769511733	     -0.34303777171912153143	      0.65284379665436964579	      0.11176641176358764751	     -0.07034146869155197268	      0.70618535094135004293	      0.70618535094134327057	      0.08589109801632999197	     -0.00000000000000512070	     -0.00000000000000213610	      0.36063233489233609275	     -0.06794477524790377976	      0.03462283680076300857	      1.60225619923583573190	      1.60225619923583173509	     -0.10895846754604208984	     -0.00000000000000811982	     -0.00000000000001381865	      0.01187748101648290235	      0.13885469750789461441	      0.01708520064715822462	     -0.60004969911317995734	     -0.34711673861585290446	     -0.15389022437353852557	      1.80399361568013127943	      1.39255731091500734031	      0.00000000000000206630	      0.00000000000000069662	     -0.52096452967465645134	     -0.25502322122691739592	     -0.01065028024774245831	      1.91228339541078784514	      1.34758309260404818275	      0.00000000000000046754	     -0.00000000000000200150
      1.31899999999999995026	     -0.18217060072580826269	     -0.11189893163773260987	     -0.09260046738522018095	      0.99903061502962497986	      0.99062379431921065986	     -0.34330400880084155357	      0.64922573593090782129	      0.11223088563549005192	     -0.06469317825462374272	      0.72825285626157842955	      0.72825285626157143515	      0.10699470999371696323	     -0.00000000000000516943	     -0.00000000000000212756	      0.38070309912284849840	     -0.06890886411805870193	      0.03946102947217263596	      1.62499975658368733811	      1.62499975658368311926	     -0.10162662692929698427	     -0.00000000000000811254	     -0.00000000000001386429	      0.00442189908166720509	      0.14029105184074275314	      0.02450231628885147367	     -0.58095596600446708369	     -0.34750466038906646649	     -0.15073817369203937333	      1.79072401456206242720	      1.39175769984376263011	      0.00000000000000207049	      0.00000000000000071268	     -0.51431679917195483043	     -0.25294682811802304823	     -0.00581848271988349638	      1.88521299935239250445	      1.34840193432714361421	      0.00000000000000046551	     -0.00000000000000201390
      1.32299999999999995381	     -0.17969810564471674907	     -0.11214845966713037073	     -0.09109607554212190150	      0.99754483538757932060	      0.98881282404032355693	     -0.34356040400437737325	      0.64428059822302752302	      0.11235188609831346651	     -0.05883304208494105625	      0.74762914049690509799	      0.74762914049689810359	      0.12720520688482256366	     -0.00000000000000519653	     -0.00000000000000209290	      0.40105516920513090140	     -0.06917824531531488463	      0.04435530147026709585	      1.64547120746607111741	      1.64547120746606712061	     -0.09456671720671568082	     -0.00000000000000810458	     -0.00000000000001390836	     -0.00239836819845925912	      0.14108299275955643592	      0.03155802125040887279	     -0.56156164948358755495	     -0.34771394019686635568	     -0.14721972435533747792	      1.77672947460755503712	      1.39109945927121736453	      0.00000000000000207512	      0.00000000000000072858	     -0.50794942872663706446	     -0.25105633069279853498	     -0.00110149563051231258	      1.85745681445947607990	      1.34919698221503936431	      0.00000000000000046379	     -0.00000000000000202683
      1.32699999999999995737	     -0.17769921653515485804	     -0.11203587399919538725	     -0.08922434365593620575	      0.99611133682841113135	      0.98718216643675005262	     -0.34380741563325722954	      0.63823789619095561143	      0.11212467003410711563	     -0.05316999776132335515	      0.76441213560642395919	      0.76441213560641685376	      0.14636061471956232638	     -0.00000000000000522069	     -0.00000000000000206505	      0.42184529994401259723	     -0.06887478807801129810	      0.04921154171450092818	      1.66371561208581364433	      1.66371561208580964752	     -0.08752911071444371971	     -0.00000000000000809619	     -0.00000000000001395444	     -0.00830894167189738693	      0.14134725108966900153	      0.03818360610180974307	     -0.54211691362056824151	     -0.34782031416364739274	     -0.14335511939741693577	      1.76229438953943606805	      1.39055943643502821772	      0.00000000000000208007	      0.00000000000000074310	     -0.50195327276800327798	     -0.24942360846127500928	      0.00347679499746204575	      1.82936958968080731758	      1.34999207285291422664	      0.00000000000000046217	     -0.00000000000000203988
      1.33099999999999996092	     -0.17633051500110383247	     -0.11163766897231726383	     -0.08697392207829456046	      0.99473794469279575026	      0.98572542128318141330	     -0.34404644988865434874	      0.63133031046171561584	      0.11154306282926218508	     -0.04805450305130713057	      0.77875571433162682489	      0.77875571433161960844	      0.16439868707950558435	     -0.00000000000000522855	     -0.00000000000000204077	      0.44319764435535613512	     -0.06809966327670161079	      0.05393817606713729312	      1.67979303140553071216	      1.67979303140552649332	     -0.08034187590994329442	     -0.00000000000000808810	     -0.00000000000001400083	     -0.01309982924388179530	      0.14119378736894930282	      0.04435793796858845950	     -0.52286996131007890121	     -0.34789659474825723739	     -0.13919176856435555578	      1.74776452537095572382	      1.39010870873043912432	      0.00000000000000208358	      0.00000000000000075548	     -0.49642390133182950906	     -0.24810835091756619497	      0.00788611742670931350	      1.80138448473709122943	      1.35080509744278631779	      0.00000000000000046060	     -0.00000000000000204958
      1.33499999999999996447	     -0.17570150231329115242	     -0.11101518948015569321	     -0.08436005169064447751	      0.99342923999474519459	      0.98443800402570058594	     -0.34427965250241332473	      0.62376514606898225690	      0.11059943953667250582	     -0.04375544561881426764	      0.79083447641342785595	      0.79083447641342075052	      0.18132982183574439250	     -0.00000000000000525913	     -0.00000000000000199064	      0.46518657506651428513	     -0.06692675412357777798	      0.05844944388356195647	      1.69376518804801245999	      1.69376518804800846318	     -0.07292768394670133547	     -0.00000000000000808162	     -0.00000000000001404610	     -0.01663743668684615484	      0.14071498627957129690	      0.05010583161954783316	     -0.50405609348193947117	     -0.34800561022364262520	     -0.13480113684374794847	      1.73353538635701376336	      1.38971596788670348488	      0.00000000000000208597	      0.00000000000000076806	     -0.49146439301056160653	     -0.24715462896670567505	      0.01209064458495639170	      1.77399837458721876260	      1.35164492181382622782	      0.00000000000000045837	     -0.00000000000000205933
      1.33899999999999996803	     -0.17586812788052252898	     -0.11021009455053314141	     -0.08142270627664738303	      0.99218733855142871025	      0.98331812234243420878	     -0.34450953540157014388	      0.61570098947939366774	      0.10928523555948421730	     -0.04044558280434298186	      0.80081188367824895913	      0.80081188367824163166	      0.19720555131079392508	     -0.00000000000000529660	     -0.00000000000000194513	      0.48782421198829906128	     -0.06540036392119363828	      0.06266801622666462457	      1.70568288940811396692	      1.70568288940810952603	     -0.06530835706466379953	     -0.00000000000000807737	     -0.00000000000001409131	     -0.01886906774275804929	      0.13997778365350807550	      0.05549187374623138630	     -0.48588897732472602353	     -0.34819415144285614794	     -0.13027347418392087874	      1.72003559996559851619	      1.38935097593218692680	      0.00000000000000209113	      0.00000000000000077877	     -0.48718610291777220134	     -0.24658907745110453247	      0.01605035036111740823	      1.74775062588123786256	      1.35250935359922808132	      0.00000000000000045566	     -0.00000000000000206949
      1.34299999999999997158	     -0.17683157163687715507	     -0.10924204636550344238	     -0.07822279858362589378	      0.99101286799120646975	      0.98236739892991820078	     -0.34473848680737295691	      0.60723206859520084677	      0.10759169613686729583	     -0.03819631353554486103	      0.80881542914631976426	      0.80881542914631243679	      0.21208714490458416280	     -0.00000000000000532440	     -0.00000000000000190519	      0.51105384783010709970	     -0.06353687263171729771	      0.06652697192778479762	      1.71557543828113012729	      1.71557543828112568640	     -0.05759673482093984054	     -0.00000000000000807339	     -0.00000000000001413614	     -0.01981994559416171836	      0.13901903451368644027	      0.06061072162661649415	     -0.46855372369941195032	     -0.34848881183549607066	     -0.12571082980589032285	      1.70770621366954844511	      1.38898779740507549718	      0.00000000000000209577	      0.00000000000000078884	     -0.48370740531115219429	     -0.24642063497121463600	      0.01972248750561516467	      1.72319651891749692219	      1.35338441685408961135	      0.00000000000000045261	     -0.00000000000000207954
      1.34699999999999997513	     -0.17854203948424335335	     -0.10810930619301126199	     -0.07483674284525423936	      0.98990606922997259609	      0.98159103611122577870	     -0.34496825435234196311	      0.59838153739396449105	      0.10551164387993575144	     -0.03698167281048911348	      0.81492082272551502609	      0.81492082272550769861	      0.22601875628250009398	     -0.00000000000000532265	     -0.00000000000000185777	      0.53475030219724706271	     -0.06133044789361791205	      0.06997079766232887355	      1.72344383503878129105	      1.72344383503877685015	     -0.04997773720489322169	     -0.00000000000000806905	     -0.00000000000001418072	     -0.01958342018850741870	      0.13784506002504773314	      0.06557498264741440375	     -0.45220161807471376259	     -0.34889426949062879446	     -0.12121931541683980682	      1.69697746414877004284	      1.38860740552098760325	      0.00000000000000210286	      0.00000000000000079971	     -0.48115053889366871109	     -0.24664167314403251385	      0.02306321610392995936	      1.70087755493610548463	      1.35424506201285121954	      0.00000000000000044915	     -0.00000000000000208902
      1.35099999999999997868	     -0.18090702607433781224	     -0.10679270605434666719	     -0.07134974328517833253	      0.98886789470114311307	      0.98099745693088025167	     -0.34519949904239477512	      0.58910408641783951200	      0.10304288901324354377	     -0.03669085226620017598	      0.81914627871241196821	      0.81914627871240452972	      0.23900864608617714002	     -0.00000000000000529982	     -0.00000000000000182395	      0.55872768355247159899	     -0.05876263194010287322	      0.07295505296785696758	      1.72925932637179702311	      1.72925932637179236018	     -0.04268137979710958513	     -0.00000000000000806395	     -0.00000000000001422515	     -0.01830549739862607009	      0.13643594042160930857	      0.07050184538054209138	     -0.43694649969176652116	     -0.34939421622282468283	     -0.11690163795103673816	      1.68824479403667493393	      1.38819931609252456006	      0.00000000000000211375	      0.00000000000000080932	     -0.47963680594603214091	     -0.24723034166881049933	      0.02602942999798999943	      1.68129111389080398986	      1.35505730278249636456	      0.00000000000000044592	     -0.00000000000000209486
      1.35499999999999998224	     -0.18380292358869071423	     -0.10526241327331851971	     -0.06784841708067988753	      0.98790092352426961408	      0.98059745818630572600	     -0.34543149362979630457	      0.57929697434901228359	      0.10019281892943918133	     -0.03714756032950349007	      0.82145675074246815583	      0.82145675074246082836	      0.25101982095863661915	     -0.00000000000000528104	     -0.00000000000000178478	      0.58275363729622264852	     -0.05581430182747582763	      0.07544474942319266686	      1.73296755340213182173	      1.73296755340212738083	     -0.03595130761965475985	     -0.00000000000000805933	     -0.00000000000001426888	     -0.01616568987497449608	      0.13475371459642837557	      0.07549986838148117774	     -0.42286290318499197838	     -0.34995461023509016885	     -0.11285062008212781715	      1.68184596684520681897	      1.38776209854232002172	      0.00000000000000212682	      0.00000000000000082127	     -0.47928057539683277533	     -0.24815387597219892846	      0.02858063112374189391	      1.66486179101369380362	      1.35578153091223319038	      0.00000000000000044193	     -0.00000000000000209432
      1.35899999999999998579	     -0.18708854346771930377	     -0.10348619965067752668	     -0.06441349302324179960	      0.98700988852722593148	      0.98040297659057273894	     -0.34566200806019092839	      0.56881769006222637763	      0.09698299779746581695	     -0.03813389440612297010	      0.82177707934952415325	      0.82177707934951649271	      0.26196997592575665958	     -0.00000000000000528222	     -0.00000000000000175914	      0.60656823803301307407	     -0.05247769081668883506	      0.07741179877374423923	      1.73449765450994908278	      1.73449765450994464189	     -0.03001286963875925834	     -0.00000000000000805508	     -0.00000000000001431160	     -0.01335670210774838294	      0.13275274947691487193	      0.08065738832600015396	     -0.40998618644172646341	     -0.35052854832367946747	     -0.10914420319306934737	      1.67804109050803873515	      1.38730276172168398574	      0.00000000000000213955	      0.00000000000000083519	     -0.48018256784389362624	     -0.24937255727372928393	      0.03068060111918155877	      1.65191662438065445251	      1.35637659042425973155	      0.00000000000000043736	     -0.00000000000000209180
      1.36299999999999998934	     -0.19061918257139795485	     -0.10143789787027299165	     -0.06111326047590839167	      0.98620166419797927748	      0.98042559411130336677	     -0.34588738659248163820	      0.55750593762942246556	      0.09345259982947436150	     -0.03941606879353382747	      0.82001203435751601756	      0.82001203435750824600	      0.27174005044045890234	     -0.00000000000000530035	     -0.00000000000000171865	      0.62990540899741442882	     -0.04876648791688229650	      0.07883207402674673181	      1.73377514492564444026	      1.73377514492563999937	     -0.02504420483067753417	     -0.00000000000000804995	     -0.00000000000001435504	     -0.01006525058513171346	      0.13039050644564428860	      0.08603367591558114258	     -0.39831462608541418069	     -0.35106196121508670416	     -0.10584221768491829108	      1.67699714319561743459	      1.38683514827202225561	      0.00000000000000215003	      0.00000000000000084937	     -0.48242286289156860457	     -0.25084402569050717746	      0.03229866364846982474	      1.64266618723420254611	      1.35680415900193995782	      0.00000000000000043260	     -0.00000000000000209344
      1.36699999999999999289	     -0.19425990764049022586	     -0.09910478687778750961	     -0.05799840471838085126	      0.98548468395273469689	      0.98067494908706753787	     -0.34610278587979687037	      0.54520717491262571386	      0.08965969355319752809	     -0.04076891543372428151	      0.81607016255950459716	      0.81607016255949682559	      0.28018953534816809503	     -0.00000000000000531365	     -0.00000000000000166598	      0.65251457673531298997	     -0.04472260390727501866	      0.07968284855462297311	      1.73073673243320391713	      1.73073673243319969828	     -0.02115303445291057127	     -0.00000000000000804427	     -0.00000000000001439797	     -0.00645591278072600149	      0.12763706228923268893	      0.09165363516519783871	     -0.38781298990501666957	     -0.35149936449423263563	     -0.10298495571234549117	      1.67877842262922438721	      1.38637761413754012629	      0.00000000000000215698	      0.00000000000000086568	     -0.48605416686955094097	     -0.25252760826200115751	      0.03341040140425563520	      1.63719328615195292009	      1.35703297442472869960	      0.00000000000000042968	     -0.00000000000000209898
      1.37099999999999999645	     -0.19789677237869127135	     -0.09649279437475243026	     -0.05509871558845703954	      0.98486787914566087387	      0.98115725710216483701	     -0.34630253681925243781	      0.53179494279258066047	      0.08567976628057404065	     -0.04199650090144756154	      0.80988809171476694448	      0.80988809171475906190	      0.28717592154108495528	     -0.00000000000000531203	     -0.00000000000000160956	      0.67418029853065686297	     -0.04041858743990135033	      0.07994131374301467752	      1.72534501482835866959	      1.72534501482835422870	     -0.01836138535185457415	     -0.00000000000000803832	     -0.00000000000001444190	     -0.00265948066502992835	      0.12448204052247630047	      0.09750648601321798559	     -0.37841709847400661904	     -0.35178897807768633177	     -0.10059342088068398691	      1.68334397631991761202	      1.38595034217469104121	      0.00000000000000216095	      0.00000000000000088029	     -0.49109595507726871988	     -0.25438825977482415475	      0.03399775636790525885	      1.63545052939861812469	      1.35704245503983544907	      0.00000000000000042926	     -0.00000000000000210609
      1.37500000000000000000	     -0.20144480865776570599	     -0.09362893278475352410	     -0.05242180144158120614	      0.98435937532008110917	      0.98187416562442564327	     -0.34648058961762001617	      0.51718929747331776614	      0.08160168006811227559	     -0.04294756890885201295	      0.80145185383846484495	      0.80145185383845685134	      0.29257449653129674605	     -0.00000000000000531720	     -0.00000000000000158448	      0.69473759264899981325	     -0.03595537374645706163	      0.07958445435465516526	      1.71760084367331455901	      1.71760084367330989608	     -0.01660001521117509399	     -0.00000000000000803292	     -0.00000000000001448623	      0.00123332935813063628	      0.12093827046562581617	      0.10354819986049980385	     -0.37003931692527125552	     -0.35188676055814627208	     -0.09867092996597726096	      1.69055238478659508594	      1.38557265990912403808	      0.00000000000000216484	      0.00000000000000089239	     -0.49753032808075275950	     -0.25639965367897732396	      0.03404862209792526573	      1.63726687272768689496	      1.35682532112366671662	      0.00000000000000043101	     -0.00000000000000211797
      1.37900000000000000355	     -0.20485181626481102635	     -0.09056079518130112638	     -0.04995370224830670419	      0.98396524565931053896	      0.98282215121394200796	     -0.34663100348085207347	      0.50136886259481527883	      0.07752181937792411437	     -0.04352540386132618816	      0.79081194049977054927	      0.79081194049976255567	      0.29629407773091653855	     -0.00000000000000531319	     -0.00000000000000156068	      0.71408085898287865234	     -0.03145558802934905751	      0.07859027001496625420	      1.70755113263067914708	      1.70755113263067470619	     -0.01571380114425480201	     -0.00000000000000802891	     -0.00000000000001452959	      0.00517244861185448598	      0.11704199724528968618	      0.10970703209285240232	     -0.36257510559616668022	     -0.35175909108187081165	     -0.09720559706014948731	      1.70017372510942910147	      1.38526072505751973729	      0.00000000000000216435	      0.00000000000000090605	     -0.50530051519791652215	     -0.25854592694711803214	      0.03355615938387177671	      1.64236238158622294137	      1.35638888137107405107	      0.00000000000000043456	     -0.00000000000000213680
      1.38300000000000000711	     -0.20809768218284152574	     -0.08735315947195378128	     -0.04766122413024189569	      0.98368855256242337948	      0.98399255716503264413	     -0.34674844962095130452	      0.48437529598183570734	      0.07353712462468635358	     -0.04369195901429566431	      0.77809020720773358626	      0.77809020720772559265	      0.29828576335762485572	     -0.00000000000000529661	     -0.00000000000000155141	      0.73216542087312941334	     -0.02705316132814980859	      0.07694015538550169619	      1.69529068296123552884	      1.69529068296123064385	     -0.01547761213642960196	     -0.00000000000000802524	     -0.00000000000001457237	      0.00914371789103063555	      0.11284977841146129340	      0.11589135814108290912	     -0.35591038435141569840	     -0.35138400092576943523	     -0.09617321054450737872	      1.71190785063223094298	      1.38502587644815466916	      0.00000000000000215791	      0.00000000000000092158	     -0.51431251161243252135	     -0.26082180020084722027	      0.03251797079045733174	      1.65036986541905061898	      1.35575482918002010457	      0.00000000000000044041	     -0.00000000000000216058
      1.38700000000000001066	     -0.21118984952622496531	     -0.08408196816785863670	     -0.04549576026157350905	      0.98352880131029385424	      0.98537221984643630357	     -0.34682869200142324440	      0.46631056918305935355	      0.06973737432757359800	     -0.04346628758190934638	      0.76347846445905609425	      0.76347846445904798962	      0.29854394283833890489	     -0.00000000000000529130	     -0.00000000000000159646	      0.74900215042935325283	     -0.02288065745985033358	      0.07462205970599943006	      1.68095767769831150318	      1.68095767769830661820	     -0.01561985612141693174	     -0.00000000000000802226	     -0.00000000000001461601	      0.01316016497620150529	      0.10843246304175681305	      0.12199886376794398524	     -0.34992893513905309888	     -0.35075104057767725330	     -0.09554000863030741308	      1.72540725073898371100	      1.38487386452294303218	      0.00000000000000215223	      0.00000000000000093727	     -0.52443967725482487641	     -0.26323114423854981903	      0.03093513756254138297	      1.66086133879862840601	      1.35495762336224290223	      0.00000000000000044699	     -0.00000000000000218454
      1.39100000000000001421	     -0.21415584748111912705	     -0.08082631050849178878	     -0.04339829641765585722	      0.98348185631912266036	      0.98694455362029109846	     -0.34686899615812827324	      0.44732797026015874708	      0.06619723113337244724	     -0.04291756168871693755	      0.74722932200096170430	      0.74722932200095371069	      0.29709955329149784209	     -0.00000000000000529960	     -0.00000000000000166365	      0.76464619591306104418	     -0.01905593211048892469	      0.07163394316942019169	      1.66472310576911985969	      1.66472310576911519675	     -0.01585032029654754801	     -0.00000000000000802075	     -0.00000000000001465972	      0.01725081991702327733	      0.10386695098902297418	      0.12792611231514233738	     -0.34451914482255707739	     -0.34985998351765856818	     -0.09526495584195118771	      1.74030246594553617001	      1.38480506843845052600	      0.00000000000000214812	      0.00000000000000095085	     -0.53552972790377717516	     -0.26578421891044246017	      0.02881114685152864202	      1.67337699003065609737	      1.35404163841164981719	      0.00000000000000045403	     -0.00000000000000221060
      1.39500000000000001776	     -0.21703388560669159557	     -0.07765967545257414228	     -0.04130497407468358001	      0.98354029879540871839	      0.98869092429836402669	     -0.34686842069082401974	      0.42761785488961312485	      0.06296910006077185984	     -0.04215372098152170982	      0.72964024174871744410	      0.72964024174870945050	      0.29400677725245366601	     -0.00000000000000529839	     -0.00000000000000173220	      0.77918120382123412515	     -0.01566992068447240274	      0.06798699347016173844	      1.64677531239300978250	      1.64677531239300511956	     -0.01588928905556065418	     -0.00000000000000802018	     -0.00000000000001470345	      0.02144848597593528028	      0.09922704210987974560	      0.13357738676882605078	     -0.33957982799978286836	     -0.34871868509196957131	     -0.09530136381973645932	      1.75622790898921943281	      1.38481558541744331770	      0.00000000000000214196	      0.00000000000000096545	     -0.54741318088596135905	     -0.26849399477159285876	      0.02615091925803509840	      1.68745412861649946024	      1.35305740365586513185	      0.00000000000000046044	     -0.00000000000000223613
      1.39900000000000002132	     -0.21986262997994349133	     -0.07464209315581032955	     -0.03915242080865852237	      0.98369414823390821656	      0.99059213189001882327	     -0.34682795339779110000	      0.40738933809445171397	      0.06007814784605251118	     -0.04130732425615717823	      0.71103216128350266168	      0.71103216128349466807	      0.28932499064339095574	     -0.00000000000000529849	     -0.00000000000000180922	      0.79270071212759796175	     -0.01277741721572995572	      0.06370802948814345557	      1.62730152682538120601	      1.62730152682537654307	     -0.01549517901183114152	     -0.00000000000000802000	     -0.00000000000001474774	      0.02577778996286415880	      0.09457505040970673460	      0.13887172828384536372	     -0.33502501405539952817	     -0.34734054767923916440	     -0.09559786504506492810	      1.77284590854364676460	      1.38489892562972771728	      0.00000000000000213498	      0.00000000000000098011	     -0.55991221514200917309	     -0.27137206224919008246	      0.02296025738515632825	      1.70265350989260011438	      1.35205733226343061126	      0.00000000000000046725	     -0.00000000000000226173
      1.40300000000000002487	     -0.22267149309677572444	     -0.07181431404355209658	     -0.03688239529169610315	      0.98393182371586429547	      0.99262981207341027812	     -0.34675046938037928923	      0.38685003318097810343	      0.05752031484701628644	     -0.04052042944993269197	      0.69172526528912015031	      0.69172526528911204569	      0.28309892057717317426	     -0.00000000000000531425	     -0.00000000000000190693	      0.80528890215749893144	     -0.01039204503006926038	      0.05884041810234602599	      1.60646864710653836106	      1.60646864710653347608	     -0.01448790802933947429	     -0.00000000000000802096	     -0.00000000000001479174	      0.03024490093872122393	      0.08995542721037665113	      0.14374761444645578479	     -0.33078744177925190062	     -0.34574212742699711454	     -0.09609884539606014520	      1.78986694633139098443	      1.38504803800256781621	      0.00000000000000212640	      0.00000000000000099676	     -0.57284929395996220247	     -0.27442455564654760769	      0.01924587872105162911	      1.71858088465478386908	      1.35109136178447353238	      0.00000000000000047425	     -0.00000000000000228612
      1.40700000000000002842	     -0.22547298308001748057	     -0.06919442276811919867	     -0.03444572614937885247	      0.98424119674898846721	      0.99478755169574684114	     -0.34664052036393738776	      0.36618718685386003608	      0.05526332931111765240	     -0.03993060012592911795	      0.67201597357248343823	      0.67201597357247533360	      0.27534108089471515113	     -0.00000000000000532313	     -0.00000000000000202208	      0.81700357120117039766	     -0.00848565245974001493	      0.05344268917224247184	      1.58440608487724832187	      1.58440608487724343689	     -0.01276512359261449542	     -0.00000000000000802378	     -0.00000000000001483484	      0.03483046640701299018	      0.08539095462782690660	      0.14816534442968595786	     -0.32682037524594043099	     -0.34394145409817455938	     -0.09674453842381529334	      1.80706421308270992476	      1.38525741773913035892	      0.00000000000000211759	      0.00000000000000101371	     -0.58605539301546383246	     -0.27764840753603708956	      0.01501594610977608803	      1.73490223703693180468	      1.35020297181060433545	      0.00000000000000048130	     -0.00000000000000230934
      1.41100000000000003197	     -0.22825834289359145379	     -0.06677704703522159557	     -0.03180554250473102695	      0.98461061731551546838	      0.99705156374716064072	     -0.34650398754824468517	      0.34555332811628280965	      0.05325050254827601998	     -0.03965980185984872147	      0.65215884039051086329	      0.65215884039050264764	      0.26602004282207852848	     -0.00000000000000532255	     -0.00000000000000213624	      0.82786397014224566426	     -0.00699204644142005678	      0.04758437772291099904	      1.56119324182955021563	      1.56119324182954510860	     -0.01030910232355375725	     -0.00000000000000802644	     -0.00000000000001487790	      0.03948699512616345858	      0.08088184902799110121	      0.15210736651677408959	     -0.32309742410690500680	     -0.34195749572755007595	     -0.09747102970748107442	      1.82428114735170399108	      1.38552502827406875952	      0.00000000000000210995	      0.00000000000000102950	     -0.59937771340153678246	     -0.28102821469384586806	      0.01028096800831800224	      1.75135177785784179605	      1.34942598536536606524	      0.00000000000000048861	     -0.00000000000000233128
      1.41500000000000003553	     -0.23099688167032694786	     -0.06453538319514230681	     -0.02893946749179758873	      0.98502980923398708590	      0.99941087273380002642	     -0.34634765101589282121	      0.32505789157209719065	      0.05140720497200637618	     -0.03980669646177551618	      0.63235496736970819853	      0.63235496736970020493	      0.25505674595807364957	     -0.00000000000000532831	     -0.00000000000000226799	      0.83784507842057232008	     -0.00581479804305088614	      0.04133958414426068539	      1.53685322985747996327	      1.53685322985747507829	     -0.00718404356375217448	     -0.00000000000000802920	     -0.00000000000001492033	      0.04414086367657937826	      0.07640809369672513229	      0.15557668884326728009	     -0.31961051457634415129	     -0.33981077017994987255	     -0.09821055272159887051	      1.84143188271159563563	      1.38585372184510768889	      0.00000000000000210173	      0.00000000000000104524	     -0.61268630470777207808	     -0.28453407800458957455	      0.00505494684666930524	      1.76773297583382094089	      1.34878242674402626378	      0.00000000000000049588	     -0.00000000000000235434
      1.41900000000000003908	     -0.23363887647032818839	     -0.06242619953859442766	     -0.02584028717043234183	      0.98549051847361635037	      1.00185702339528548421	     -0.34617873907204749218	      0.30476511618641588530	      0.04964985024428054255	     -0.04044207141926937921	      0.61274715240968657959	      0.61274715240967847496	      0.24232999297463556077	     -0.00000000000000533619	     -0.00000000000000239746	      0.84687905819829978338	     -0.00483859527970308210	      0.03477935894208836892	      1.51135373922406790470	      1.51135373922406324176	     -0.00352483017610481049	     -0.00000000000000803120	     -0.00000000000001496263	      0.04869838562418709466	      0.07193516379783218562	      0.15859344982222994824	     -0.31636654748896619882	     -0.33752478601286234339	     -0.09889252778122818721	      1.85849533137002853600	      1.38625183458465772723	      0.00000000000000209318	      0.00000000000000106086	     -0.62587864160158435123	     -0.28812089473052765465	     -0.00064334201329866391	      1.78391370503856672158	      1.34828160795346585488	      0.00000000000000050300	     -0.00000000000000237776
      1.42300000000000004263	     -0.23612148784422992698	     -0.06039736138490400114	     -0.02251493991545372095	      0.98598682849460672628	      1.00438336722400589629	     -0.34600451420434591432	      0.28469784541214993023	      0.04789656128131661306	     -0.04160714623316532496	      0.59342155428282628016	      0.59342155428281806451	      0.22769098802496343104	     -0.00000000000000535654	     -0.00000000000000254707	      0.85486364939908510152	     -0.00394285790484997373	      0.02796405029333722675	      1.48461519681252052116	      1.48461519681251563618	      0.00048095562338405974	     -0.00000000000000803156	     -0.00000000000001500420	      0.05305493837118829131	      0.06742254764609000028	      0.16119000468220609501	     -0.31338326820424128316	     -0.33512789149769722785	     -0.09944560261251225719	      1.87550386606189811722	      1.38673279300465690511	      0.00000000000000208350	      0.00000000000000107638	     -0.63888141851125079818	     -0.29172939808653169935	     -0.00678906528256214767	      1.79981669431765012312	      1.34792047310097062862	      0.00000000000000050979	     -0.00000000000000240156
      1.42700000000000004619	     -0.23837659769978131186	     -0.05839661977624591160	     -0.01898215935838750909	      0.98651511423392646005	      1.00698404652260142811	     -0.34583194020148561032	      0.26484617844381619367	      0.04607795927475864806	     -0.04331454928671994026	      0.57441536902431666878	      0.57441536902430834211	      0.21098513795225390388	     -0.00000000000000537602	     -0.00000000000000270337	      0.86167611357855966592	     -0.00301538205915738130	      0.02093665954194692466	      1.45652543473227691351	      1.45652543473227225057	      0.00461524836918124261	     -0.00000000000000803285	     -0.00000000000001504574	      0.05710566076291551801	      0.06283353977301718574	      0.16340534764846090243	     -0.31068472640409966479	     -0.33265508182956521344	     -0.09980069153021013661	      1.89252781263727642980	      1.38731379993938275241	      0.00000000000000207304	      0.00000000000000109170	     -0.65164935863482364997	     -0.29528884352638340438	     -0.01335020716927292489	      1.81540652838432547966	      1.34768506209602700885	      0.00000000000000051609	     -0.00000000000000242607
      1.43100000000000004974	     -0.24033939291431602459	     -0.05638024255672113849	     -0.01526922425901361402	      0.98707365045460337960	      1.00965282314950877129	     -0.34566746410168008863	      0.24517964752145410268	      0.04414640478916793953	     -0.04555172442074224143	      0.55572959909956709534	      0.55572959909955865765	      0.19207853189841289643	     -0.00000000000000540733	     -0.00000000000000288620	      0.86719091340403087198	     -0.00196378788025352528	      0.01371814925930794730	      1.42695955110810435151	      1.42695955110809946653	      0.00865330424460321844	     -0.00000000000000803209	     -0.00000000000001508739	      0.06075623071409410464	      0.05814462013565770832	      0.16527971801066390634	     -0.30829662492384596328	     -0.33014931478051412483	     -0.09989485221105263990	      1.90965719865450456183	      1.38801376593805025905	      0.00000000000000206264	      0.00000000000000110666	     -0.66416120472535000729	     -0.29872108292654769857	     -0.02028677270362498966	      1.83067461223414840177	      1.34755288350474566883	      0.00000000000000052258	     -0.00000000000000245100
