Run_30002_cycle5_RRA_q_uniform250_rad
version=1
nRows=280
nColumns=40
inDegrees=no
endheader
time	pelvis_tilt	pelvis_list	pelvis_rotation	pelvis_tx	pelvis_ty	pelvis_tz	hip_flexion_r	hip_adduction_r	hip_rotation_r	knee_angle_r	knee_angle_r_beta	ankle_angle_r	subtalar_angle_r	mtp_angle_r	hip_flexion_l	hip_adduction_l	hip_rotation_l	knee_angle_l	knee_angle_l_beta	ankle_angle_l	subtalar_angle_l	mtp_angle_l	lumbar_extension	lumbar_bending	lumbar_rotation	arm_flex_r	arm_add_r	arm_rot_r	elbow_flex_r	pro_sup_r	wrist_flex_r	wrist_dev_r	arm_flex_l	arm_add_l	arm_rot_l	elbow_flex_l	pro_sup_l	wrist_flex_l	wrist_dev_l
      3.18199999999999993960	     -0.25480714948939320319	      0.02305813290966551160	      0.07695447592926048241	      0.95394545619612403087	      0.98654465312523487164	     -0.33314789584576437464	      0.70915073409069084853	     -0.09205787051019266587	      0.07120212877611412083	      1.64722871316099683803	      1.64722871316099661598	      0.02276111905524281706	      0.00000000000000000000	      0.00000000000000000000	      0.41319972829329515429	      0.15569495690599982618	     -0.03972592162317541142	      0.71620129062693138611	      0.71620129062693138611	      0.30506888281873811852	      0.00000000000000000000	      0.00000000000000000000	      0.02435921235318033035	     -0.05488607733573037245	     -0.05975777307956601364	     -0.51956386933919140869	     -0.32329871760095890698	     -0.10286294819498370545	      1.44489380961836588746	      1.44829351416486695747	      0.00000000000000000000	      0.00000000000000000000	     -0.40892063261319511192	     -0.23244030957664288395	     -0.12255489812186777521	      1.80146124742631186244	      1.32827767365591431492	      0.00000000000000000000	      0.00000000000000000000
      3.18599999999999994316	     -0.26002046547657808873	      0.02164514885235223340	      0.07504063934846796902	      0.95383444648064830140	      0.98818513637132532335	     -0.33328785277234534989	      0.72849516132210667685	     -0.08995845385594045118	      0.07361619316253237288	      1.63434786159359335400	      1.63434786159359313196	      0.02759230226106847150	     -0.00000000000000000116	      0.00000000000000000036	      0.39881154212675551385	      0.15372020209441236704	     -0.03796219506776660896	      0.70212392294026815254	      0.70212392294026815254	      0.30159280938067195565	     -0.00000000000000000499	      0.00000000000000000626	      0.03185164169905412013	     -0.05234529479403816909	     -0.06589653700931269453	     -0.53116336514235751309	     -0.32550502766218686324	     -0.10430088659067553170	      1.45361019636004407118	      1.44730068243776988091	     -0.00000000000000000081	      0.00000000000000000221	     -0.40925910219856659333	     -0.23112391451496644423	     -0.12608741747825571999	      1.82002149320931305709	      1.32934206110037478332	     -0.00000000000000000024	      0.00000000000000000057
      3.18999999999999994671	     -0.26526995913377077185	      0.01991013243566803689	      0.07307997661646670196	      0.95381178761982032821	      0.98996850169354655424	     -0.33342389111867276608	      0.74692739460584012257	     -0.08755770601994422586	      0.07523002178038082355	      1.61962209480357643976	      1.61962209480357621771	      0.03196875539739543748	     -0.00000000000000000055	      0.00000000000000000079	      0.38417588834351040772	      0.15128381271330121338	     -0.03624998837045261685	      0.68725620597151748647	      0.68725620597151737545	      0.29575121866306353091	     -0.00000000000000002231	      0.00000000000000000002	      0.03961606415532371861	     -0.04940180693199365536	     -0.07213455366828555593	     -0.54282480530486620918	     -0.32806006418086824938	     -0.10577100914262824172	      1.46355086080894669642	      1.44631655304991868505	     -0.00000000000000000134	      0.00000000000000000536	     -0.41043602795270917039	     -0.22963283925433183863	     -0.12980000638190936080	      1.83967010897508242984	      1.33036962799967750648	     -0.00000000000000000051	      0.00000000000000000052
      3.19399999999999995026	     -0.27045723015284867108	      0.01783659522080265764	      0.07105242199075498255	      0.95387911354376320183	      0.99189459561115411734	     -0.33355260607048792254	      0.76431171424200039510	     -0.08485585020567713854	      0.07597338446924804811	      1.60312278335306723775	      1.60312278335306723775	      0.03601754996097612793	      0.00000000000000000130	      0.00000000000000000085	      0.36925850597937798225	      0.14831668096424713288	     -0.03476652810112952630	      0.67169416251840352583	      0.67169416251840352583	      0.28733040942856663547	     -0.00000000000000004939	     -0.00000000000000003667	      0.04753267246746661207	     -0.04602954680463496040	     -0.07844045867168288055	     -0.55446689902620749368	     -0.33090720918751470592	     -0.10731138769524688203	      1.47441668442032858266	      1.44534412521148358799	     -0.00000000000000000175	      0.00000000000000000961	     -0.41229353590255590767	     -0.22797808693911364442	     -0.13354114546456097301	      1.85999390299877220833	      1.33132430644578070300	     -0.00000000000000000059	      0.00000000000000000059
      3.19799999999999995381	     -0.27548123294846199594	      0.01542186682215664940	      0.06895009578941067863	      0.95403558099099494694	      0.99396232293950248504	     -0.33367218893621292120	      0.78052188825280388595	     -0.08187321529864689806	      0.07579442031343125441	      1.58493362358122458211	      1.58493362358122436007	      0.03988884211261064378	      0.00000000000000000282	      0.00000000000000000032	      0.35402800048343552319	      0.14477917788890867778	     -0.03365706715099762297	      0.65553974262500724901	      0.65553974262500713799	      0.27618382965971988163	     -0.00000000000000006966	     -0.00000000000000008097	      0.05546687032509789450	     -0.04221643545295331729	     -0.08477826671153015914	     -0.56603509221170011934	     -0.33397171968408578824	     -0.10897384350626795890	      1.48593856530370560520	      1.44437627651240374504	     -0.00000000000000000228	      0.00000000000000001487	     -0.41467845179097023722	     -0.22618047676580579908	     -0.13717368963252729586	      1.88063735295213163567	      1.33216953955949324317	     -0.00000000000000000108	      0.00000000000000000116
      3.20199999999999995737	     -0.28024234764235878004	      0.01268124807256438419	      0.06677637794791063675	      0.95427783752854489219	      0.99616928677480165444	     -0.33378243494617959586	      0.79544682803694855000	     -0.07865105302180244728	      0.07466870130455460774	      1.56514401641083744643	      1.56514401641083700234	      0.04374219192286610269	      0.00000000000000000301	      0.00000000000000000055	      0.33845822006989267905	      0.14066790556299113568	     -0.03302241625493412824	      0.63889675035684645454	      0.63889675035684645454	      0.26224221428335675599	     -0.00000000000000007281	     -0.00000000000000009335	      0.06327453523403782365	     -0.03796992802707799958	     -0.09110627551179016625	     -0.57750288034560426365	     -0.33716420081767067840	     -0.11081700123182236517	      1.49788797465228840089	      1.44339705938941675889	     -0.00000000000000000310	      0.00000000000000001744	     -0.41744707546848708324	     -0.22427119270880729873	     -0.14058321855110486598	      1.90131588167839948866	      1.33287018203452323206	     -0.00000000000000000154	      0.00000000000000000177
      3.20599999999999996092	     -0.28464748277955115308	      0.00965132397360101389	      0.06454338636653492167	      0.95460016354515586645	      0.99851141029235090940	     -0.33388452389216660698	      0.80899656045727186271	     -0.07525081492784024828	      0.07260526932077662754	      1.54384245132959319058	      1.54384245132959296853	      0.04773103256902795632	      0.00000000000000000302	      0.00000000000000000161	      0.32253147539349391604	      0.13601973203065254037	     -0.03291280238719154067	      0.62186727864496305074	      0.62186727864496316176	      0.24551856048960057910	     -0.00000000000000007883	     -0.00000000000000010774	      0.07080950460207750818	     -0.03332196157133757858	     -0.09737595892648559515	     -0.58887020916695809181	     -0.34038554400894427410	     -0.11289847423103983870	      1.51008261363117823883	      1.44238420624506158418	     -0.00000000000000000381	      0.00000000000000001926	     -0.42046981067121158571	     -0.22229128851358123664	     -0.14368450928929868415	      1.92182254025922860663	      1.33339471235530404591	     -0.00000000000000000164	      0.00000000000000000262
      3.20999999999999996447	     -0.28861634007010578129	      0.00639130687283577265	      0.06226846060219272394	      0.95499471454725448627	      1.00098250194496452004	     -0.33398059550226710801	      0.82110875448951314848	     -0.07175159073654975572	      0.06964793162523574832	      1.52111149766730147093	      1.52111149766730124888	      0.05198699566344817252	      0.00000000000000000346	      0.00000000000000000240	      0.30624303308225214737	      0.13091191734416332548	     -0.03332825640950774077	      0.60454966796346842894	      0.60454966796346842894	      0.22610890775064648728	     -0.00000000000000008668	     -0.00000000000000011809	      0.07793313473834050098	     -0.02833193336710863527	     -0.10353147742109393425	     -0.60015920758513208177	     -0.34353301692445159521	     -0.11526726745908522087	      1.52238686004930801055	      1.44131260677156980421	     -0.00000000000000000448	      0.00000000000000002159	     -0.42363539922748572053	     -0.22028994534080720280	     -0.14642551747061766099	      1.94202786931005899618	      1.33371764667204595334	     -0.00000000000000000178	      0.00000000000000000362
      3.21399999999999996803	     -0.29208834623190477187	      0.00298173474543139997	      0.05997027756502977536	      0.95545186566633477643	      1.00357379637665866667	     -0.33407318591565549060	      0.83175500065743313005	     -0.06824550150269217963	      0.06587133372066422687	      1.49702474581522060326	      1.49702474581522015917	      0.05660561958780569586	      0.00000000000000000392	      0.00000000000000000302	      0.28960654749696490562	      0.12545793968907664739	     -0.03422518570987668346	      0.58703845853511371633	      0.58703845853511360531	      0.20418916071046894212	     -0.00000000000000011477	     -0.00000000000000013612	      0.08452523076175051664	     -0.02308670653180352680	     -0.10951026859902793231	     -0.61140804854518071565	     -0.34650693368707341513	     -0.11795729913317300197	      1.53470747408895524799	      1.44015833107092916521	     -0.00000000000000000523	      0.00000000000000002379	     -0.42685445060489296543	     -0.21832156716997558332	     -0.14878843038891317874	      1.96187338194784577361	      1.33382195315846718842	     -0.00000000000000000192	      0.00000000000000000464
      3.21799999999999997158	     -0.29502918233976727080	     -0.00047970981155020262	      0.05766522273187772718	      0.95596072404536314160	      1.00627357035807452057	     -0.33416463386482786468	      0.84094512144550503940	     -0.06483093253837546310	      0.06137250249459831608	      1.47164491364773963866	      1.47164491364773919457	      0.06163482296182248160	      0.00000000000000000264	      0.00000000000000000341	      0.27265940227736717993	      0.11979938427661125655	     -0.03552832762508983250	      0.56942629562778657171	      0.56942629562778646068	      0.18000736039023035318	     -0.00000000000000014872	     -0.00000000000000013359	      0.09049513776583115177	     -0.01769701510369606212	     -0.11524499120412501352	     -0.62266420002352329544	     -0.34921711205546474011	     -0.12098277130885951025	      1.54698578434818712068	      1.43890259548257914979	     -0.00000000000000000601	      0.00000000000000002551	     -0.43006197850301497443	     -0.21644207689575067910	     -0.15078753154724802710	      1.98135974062534980789	      1.33370119872725179100	     -0.00000000000000000222	      0.00000000000000000617
      3.22199999999999997513	     -0.29743572875463242244	     -0.00388515415040231607	      0.05536448393269114560	      0.95650984366726676811	      1.00906694199694557668	     -0.33425655138999671445	      0.84872814409267416380	     -0.06160381487872038098	      0.05625917710658659421	      1.44502253097234323320	      1.44502253097234323320	      0.06706718753022619661	      0.00000000000000000001	      0.00000000000000000313	      0.25546679403175176493	      0.11409451972274957388	     -0.03714651492262811133	      0.55180721342718641598	      0.55180721342718641598	      0.15387108503768998080	     -0.00000000000000017511	     -0.00000000000000012625	      0.09579153948986553202	     -0.01229013596181862192	     -0.12066681315303783018	     -0.63397808169697056346	     -0.35158834652329390424	     -0.12433594444630982623	      1.55918766963495847300	      1.43753512212896050748	     -0.00000000000000000665	      0.00000000000000002755	     -0.43321854519665370375	     -0.21470481378034131370	     -0.15246396487277913412	      2.00053102338268606886	      1.33336113293629376919	     -0.00000000000000000261	      0.00000000000000000750
      3.22599999999999997868	     -0.29933830471208744406	     -0.00712560174143543005	      0.05307204114797962197	      0.95708805053546375241	      1.01193594372139417104	     -0.33434940823056552572	      0.85518960049840109239	     -0.05864780355088581448	      0.05063703538323101327	      1.41719548201191125614	      1.41719548201191103409	      0.07283668573141224845	     -0.00000000000000000228	      0.00000000000000000283	      0.23812332000711122770	      0.10850447160183129824	     -0.03898950860389101269	      0.53427983673553924859	      0.53427983673553913757	      0.12613043550361735523	     -0.00000000000000017611	     -0.00000000000000009920	      0.10040910117790274869	     -0.00699952135249446144	     -0.12570954940399300948	     -0.64539739559705866512	     -0.35356436139634495053	     -0.12798763852143818509	      1.57129263466043078701	      1.43605644907802165733	     -0.00000000000000000748	      0.00000000000000002963	     -0.43630940697677272899	     -0.21315637197128264879	     -0.15387809756050285781	      2.01945695694912874529	      1.33282043349739875993	     -0.00000000000000000328	      0.00000000000000000898
      3.22999999999999998224	     -0.30079932293412958710	     -0.01010119185939891730	      0.05078363058230110638	      0.95768522594684668547	      1.01485992609369302109	     -0.33444226266881510456	      0.86044532783709082313	     -0.05602443153098122380	      0.04459809557436473365	      1.38818994843286946939	      1.38818994843286946939	      0.07882018261245611612	     -0.00000000000000000431	      0.00000000000000000272	      0.22075097224507878035	      0.10317811813068725191	     -0.04098284284903531971	      0.51694890411046656720	      0.51694890411046656720	      0.09715744516705158984	     -0.00000000000000017903	     -0.00000000000000007669	      0.10439018274917390150	     -0.00195247752069341004	     -0.13031397415317169663	     -0.65696195475720298163	     -0.35510997992071230422	     -0.13189057243674490172	      1.58328329317090377160	      1.43447884535662728567	     -0.00000000000000000776	      0.00000000000000003175	     -0.43934126277608409605	     -0.21183267879447817417	     -0.15510046375132624519	      2.03821507153001713064	      1.33211037647343677470	     -0.00000000000000000390	      0.00000000000000001046
      3.23399999999999998579	     -0.30190827834693317877	     -0.01273165839067889188	      0.04848686712404848970	      0.95829294735273884420	      1.01781627075202529831	     -0.33453267744246134585	      0.86463234163679381084	     -0.05376425842397533628	      0.03821194686071718166	      1.35802291068910818694	      1.35802291068910796490	      0.08484384239922945770	     -0.00000000000000000543	      0.00000000000000000246	      0.20349332343507853249	      0.09823716246662857199	     -0.04307857501588262944	      0.49992455058944329505	      0.49992455058944335056	      0.06732377517512258547	     -0.00000000000000017452	     -0.00000000000000003997	      0.10782111939090120722	      0.00274286879702993411	     -0.13443190760509082793	     -0.66869910797483322895	     -0.35621150875929830093	     -0.13598509973492353686	      1.59513658971868177439	      1.43282565725334110063	     -0.00000000000000000774	      0.00000000000000003368	     -0.44233693971112719723	     -0.21075571156848124654	     -0.15620227605789605008	      2.05687436767656661729	      1.33127334555604193156	     -0.00000000000000000439	      0.00000000000000001173
      3.23799999999999998934	     -0.30277372051291556732	     -0.01496589906442776126	      0.04616278108422623011	      0.95890494810142623550	      1.02078132540094079772	     -0.33461685954839676116	      0.86789772310102930586	     -0.05185998911993865840	      0.03152087150243019359	      1.32670599154183710411	      1.32670599154183710411	      0.09069442166968218200	     -0.00000000000000000626	      0.00000000000000000253	      0.18650655664972518033	      0.09376311932402894844	     -0.04526082585571580136	      0.48331976877070148557	      0.48331976877070143006	      0.03697934921677420439	     -0.00000000000000017143	     -0.00000000000000001121	      0.11082378349552378383	      0.00700993826343144534	     -0.13802997701336253145	     -0.68062032948327211290	     -0.35687547576164907470	     -0.14020636761135074622	      1.60681804193088528798	      1.43112906659806982113	     -0.00000000000000000719	      0.00000000000000003565	     -0.44532886163932777768	     -0.20993136962119537947	     -0.15724645206253254348	      2.07548178379453540643	      1.33036025011659297945	     -0.00000000000000000502	      0.00000000000000001279
      3.24199999999999999289	     -0.30351300854452634148	     -0.01678947667085447723	      0.04378878910612928749	      0.95951737269143322351	      1.02373147514809148539	     -0.33469003103859046311	      0.87038641254850379614	     -0.05026246776793827364	      0.02453969065228433361	      1.29425005371558077272	      1.29425005371558077272	      0.09613478130067514005	     -0.00000000000000000749	      0.00000000000000000256	      0.16994824669811092743	      0.08978787745992611313	     -0.04754563084498254766	      0.46724666530851460822	      0.46724666530851460822	      0.00643415045756883745	     -0.00000000000000016730	      0.00000000000000000203	      0.11354338802477849379	      0.01081392036779759216	     -0.14109286534890286280	     -0.69271939548602212700	     -0.35712589718990706000	     -0.14449187551522388318	      1.61827980876566401847	      1.42942641253691116177	     -0.00000000000000000646	      0.00000000000000003790	     -0.44835208062477394098	     -0.20934892069427210592	     -0.15827999582797966371	      2.09405250101642392835	      1.32942700712217853898	     -0.00000000000000000573	      0.00000000000000001364
      3.24599999999999999645	     -0.30424067458915970974	     -0.01822871032728814664	      0.04134265006226152395	      0.96012880713318615733	      1.02664428665412099662	     -0.33474697500945971296	      0.87222858761296639951	     -0.04888038784877477005	      0.01726105663806167673	      1.26066930509398811289	      1.26066930509398811289	      0.10092174892678325293	     -0.00000000000000000889	      0.00000000000000000253	      0.15396496071369522585	      0.08628928922763237641	     -0.04997533250929300785	      0.45181214010407899639	      0.45181214010407894088	     -0.02405561825051932140	     -0.00000000000000015967	      0.00000000000000000872	      0.11613349395167923972	      0.01416811630279589569	     -0.14362550628698086963	     -0.70497193793131052164	     -0.35700027627536679020	     -0.14878844049766562496	      1.62946249750058247407	      1.42775554155167205828	     -0.00000000000000000585	      0.00000000000000004057	     -0.45143744054868939486	     -0.20898221789831575301	     -0.15932847561072147058	      2.11256477148138221978	      1.32853032233197798639	     -0.00000000000000000674	      0.00000000000000001428
      3.25000000000000000000	     -0.30505632194007842317	     -0.01935012318083768196	      0.03880674287506268721	      0.96074006530941225002	      1.02949964938886862065	     -0.33478267351778323579	      0.87352732699476975942	     -0.04758439287198897027	      0.00966652882513350034	      1.22598365447987678323	      1.22598365447987656118	      0.10482413548979491180	     -0.00000000000000001086	      0.00000000000000000246	      0.13867985893325765479	      0.08319290989663855052	     -0.05260831276318101574	      0.43711362745937010210	      0.43711362745937010210	     -0.05429635760463211863	     -0.00000000000000015415	      0.00000000000000000464	      0.11873928478173677303	      0.01713479551871455522	     -0.14565363144270043749	     -0.71733599573829764928	     -0.35654456834192466141	     -0.15305766809740642409	      1.64030014184089467655	      1.42614977123343877885	     -0.00000000000000000545	      0.00000000000000004330	     -0.45460529242216163315	     -0.20879273322040378669	     -0.16039317119215673602	      2.13095965324422342846	      1.32772307905853192977	     -0.00000000000000000777	      0.00000000000000001497
      3.25400000000000000355	     -0.30603330164979064554	     -0.02025479284871014793	      0.03617199043991054658	      0.96135374188705391418	      1.03228078931260780493	     -0.33479294726203417953	      0.87434786164273414766	     -0.04621568685749172234	      0.00174235072947227483	      1.19021920851272344777	      1.19021920851272322572	      0.10763928907655247180	     -0.00000000000000001269	      0.00000000000000000252	      0.12418178641627027059	      0.08038005039739429258	     -0.05550556967596317892	      0.42323572719183505386	      0.42323572719183505386	     -0.08416014696653255356	     -0.00000000000000014852	     -0.00000000000000000093	      0.12148072525085021334	      0.01981985980082748289	     -0.14722238990202526909	     -0.72975335602014901326	     -0.35580753715665419668	     -0.15727931286246885079	      1.65072737581761663783	      1.42463309625105782885	     -0.00000000000000000464	      0.00000000000000004616	     -0.45786028222087615802	     -0.20873418702995999441	     -0.16145113581736486585	      2.14914543889876652472	      1.32704972714131264055	     -0.00000000000000000911	      0.00000000000000001546
      3.25800000000000000711	     -0.30720967943500210318	     -0.02106791899422713957	      0.03344077527439483222	      0.96197357501446401074	      1.03497499836422890418	     -0.33477500159424405934	      0.87471026346918057115	     -0.04459873908319565705	     -0.00650247169250937028	      1.15340784929230788514	      1.15340784929230766309	      0.10920712023625939180	     -0.00000000000000001432	      0.00000000000000000227	      0.11051762143405510774	      0.07770139471556604394	     -0.05871622573068880496	      0.41024871438986615368	      0.41024871438986615368	     -0.11358121937921994427	     -0.00000000000000014078	     -0.00000000000000000912	      0.12443774763638874858	      0.02236148088656520622	     -0.14839305422000489965	     -0.74215157576909362991	     -0.35483514349227862628	     -0.16145217786973531382	      1.66068747249395443077	      1.42321630757430628300	     -0.00000000000000000390	      0.00000000000000004895	     -0.46118790946094467831	     -0.20875828875953689190	     -0.16245813637700476373	      2.16700600481895655491	      1.32654212538016946787	     -0.00000000000000001062	      0.00000000000000001611
      3.26200000000000001066	     -0.30858272001172082355	     -0.02192448241471692955	      0.03062839296518851673	      0.96260369159419068019	      1.03757397020548003397	     -0.33472780644773308945	      0.87458697252559358670	     -0.04255715390882237187	     -0.01501843337451862215	      1.11558670454165587138	      1.11558670454165587138	      0.10942064296279314928	     -0.00000000000000001669	      0.00000000000000000234	      0.09768919528477577885	      0.07499493077384088158	     -0.06226399945682069975	      0.39820952091650030358	      0.39820952091650030358	     -0.14254539121800546830	     -0.00000000000000013140	     -0.00000000000000002083	      0.12763942671784009320	      0.02491359080287504010	     -0.14923806086162358375	     -0.75444662828880248995	     -0.35366561132130280853	     -0.16559238646012972018	      1.67013998285024700685	      1.42189456810094627670	     -0.00000000000000000310	      0.00000000000000005163	     -0.46455348772372556665	     -0.20882097925899750779	     -0.16335413084678115925	      2.18441197278445997654	      1.32621628359788901186	     -0.00000000000000001252	      0.00000000000000001694
      3.26600000000000001421	     -0.31010753180277628172	     -0.02295269448875362703	      0.02776298274899121135	      0.96324784676387431581	      1.04007370108461061342	     -0.33465227774966171959	      0.87390533392711633454	     -0.03993096970221774594	     -0.02370101224987370206	      1.07679759690877752121	      1.07679759690877752121	      0.10823190635631994849	     -0.00000000000000002123	      0.00000000000000000321	      0.08565507190248479452	      0.07210629425802961290	     -0.06613618022577638644	      0.38716503750544289941	      0.38716503750544278839	     -0.17107306400943572688	     -0.00000000000000011821	     -0.00000000000000004012	      0.13105853976246306658	      0.02762617284031055470	     -0.14983502511699192672	     -0.76654625377393859065	     -0.35232567412777671123	     -0.16972906061269080191	      1.67906684796188976350	      1.42064680094610351624	     -0.00000000000000000227	      0.00000000000000005423	     -0.46790380205927584178	     -0.20888844154775607076	     -0.16407046025094507158	      2.20123300896146334438	      1.32607038294773826870	     -0.00000000000000001475	      0.00000000000000001763
      3.27000000000000001776	     -0.31170018531894300162	     -0.02425725720231610913	      0.02488403555768272171	      0.96390876393531021993	      1.04247395682839960607	     -0.33455124373067124388	      0.87255479738753483065	     -0.03659337003811869576	     -0.03238203962170316946	      1.03708641945634805204	      1.03708641945634805204	      0.10565246417642319698	     -0.00000000000000002978	      0.00000000000000000394	      0.07433696768494463258	      0.06890930523803651120	     -0.07027639187873914450	      0.37715724634144814909	      0.37715724634144809357	     -0.19919714842070443406	     -0.00000000000000009601	     -0.00000000000000005209	      0.13461245770182636572	      0.03062476036488458869	     -0.15026046408572232838	     -0.77835402413686127776	     -0.35082843153177772910	     -0.17389765818964711408	      1.68747602406265828634	      1.41943708955281144846	     -0.00000000000000000119	      0.00000000000000005715	     -0.47117152561670527788	     -0.20894211130945686272	     -0.16453776612720955042	      2.21734946613797889725	      1.32608436948103380892	     -0.00000000000000001705	      0.00000000000000001823
      3.27400000000000002132	     -0.31324519203382322763	     -0.02590435269316884379	      0.02203954093700212502	      0.96458761436472906237	      1.04477734765691687713	     -0.33442918721799136383	      0.87039839603212543206	     -0.03246504614063046995	     -0.04082873889639868081	      0.99650314323871658218	      0.99650314323871647115	      0.10174888374864531071	     -0.00000000000000003958	      0.00000000000000000450	      0.06363032448003708152	      0.06532433977997072205	     -0.07458223855907686328	      0.36822966008954122197	      0.36822966008954111095	     -0.22693836240087211786	     -0.00000000000000007222	     -0.00000000000000006472	      0.13817046589544679236	      0.03399155871889621150	     -0.15058372575088058154	     -0.78977370776538491359	     -0.34917314761787332511	     -0.17813184551779115417	      1.69540199285338144541	      1.41821800547535326054	      0.00000000000000000017	      0.00000000000000006002	     -0.47428206776590559057	     -0.20898199304321291025	     -0.16469376144667624562	      2.23266207193405064046	      1.32622122341631532016	     -0.00000000000000001945	      0.00000000000000001840
      3.27800000000000002487	     -0.31460678035460087898	     -0.02791018080683818972	      0.01928180112457171178	      0.96528363826418583926	      1.04698809363533351657	     -0.33429176429381768365	      0.86728807592099921298	     -0.02752470877437317165	     -0.04875139680103150741	      0.95510383482501182151	      0.95510383482501193253	      0.09663493469275573344	     -0.00000000000000004879	      0.00000000000000000519	      0.05341830030933428231	      0.06133208889493837329	     -0.07890866033542892621	      0.36043451839327322883	      0.36043451839327295128	     -0.25428110417339155891	     -0.00000000000000004536	     -0.00000000000000007741	      0.14156681288921563189	      0.03775057803008919494	     -0.15086141634839045356	     -0.80071319127043227848	     -0.34734717660042119247	     -0.18245535005471499868	      1.70290283756915417079	      1.41693552364902219942	      0.00000000000000000240	      0.00000000000000006270	     -0.47716211207082070977	     -0.20902769133381837730	     -0.16449009959872160080	      2.24709884689981276296	      1.32642981570186724305	     -0.00000000000000002181	      0.00000000000000001841
      3.28200000000000002842	     -0.31564296928868101899	     -0.03023458143725072864	      0.01666213318823609249	      0.96599392620785407004	      1.04911060532345090657	     -0.33414512619185671172	      0.86308293865254581689	     -0.02181455192451782488	     -0.05581976222518748171	      0.91295560796702501793	      0.91295560796702512896	      0.09046201162542229224	     -0.00000000000000005801	      0.00000000000000000653	      0.04358794488638843140	      0.05698071355055352172	     -0.08307704435552437650	      0.35383994961326048490	      0.35383994961326020734	     -0.28115280556569899328	     -0.00000000000000001643	     -0.00000000000000009070	      0.14461818321679822952	      0.04185882904091691586	     -0.15113264757593322662	     -0.81108759117770390379	     -0.34532989092131677333	     -0.18687511002319703857	      1.71005400872719359739	      1.41553504216443304387	      0.00000000000000000558	      0.00000000000000006507	     -0.47974877471458948763	     -0.20911684803472313510	     -0.16389766518560675013	      2.26061873410767777415	      1.32664911660152595729	     -0.00000000000000002464	      0.00000000000000001793
      3.28600000000000003197	     -0.31622077808871756899	     -0.03278086123541156666	      0.01422506190349395391	      0.96671337678039637176	      1.05114806867306387339	     -0.33399512571074269074	      0.85766844536925190834	     -0.01543984114178917691	     -0.06168709889966587229	      0.87014438797643922641	      0.87014438797643933743	      0.08340886012202812505	     -0.00000000000000006680	      0.00000000000000000816	      0.03404638258043741345	      0.05238526040971539649	     -0.08688887956367867538	      0.34853580496635711006	      0.34853580496635683250	     -0.30740921253573577632	      0.00000000000000001083	     -0.00000000000000011135	      0.14714338688738545780	      0.04620511204551332185	     -0.15141560191264014090	     -0.82082207253350225606	     -0.34309796077438131645	     -0.19137668098563534458	      1.71693973602913074750	      1.41396779352096380045	      0.00000000000000000940	      0.00000000000000006728	     -0.48199789279654348118	     -0.20930117059344394148	     -0.16290963849171916089	      2.27321176714563533139	      1.32681334855436161568	     -0.00000000000000002752	      0.00000000000000001723
      3.29000000000000003553	     -0.31623065785916898429	     -0.03540253308970284229	      0.01200276402757893997	      0.96743487112721926469	      1.05310121419832092293	     -0.33384652390123625842	      0.85097427379584633655	     -0.00856219692146292788	     -0.06602011069276106370	      0.82678477094706437356	      0.82678477094706448458	      0.07567142490169438684	     -0.00000000000000007653	      0.00000000000000000976	      0.02473460635519616341	      0.04771887985128090565	     -0.09014211334206012616	      0.34463680797895357433	      0.34463680797895318575	     -0.33282768054366501653	      0.00000000000000003957	     -0.00000000000000012919	      0.14898277507766680139	      0.05061735517447629035	     -0.15170589915964360905	     -0.82985497356647830447	     -0.34063112924973559803	     -0.19592256422541959315	      1.72364337571778913905	      1.41219687657818182558	      0.00000000000000001265	      0.00000000000000006931	     -0.48388999620970046811	     -0.20964050522034816115	     -0.16154185528245032510	      2.28489577472849125783	      1.32685758718909263543	     -0.00000000000000003063	      0.00000000000000001786
      3.29400000000000003908	     -0.31559849908897147364	     -0.03791666723069959249	      0.01001047309034237311	      0.96814967883146985095	      1.05496741785241399114	     -0.33370232517160203223	      0.84298883254813783417	     -0.00138700478371901813	     -0.06853185844954594319	      0.78303079089372595867	      0.78303079089372618071	      0.06745379898376335781	     -0.00000000000000008715	      0.00000000000000001118	      0.01563713711631743372	      0.04319652108712947886	     -0.09264825512993982159	      0.34228220428168548706	      0.34228220428168509848	     -0.35710970237533901095	      0.00000000000000007004	     -0.00000000000000014300	      0.15001521955687044385	      0.05487817048904271994	     -0.15197703504875489933	     -0.83814123204597523742	     -0.33791769082292960613	     -0.20045363312992350857	      1.73023784795354229615	      1.41020220020612252476	      0.00000000000000001644	      0.00000000000000007108	     -0.48543307400194990464	     -0.21019564712313437704	     -0.15983041615522580736	      2.29570986407360422277	      1.32672330301232244132	     -0.00000000000000003432	      0.00000000000000001913
      3.29800000000000004263	     -0.31429386429312056173	     -0.04012257846335721273	      0.00824348497977933463	      0.96884804904942323223	      1.05674025985028530172	     -0.33356337204222319404	      0.83376875839513653332	      0.00585391013483920961	     -0.06901380634718973228	      0.73908592666748995637	      0.73908592666749017841	      0.05896141367739613642	     -0.00000000000000009803	      0.00000000000000001285	      0.00678645128323621290	      0.03905282655438083173	     -0.09424824632436393235	      0.34163163610892782751	      0.34163163610892732791	     -0.37989289257523034538	      0.00000000000000010125	     -0.00000000000000015539	      0.15017083936257102916	      0.05874712167029486759	     -0.15218292882909406627	     -0.84565552563968571231	     -0.33495905091507238716	     -0.20489341744956593439	      1.73677718063650332603	      1.40798369031556447339	      0.00000000000000001954	      0.00000000000000007309	     -0.48666183876796204055	     -0.21102073643723481822	     -0.15782688223340535227	      2.30570520714656534977	      1.32636334085066565081	     -0.00000000000000003848	      0.00000000000000002074
      3.30200000000000004619	     -0.31233337057187121610	     -0.04182392970849118513	      0.00667628857459059023	      0.96951997404622536347	      1.05840959618394236941	     -0.33342830646269128181	      0.82344225798298498198	      0.01292280573891099044	     -0.06736334750851519226	      0.69521068863739077237	      0.69521068863739099442	      0.05039711643831168431	     -0.00000000000000010914	      0.00000000000000001478	     -0.00173827542279303329	      0.03551660979542104607	     -0.09482538923199392011	      0.34285745846805892878	      0.34285745846805842918	     -0.40077171865256183692	      0.00000000000000013298	     -0.00000000000000016767	      0.14943817541499659907	      0.06198743981926904678	     -0.15226231206271190199	     -0.85239412100456002364	     -0.33177311081470961529	     -0.20915485151779603101	      1.74329016843676720683	      1.40556232738794495418	      0.00000000000000002293	      0.00000000000000007580	     -0.48763391639111147713	     -0.21215596659947907887	     -0.15559169162244743112	      2.31493412157852151978	      1.32574587795025533588	     -0.00000000000000004258	      0.00000000000000002123
      3.30600000000000004974	     -0.30977888604138631434	     -0.04285143503393744335	      0.00526404587097730695	      0.97015602644875875704	      1.05996212810551626582	     -0.33329394549317969965	      0.81220583452572991945	      0.01959752351962996270	     -0.06360334813385025432	      0.65172604620813412435	      0.65172604620813445742	      0.04195991548917273051	     -0.00000000000000012007	      0.00000000000000001696	     -0.00981767055180636679	      0.03278507185447428890	     -0.09431429945547972760	      0.34613448156819826007	      0.34613448156819770496	     -0.41932513054040126965	      0.00000000000000016510	     -0.00000000000000018084	      0.14786521665312912788	      0.06439387984474785609	     -0.15214432440295688753	     -0.85837461900181921681	     -0.32839642636934884834	     -0.21314884687840715549	      1.74977713708507187640	      1.40297892441985805334	      0.00000000000000002576	      0.00000000000000007862	     -0.48842396428662826491	     -0.21362128445314459979	     -0.15318678577149116848	      2.32343919594480041724	      1.32485698655698858062	     -0.00000000000000004676	      0.00000000000000002156
      3.31000000000000005329	     -0.30673072780613963584	     -0.04308312360254301643	      0.00394639657953980549	      0.97074813723657704667	      1.06138239084056196226	     -0.33315604658838759988	      0.80031441715054796315	      0.02569159059737890008	     -0.05789085788590081494	      0.60901121960579529535	      0.60901121960579585046	      0.03384572144727133330	     -0.00000000000000013157	      0.00000000000000001902	     -0.01730303703267429410	      0.03100104862151452714	     -0.09270526084620979435	      0.35162843715551528323	      0.35162843715551472812	     -0.43514893059395415298	      0.00000000000000019824	     -0.00000000000000019471	      0.14555411341989898943	      0.06581813415255337307	     -0.15175457866186403688	     -0.86363312676753167807	     -0.32488509591478459404	     -0.21679389461714723697	      1.75621055728474684265	      1.40029076226176463216	      0.00000000000000002946	      0.00000000000000008121	     -0.48911672439505254895	     -0.21541174101536411656	     -0.15066848952239594861	      2.33124432733030095832	      1.32370152780671879178	     -0.00000000000000005128	      0.00000000000000002178
      3.31400000000000005684	     -0.30331670784493558468	     -0.04245979421712682556	      0.00265335192119978309	      0.97129019425537865828	      1.06265398290826929006	     -0.33301036672606826317	      0.78806563097514370497	      0.03107089620800558907	     -0.05051370147096704427	      0.56749516546169109787	      0.56749516546169143094	      0.02624867965529426028	     -0.00000000000000014313	      0.00000000000000002141	     -0.02403025190084780160	      0.03023599156390727530	     -0.09004266617095095515	      0.35948570268296659025	      0.35948570268296609065	     -0.44787472745955514419	      0.00000000000000023090	     -0.00000000000000020966	      0.14265009819560309223	      0.06618889074646600035	     -0.15102116451209288139	     -0.86821886526450720023	     -0.32131439487801410904	     -0.22002569336913585518	      1.76253951949415754719	      1.39756640458588887732	      0.00000000000000003377	      0.00000000000000008344	     -0.48979975116745916308	     -0.21749498091399924182	     -0.14808145342384951282	      2.33834883173401131273	      1.32230232035332639917	     -0.00000000000000005609	      0.00000000000000002089
      3.31800000000000006040	     -0.29967772996215924497	     -0.04099285676947186929	      0.00131204032484399783	      0.97177806274160460909	      1.06376018382885484392	     -0.33285364891966595646	      0.77577753982156261170	      0.03566458223999051380	     -0.04187334826916440378	      0.52764158975209574098	      0.52764158975209618507	      0.01936104689774004531	     -0.00000000000000015473	      0.00000000000000002484	     -0.02983753082935441600	      0.03048206584986744641	     -0.08642440284286834196	      0.36981309611125379178	      0.36981309611125323666	     -0.45734193978521003876	      0.00000000000000026341	     -0.00000000000000022539	      0.13932384585491819351	      0.06552227385951138461	     -0.14987874417383276193	     -0.87218415767557622154	     -0.31777731421810578860	     -0.22280536883367221823	      1.76869661250398402252	      1.39487956857243933229	      0.00000000000000003784	      0.00000000000000008565	     -0.49055661773805825376	     -0.21981139483937348067	     -0.14545462067465625422	      2.34472354848966757501	      1.32069768978688650840	     -0.00000000000000006108	      0.00000000000000002011
      3.32200000000000006395	     -0.29595293219065743617	     -0.03876804483273866425	     -0.00014458861812043539	      0.97221028285240307376	      1.06468674412398578433	     -0.33268501919274567902	      0.76376825569056927545	      0.03947269020528577227	     -0.03246055329966249930	      0.48992759205292651936	      0.48992759205292696345	      0.01336963313862570522	     -0.00000000000000016648	      0.00000000000000002971	     -0.03457867240008916099	      0.03164743364071363058	     -0.08198214600135050878	      0.38269031151601318186	      0.38269031151601257124	     -0.46328336064320846388	      0.00000000000000029561	     -0.00000000000000024256	      0.13575572627276211168	      0.06392932800961143025	     -0.14827534036508641102	     -0.87558174145069200822	     -0.31438086995847808192	     -0.22512588325899940411	      1.77460915063979629558	      1.39230137162393496908	      0.00000000000000004174	      0.00000000000000008800	     -0.49146003423713030545	     -0.22227664043523037707	     -0.14279816755562918518	      2.35031578124064433055	      1.31893780268309757098	     -0.00000000000000006613	      0.00000000000000001947
      3.32600000000000006750	     -0.29226310259159482552	     -0.03593442641762658457	     -0.00177161241815112299	      0.97258777850178079749	      1.06542335950466005023	     -0.33250662118213852869	      0.75232813468611259289	      0.04256068794134796468	     -0.02281594914587197279	      0.45481769123316351244	      0.45481769123316406755	      0.00844919661224066178	     -0.00000000000000017795	      0.00000000000000003563	     -0.03814006916595513719	      0.03356769560945164349	     -0.07687609089200457546	      0.39814407305314281071	      0.39814407305314220009	     -0.46567893231783097363	      0.00000000000000032819	     -0.00000000000000026062	      0.13211284533140912889	      0.06160389520284303977	     -0.14617425232618383446	     -0.87845706889526353756	     -0.31123854019690194717	     -0.22701348448285219028	      1.78020711321129354587	      1.38989442139199770310	      0.00000000000000004675	      0.00000000000000009027	     -0.49256435201387194223	     -0.22478878403577293166	     -0.14010372018092592805	      2.35505279597633521149	      1.31707998795110103885	     -0.00000000000000007070	      0.00000000000000001803
      3.33000000000000007105	     -0.28869988203084540057	     -0.03269162593354229401	     -0.00360567279935872231	      0.97291296483377009974	      1.06596359904642157268	     -0.33232379001738032720	      0.74169648806309684819	      0.04504972976560100290	     -0.01348865849241077594	      0.42273444007042965120	      0.42273444007043026183	      0.00475212549989087029	     -0.00000000000000018899	      0.00000000000000004313	     -0.04045167183389119375	      0.03602231578291367753	     -0.07127855932205216793	      0.41615260186354924299	      0.41615260186354868788	     -0.46464624096070133996	      0.00000000000000036068	     -0.00000000000000027870	      0.12853129647003447289	      0.05880603698741961732	     -0.14355710042360705914	     -0.88084312388681740291	     -0.30846241573203420083	     -0.22852628499623783842	      1.78543315070899399899	      1.38770701524049289155	      0.00000000000000005184	      0.00000000000000009268	     -0.49390027220093069005	     -0.22723689812863778759	     -0.13734673071288050483	      2.35884865663221265919	      1.31518378767960042453	     -0.00000000000000007534	      0.00000000000000001629
      3.33400000000000007461	     -0.28531741473366434292	     -0.02926900330645829801	     -0.00566083009345963884	      0.97318924103453952057	      1.06630547899167216208	     -0.33214478365019289852	      0.73204161445262216912	      0.04709895602708382562	     -0.00499217082528932623	      0.39402806540202084395	      0.39402806540202145458	      0.00239531215223265240	     -0.00000000000000019993	      0.00000000000000005093	     -0.04149307429063507635	      0.03875820134932365241	     -0.06536048991511579642	      0.43664685483721954462	      0.43664685483721898951	     -0.46044430303154232353	      0.00000000000000039295	     -0.00000000000000029676	      0.12510229915678888757	      0.05583545520386624939	     -0.14042569279987365816	     -0.88275938441329138140	     -0.30615267600186901742	     -0.22974828939002084338	      1.79024986807071484485	      1.38576942562572869022	      0.00000000000000005650	      0.00000000000000009526	     -0.49547102662517095162	     -0.22951191714622970474	     -0.13449090243516759191	      2.36161407814449209042	      1.31330609282098564883	     -0.00000000000000008013	      0.00000000000000001544
      3.33800000000000007816	     -0.28212853413281846482	     -0.02590170723573607600	     -0.00792662748284554686	      0.97342048791517499229	      1.06645157088239739274	     -0.33198000628357127173	      0.72344662713138851995	      0.04888339830394212299	      0.00223642479016478331	      0.36894857523667040633	      0.36894857523667107246	      0.00144490689908308547	     -0.00000000000000021116	      0.00000000000000005927	     -0.04129418804341210281	      0.04151666382866152361	     -0.05927984719544576730	      0.45951539360810073065	      0.45951539360810006452	     -0.45346113026489381914	      0.00000000000000042502	     -0.00000000000000031546	      0.12186404434651165740	      0.05299980459913567615	     -0.13680299164039158577	     -0.88421362016539883921	     -0.30438659291657699235	     -0.23078013306901429269	      1.79464432893232572752	      1.38409228726893118733	      0.00000000000000006110	      0.00000000000000009761	     -0.49725105634533123267	     -0.23151801442187003310	     -0.13149419998531294840	      2.36326734225656664989	      1.31149687067983600208	     -0.00000000000000008506	      0.00000000000000001559
      3.34200000000000008171	     -0.27910561513189974248	     -0.02280628987839180763	     -0.01036845792572130623	      0.97361065108586031247	      1.06640866073128837144	     -0.33184085388523898441	      0.71590277107983946170	      0.05057040698848201676	      0.00786945841939399454	      0.34762367464963178643	      0.34762367464963245256	      0.00190030422625988020	     -0.00000000000000022229	      0.00000000000000006679	     -0.03993051961058322746	      0.04406061456264460247	     -0.05317294033719856261	      0.48461203923792395276	      0.48461203923792334214	     -0.44419069653164489075	      0.00000000000000045716	     -0.00000000000000033270	      0.11880013417546125831	      0.05058154532536036224	     -0.13273292398153088700	     -0.88520551757143062233	     -0.30320892291847134636	     -0.23172764368655376921	      1.79862923389440121369	      1.38266721247323198796	      0.00000000000000006486	      0.00000000000000009995	     -0.49918811668585688635	     -0.23318293070386511556	     -0.12831579354392136372	      2.36374513969473198927	      1.30979588171120453488	     -0.00000000000000009109	      0.00000000000000001571
      3.34600000000000008527	     -0.27618588495800477922	     -0.02015867484656278658	     -0.01293012294045581094	      0.97376344673314518818	      1.06618699416395923407	     -0.33173837939454170476	      0.70931146618037632656	      0.05229788731975291982	      0.01171048317173484753	      0.33004569455640297981	      0.33004569455640364595	      0.00367989694837603503	     -0.00000000000000023394	      0.00000000000000007346	     -0.03751369142468537893	      0.04619869387212420520	     -0.04714933720739014622	      0.51176510876510361570	      0.51176510876510283854	     -0.43320132855826115614	      0.00000000000000048923	     -0.00000000000000034916	      0.11584486522240139417	      0.04880742766127880994	     -0.12827871919930272648	     -0.88573069949839799975	     -0.30262562630738853997	     -0.23268963686876401042	      1.80224074149865187700	      1.38146942077735523924	      0.00000000000000006878	      0.00000000000000010225	     -0.50120926275717037068	     -0.23446575245410014587	     -0.12492308043498510928	      2.36301191684358302680	      1.30823067765752298897	     -0.00000000000000009752	      0.00000000000000001576
      3.35000000000000008882	     -0.27328074578181060783	     -0.01807702602952709556	     -0.01553832566900240249	      0.97388219830918065778	      1.06579916148136399912	     -0.33168199578390022975	      0.70349564248594931293	      0.05415735031994147602	      0.01370244931269966847	      0.31607019454428614269	      0.31607019454428675331	      0.00661135848839092179	     -0.00000000000000024601	      0.00000000000000008018	     -0.03417826435071574104	      0.04780327182278065745	     -0.04129073346675022488	      0.54078689994263096086	      0.54078689994263029472	     -0.42109813614834817885	      0.00000000000000052132	     -0.00000000000000036551	      0.11289500038721417274	      0.04782452701249402527	     -0.12351957001327946994	     -0.88578377930525664663	     -0.30260254265253366812	     -0.23374640774378060981	      1.80553317672662094751	      1.38046199063002195118	      0.00000000000000007325	      0.00000000000000010423	     -0.50323059664362645993	     -0.23536088208201219607	     -0.12129786474204831692	      2.36106630101333392346	      1.30681606452533660701	     -0.00000000000000010314	      0.00000000000000001434
      3.35400000000000009237	     -0.27028815028613051297	     -0.01661131202539422452	     -0.01810863439900759972	      0.97396978671061840149	      1.06525871953923600977	     -0.33167839213727162706	      0.69821946284429903251	      0.05618392734988064685	      0.01392188021263554391	      0.30542710579538784321	      0.30542710579538845383	      0.01042891393846544223	     -0.00000000000000025732	      0.00000000000000008678	     -0.03006637608812760820	      0.04882020006339983509	     -0.03565353966680260417	      0.57148244222424782190	      0.57148244222424726679	     -0.40848246823008482753	      0.00000000000000055373	     -0.00000000000000038176	      0.10982664677948401899	      0.04768564725213246536	     -0.11854571400535426906	     -0.88535978638658152651	     -0.30306957306028825538	     -0.23495023884270097025	      1.80857126169443427344	      1.37960121154694692613	      0.00000000000000007826	      0.00000000000000010628	     -0.50516977409779628694	     -0.23589762499677255358	     -0.11744091750406256136	      2.35794379014624500002	      1.30555498171516792816	     -0.00000000000000010906	      0.00000000000000001411
      3.35800000000000009592	     -0.26710657986528585361	     -0.01574070619051546466	     -0.02055230155586867946	      0.97402868486601956732	      1.06457869920616898796	     -0.33173077320217853048	      0.69321415161101906932	      0.05835450304739586008	      0.01256053212229548029	      0.29774355016269760110	      0.29774355016269832275	      0.01477968793264066057	     -0.00000000000000026846	      0.00000000000000009272	     -0.02531211226751594115	      0.04926912009676630289	     -0.03027436740793415168	      0.60365686655592798449	      0.60365686655592720733	     -0.39591176523266075060	      0.00000000000000058582	     -0.00000000000000039767	      0.10651491587430282626	      0.04834578880127704537	     -0.11345237547658512667	     -0.88445420873874691647	     -0.30392967758267630529	     -0.23631906449228501366	      1.81142084768290123620	      1.37884240435301785865	      0.00000000000000008306	      0.00000000000000010862	     -0.50695929192846711508	     -0.23613558567214440465	     -0.11337429647715353831	      2.35371545985687324887	      1.30444053082703281810	     -0.00000000000000011615	      0.00000000000000001483
      3.36200000000000009948	     -0.26364908868221104132	     -0.01537929058800363395	     -0.02278332685727675264	      0.97406104820524952448	      1.06377015374399963576	     -0.33183847754641643268	      0.68820720953293212929	      0.06059397231168199560	      0.00989681856528158363	      0.29257668591570917815	      0.29257668591570989980	      0.01924010901432734663	     -0.00000000000000027955	      0.00000000000000009866	     -0.02002747762482414914	      0.04923409652523389607	     -0.02517736971069373803	      0.63712101421689515401	      0.63712101421689437686	     -0.38386316100598255607	      0.00000000000000061775	     -0.00000000000000041362	      0.10285377163294188996	      0.04967025718245408894	     -0.10833325217170731991	     -0.88306234037271669202	     -0.30507126296264142074	     -0.23783403559452004350	      1.81413918196581325226	      1.37814552229883013901	      0.00000000000000008869	      0.00000000000000011124	     -0.50855816095077732708	     -0.23615658977252237949	     -0.10914103345150553970	      2.34848269009727816936	      1.30345882498324083798	     -0.00000000000000012382	      0.00000000000000001554
      3.36600000000000010303	     -0.25985574105831182878	     -0.01538949227065724429	     -0.02472511276692093696	      0.97406881058221794767	      1.06284091444086525868	     -0.33199698503318297860	      0.68295197095949988775	      0.06278836542715124369	      0.00626013273133792583	      0.28945407688049579198	      0.28945407688049662465	      0.02334181110674074869	     -0.00000000000000029125	      0.00000000000000010363	     -0.01429163227489725803	      0.04884574466684450667	     -0.02038207455661710660	      0.67169530186195203214	      0.67169530186195125498	     -0.37270404916939059436	      0.00000000000000064974	     -0.00000000000000042961	      0.09877324454415595256	      0.05145344455980188636	     -0.10327438495306043298	     -0.88117861408169706472	     -0.30638201297170586379	     -0.23944116138144078132	      1.81676578768944319009	      1.37747974814637030860	      0.00000000000000009502	      0.00000000000000011425	     -0.50995957847722084288	     -0.23605434005518960427	     -0.10480218021277477869	      2.34236824758213302289	      1.30259225807418399512	     -0.00000000000000013181	      0.00000000000000001574
      3.37000000000000010658	     -0.25570283799181814377	     -0.01560199140792612078	     -0.02631608920238153598	      0.97405373567350805875	      1.06179471299015437680	     -0.33219830340754008535	      0.67725453238008570533	      0.06480295294638765968	      0.00199169482118039974	      0.28791850821809844563	      0.28791850821809938932	      0.02660558001289807864	     -0.00000000000000030351	      0.00000000000000010824	     -0.00814469738768637194	      0.04825692038320235355	     -0.01591032794194979783	      0.70721203301908253103	      0.70721203301908164285	     -0.36267242781136693752	      0.00000000000000068208	     -0.00000000000000044562	      0.09425145672017053167	      0.05344634081504740647	     -0.09834915649813333327	     -0.87879636859603726950	     -0.30776221250189939038	     -0.24105687782547405296	      1.81931504578913338932	      1.37682636715267148197	      0.00000000000000010161	      0.00000000000000011755	     -0.51119275635608063535	     -0.23592316414110511835	     -0.10043146346306253136	      2.33550436918749859672	      1.30182278672628348737	     -0.00000000000000014000	      0.00000000000000001576
      3.37400000000000011013	     -0.25120806068549839107	     -0.01583981119041488403	     -0.02751397646382690299	      0.97401738925642367128	      1.06063075966545072859	     -0.33243168396966354949	      0.67099572999915224614	      0.06650294853558812169	     -0.00259371629558801308	      0.28757321551140718752	      0.28757321551140829774	      0.02858120462180848212	     -0.00000000000000031510	      0.00000000000000011208	     -0.00158645369800759187	      0.04761510602297781142	     -0.01179130754838093528	      0.74351636709686930171	      0.74351636709686841353	     -0.35386834534344513425	      0.00000000000000071404	     -0.00000000000000046197	      0.08932016572008628918	      0.05538956093797926805	     -0.09361463964109907610	     -0.87590819829236532534	     -0.30913600282998004998	     -0.24257695531325210170	      1.82177139706383206530	      1.37617960394963456672	      0.00000000000000010808	      0.00000000000000012104	     -0.51231848984434436023	     -0.23584721767487154542	     -0.09610807087368802848	      2.32801902288663864482	      1.30113488316693381996	     -0.00000000000000014774	      0.00000000000000001644
      3.37800000000000011369	     -0.24643132808143711210	     -0.01594331470190103392	     -0.02829858983962783500	      0.97396100666626916897	      1.05934378545416385542	     -0.33268458912563109164	      0.66414644160379721072	      0.06777404844216751434	     -0.00724017664631125980	      0.28812260294463670762	      0.28812260294463787336	      0.02889025393950118287	     -0.00000000000000032683	      0.00000000000000011523	      0.00542064465872684614	      0.04703554708604711088	     -0.00806385945031601152	      0.78046616807150648309	      0.78046616807150548389	     -0.34625635853039021805	      0.00000000000000074548	     -0.00000000000000047910	      0.08406372168237524756	      0.05704755078689737607	     -0.08910902407473288156	     -0.87250668145803533804	     -0.31045943341702375573	     -0.24388774957350081718	      1.82408788440404201481	      1.37554549855282992610	      0.00000000000000011509	      0.00000000000000012411	     -0.51341943927811362069	     -0.23589144232296441195	     -0.09190833517884627879	      2.32002200605259201183	      1.30051786767625809915	     -0.00000000000000015525	      0.00000000000000001716
      3.38200000000000011724	     -0.24147119791615728746	     -0.01579275845789396629	     -0.02867283971211407462	      0.97388525097084666093	      1.05792453741767134012	     -0.33294385678395083117	      0.65677437880806066595	      0.06854011819151971385	     -0.01177295422131065077	      0.28940313327940542232	      0.28940313327940658805	      0.02727149159554063257	     -0.00000000000000033839	      0.00000000000000011764	      0.01294473308091323611	      0.04657905854301944842	     -0.00477549947403836227	      0.81793105514722930227	      0.81793105514722819205	     -0.33967826702274467321	      0.00000000000000077667	     -0.00000000000000049685	      0.07861167593228707284	      0.05823959866586633088	     -0.08485008753285086525	     -0.86858502186598274264	     -0.31172465983104524767	     -0.24487862405667529253	      1.82618842515349610878	      1.37493909430685223860	      0.00000000000000012187	      0.00000000000000012713	     -0.51458681694203667334	     -0.23609524214443300405	     -0.08789725411569648816	      2.31159260187334902881	      1.29996735232837501428	     -0.00000000000000016306	      0.00000000000000001835
      3.38600000000000012079	     -0.23646042745051751299	     -0.01532627397833489884	     -0.02866403846223762250	      0.97378900224732511948	      1.05636207784436275681	     -0.33319706558532552476	      0.64904537002278683833	      0.06877771857298664582	     -0.01611759360545176809	      0.29140518124980219206	      0.29140518124980330228	      0.02352104042433586159	     -0.00000000000000034983	      0.00000000000000011973	      0.02107654278373102125	      0.04623612938536966754	     -0.00198084817031257254	      0.85579227217849984655	      0.85579227217849862530	     -0.33387460762486692589	      0.00000000000000080813	     -0.00000000000000051540	      0.07312679032095886766	      0.05886580675015148922	     -0.08083220422194627164	     -0.86413793085387546888	     -0.31296198928664825667	     -0.24545468095169228895	      1.82797391760583050058	      1.37438026304619231865	      0.00000000000000012860	      0.00000000000000013016	     -0.51590588969938933062	     -0.23646879795251621315	     -0.08412062808883161158	      2.30277015807845453210	      1.29948617085260909043	     -0.00000000000000017115	      0.00000000000000001943
      3.39000000000000012434	     -0.23154967508354801220	     -0.01454780289867999357	     -0.02831617307958445365	      0.97366980430146388148	      1.05464428366804363613	     -0.33343378235419984801	      0.64120278617413528632	      0.06852219250828286978	     -0.02027217654303645547	      0.29426986358196366433	      0.29426986358196494109	      0.01780365226008776350	     -0.00000000000000036188	      0.00000000000000012200	      0.02991412278564079680	      0.04592477160721751550	      0.00026954989763034869	      0.89394116853955840618	      0.89394116853955729596	     -0.32851253194817847669	      0.00000000000000083984	     -0.00000000000000053397	      0.06778522050143384603	      0.05891763690988720270	     -0.07703150476741385533	     -0.85915940924641032161	     -0.31423514255605605738	     -0.24554668822152547758	      1.82933127233191128447	      1.37388937079947415221	      0.00000000000000013549	      0.00000000000000013314	     -0.51744349703838521393	     -0.23699427084987356729	     -0.08060052173368099926	      2.29355065730362905896	      1.29908259191054265003	     -0.00000000000000017944	      0.00000000000000002021
      3.39400000000000012790	     -0.22689648179383753446	     -0.01353047231378988816	     -0.02769109033808612313	      0.97352327948675820846	      1.05275910848346287985	     -0.33364640079785351512	      0.63355669470559539125	      0.06786698238076414869	     -0.02432045184514356612	      0.29827881488590735071	      0.29827881488590862746	      0.01036077124749582717	     -0.00000000000000037387	      0.00000000000000012526	      0.03955744449261589663	      0.04549351791909378440	      0.00193200147102613566	      0.93228064664178356136	      0.93228064664178234011	     -0.32321837824935267802	      0.00000000000000087151	     -0.00000000000000055195	      0.06276130090035776654	      0.05848446378701377402	     -0.07340296544267221890	     -0.85364130948626582018	     -0.31563338110703997863	     -0.24511930615300539515	      1.83014179303964796830	      1.37348221310033236087	      0.00000000000000014221	      0.00000000000000013624	     -0.51923375363318569065	     -0.23762698756481628881	     -0.07733078382919192362	      2.28388400419252457496	      1.29877014881794017320	     -0.00000000000000018806	      0.00000000000000002110
      3.39800000000000013145	     -0.22264919962015905508	     -0.01240802083564534163	     -0.02686131689625112159	      0.97334269154275276925	      1.05069711880676397442	     -0.33383103479575426675	      0.62645294273789642325	      0.06695600894158956762	     -0.02839780709402642614	      0.30382247221552177718	      0.30382247221552310945	      0.00162304154225745702	     -0.00000000000000038508	      0.00000000000000012908	      0.05009579692862822786	      0.04473736276490006269	      0.00297988242849392100	      0.97072553762761515372	      0.97072553762761415452	     -0.31761157014793595099	      0.00000000000000090367	     -0.00000000000000056995	      0.05820703526537483047	      0.05774337128440265587	     -0.06988532622894062796	     -0.84757364389827449802	     -0.31726040550597900403	     -0.24417470751484773861	      1.83029248275279732283	      1.37316606669833651821	      0.00000000000000014935	      0.00000000000000013922	     -0.52127012389872506848	     -0.23830205560995820768	     -0.07427731597521171347	      2.27368041885419103210	      1.29856505040534053741	     -0.00000000000000019702	      0.00000000000000002294
      3.40200000000000013500	     -0.21893232729199030295	     -0.01135927214197762249	     -0.02590433943818048687	      0.97311889039936105839	      1.04845345634494213627	     -0.33398787636100746301	      0.62024195291477823844	      0.06596937453856742406	     -0.03266212560735326509	      0.31135607230073797380	      0.31135607230073936158	     -0.00782193049375442574	     -0.00000000000000039569	      0.00000000000000013336	      0.06159943683250197755	      0.04342111320658875034	      0.00341123671021571892	      1.00920274597353487600	      1.00920274597353376578	     -0.31133744267918628257	      0.00000000000000093579	     -0.00000000000000058826	      0.05423574865613665918	      0.05693960334372340920	     -0.06640512644025908795	     -0.84094422452401595969	     -0.31922136124589101103	     -0.24275213915924545582	      1.82968623787163009453	      1.37293679689671632715	      0.00000000000000015690	      0.00000000000000014236	     -0.52350180451736560983	     -0.23894185983790927619	     -0.07138082887962753087	      2.26282037970057947618	      1.29848379053302331876	     -0.00000000000000020598	      0.00000000000000002453
      3.40600000000000013856	     -0.21583391991745806693	     -0.01058679179858666025	     -0.02489687539399445051	      0.97284063962673861248	      1.04602955291318400199	     -0.33412106290744553183	      0.61524634646667153426	      0.06510444088998301737	     -0.03726139977817859855	      0.32134683017686443973	      0.32134683017686582751	     -0.01726846070682238471	     -0.00000000000000040670	      0.00000000000000013880	      0.07411373262064949174	      0.04130801403359760093	      0.00325496310281397265	      1.04765046890583390926	      1.04765046890583279904	     -0.30409616034222369807	      0.00000000000000096736	     -0.00000000000000060561	      0.05091005962289816417	      0.05635870025412245687	     -0.06288162696626041492	     -0.83373897715305456124	     -0.32160904225518571753	     -0.24092337270863775633	      1.82825019016194834087	      1.37277758488714396456	      0.00000000000000016464	      0.00000000000000014525	     -0.52583534875039561474	     -0.23946476336990410450	     -0.06856222743173727430	      2.25116804621114363627	      1.29854074658939522280	     -0.00000000000000021469	      0.00000000000000002565
      3.41000000000000014211	     -0.21339685642711567204	     -0.01029245277752880924	     -0.02390982543063760457	      0.97249531104560427153	      1.04343437129182770029	     -0.33423805168878656380	      0.61173072778914050485	      0.06455473775611748899	     -0.04230288597814080287	      0.33421790876077067667	      0.33421790876077217547	     -0.02594264569219889571	     -0.00000000000000041857	      0.00000000000000014417	      0.08765629806787217371	      0.03819014746351681588	      0.00257462986280582564	      1.08601624231827642575	      1.08601624231827531553	     -0.29566529110007988557	      0.00000000000000099879	     -0.00000000000000062377	      0.04823557079277913245	      0.05629372739453573221	     -0.05923205922691730796	     -0.82594263438435788771	     -0.32449105595846383654	     -0.23878472768883474142	      1.82594090606948844524	      1.37265951651869455574	      0.00000000000000017349	      0.00000000000000014801	     -0.52814150774190171678	     -0.23979408899887413864	     -0.06573001014784080054	      2.23858623573881532209	      1.29874612602869077271	     -0.00000000000000022366	      0.00000000000000002614
      3.41400000000000014566	     -0.21161516565289387182	     -0.01065273046854251990	     -0.02300415849567941443	      0.97206983275783531706	      1.04068495859737542020	     -0.33434860613415778863	      0.60987609016968413744	      0.06448918299757794292	     -0.04782767232990359219	      0.35029469166615156972	      0.35029469166615301301	     -0.03305975471354936912	     -0.00000000000000043178	      0.00000000000000014641	      0.10221689994706874283	      0.03391710601975240352	      0.00146919952398390338	      1.12425368589575702671	      1.12425368589575591649	     -0.28591454903506613450	      0.00000000000000102942	     -0.00000000000000064303	      0.04616061277880383756	      0.05701127404766188206	     -0.05537679547786340112	     -0.81753935523672149888	     -0.32789960029488951498	     -0.23644657924028419926	      1.82274595892152091459	      1.37254396621995078398	      0.00000000000000018163	      0.00000000000000015050	     -0.53026653962142622500	     -0.23986636244283812691	     -0.06278899695419536131	      2.22495109217181674666	      1.29910449316411025222	     -0.00000000000000023266	      0.00000000000000002782
      3.41800000000000014921	     -0.21043588815996872032	     -0.01179663189259537621	     -0.02222769811355570016	      0.97155172140786039137	      1.03780613465143245477	     -0.33446358360781197616	      0.60976075239946236906	      0.06503400075672179093	     -0.05379427344131511995	      0.36975866107187721488	      0.36975866107187888021	     -0.03788563864588729430	     -0.00000000000000044623	      0.00000000000000014461	      0.11775947787769659725	      0.02841941222153701943	      0.00007008108509810865	      1.16231792552090729131	      1.16231792552090618109	     -0.27481211527730997624	      0.00000000000000106063	     -0.00000000000000066287	      0.04458159649711431610	      0.05872018313761082076	     -0.05124414467472159646	     -0.80851284030476655573	     -0.33182521718687424395	     -0.23402145275438815397	      1.81868206442423607783	      1.37238641889281409725	      0.00000000000000018907	      0.00000000000000015321	     -0.53204658416634043050	     -0.23963767640681751803	     -0.05964958710218146859	      2.21016471204127151751	      1.29961401421287936486	     -0.00000000000000024186	      0.00000000000000002946
      3.42200000000000015277	     -0.20976621059055319818	     -0.01378876282889863678	     -0.02161280018923931318	      0.97093005276692401218	      1.03482924238133766615	     -0.33459371889069922101	      0.61134939299599722062	      0.06625942259075362495	     -0.06007370872528211558	      0.39261350658426530380	      0.39261350658426702465	     -0.03979745550257345055	     -0.00000000000000046029	      0.00000000000000014187	      0.13422562944855262468	      0.02172374415319583071	     -0.00146567615243770304	      1.20015975072210800967	      1.20015975072210667740	     -0.26242262100086216625	      0.00000000000000109274	     -0.00000000000000068189	      0.04335323585496508175	      0.06154656280171830890	     -0.04677448892149701359	     -0.79884565241527483170	     -0.33621540310779485239	     -0.23161192544174141750	      1.81379018857400575726	      1.37214125756452620664	      0.00000000000000019619	      0.00000000000000015587	     -0.53332366198627834120	     -0.23908732032840473991	     -0.05623667354889676229	      2.19416439276014374471	      1.30026648549062673332	     -0.00000000000000025126	      0.00000000000000003181
      3.42600000000000015632	     -0.20948462324088332198	     -0.01661937284244929813	     -0.02117503229101886167	      0.97019629392650930111	      1.03179003989494799676	     -0.33474856097073535377	      0.61449128839714428629	      0.06817262497848926295	     -0.06645641166947441336	      0.41866710075143398484	      0.41866710075143587222	     -0.03833713652748662465	     -0.00000000000000047311	      0.00000000000000013593	      0.15153900593123353913	      0.01395811800626176741	     -0.00296525012280787195	      1.23771879501791648437	      1.23771879501791493006	     -0.24889765800451255084	      0.00000000000000112613	     -0.00000000000000070092	      0.04230249443686746880	      0.06551781036786930024	     -0.04192343492802447918	     -0.78851763989800105481	     -0.34097822978862862842	     -0.22929974788822540810	      1.80812828773118039472	      1.37176693404546035104	      0.00000000000000020364	      0.00000000000000015860	     -0.53396182775833922474	     -0.23821845225731097528	     -0.05249727427294206134	      2.17692770834781113010	      1.30104807623891582935	     -0.00000000000000026069	      0.00000000000000003384
      3.43000000000000015987	     -0.20945433740200924966	     -0.02020269257341049396	     -0.02091304976714906602	      0.96934498534401503100	      1.02872604339562223608	     -0.33493565838046507332	      0.61892846527574663096	      0.07071779635682134968	     -0.07267009971468975371	      0.44753192430151539360	      0.44753192430151728098	     -0.03325048349497561340	     -0.00000000000000048759	      0.00000000000000012466	      0.16961020855496974913	      0.00534595976583195857	     -0.00425190195883910337	      1.27491622168425422501	      1.27491622168425289274	     -0.23446013879152766135	      0.00000000000000115998	     -0.00000000000000072018	      0.04124499610449259418	      0.07055765111910136667	     -0.03666376558635442429	     -0.77750407699063517342	     -0.34599038630842199327	     -0.22713755973782964737	      1.80176250012806127287	      1.37123089401739317594	      0.00000000000000021170	      0.00000000000000016137	     -0.53386184235601652492	     -0.23705606701719625362	     -0.04840594744282102763	      2.15847314932720646397	      1.30194066938793184818	     -0.00000000000000027035	      0.00000000000000003616
      3.43400000000000016342	     -0.20953707463060544658	     -0.02438379732130900243	     -0.02080970651299513668	      0.96837428708622008688	      1.02567386519572512071	     -0.33516001995433158944	      0.62431323038624941812	      0.07378312742384258993	     -0.07840647461162934817	      0.47864403842664354771	      0.47864403842664554611	     -0.02450766930441299410	     -0.00000000000000050024	      0.00000000000000011684	      0.18834190113023913105	     -0.00381059554379105077	     -0.00515764707289649398	      1.31164790071861303566	      1.31164790071861170340	     -0.21938420026086372094	      0.00000000000000119362	     -0.00000000000000074029	      0.04000243546081288376	      0.07649267087495874307	     -0.03098626847518624883	     -0.76577486808609807056	     -0.35110820882268339860	     -0.22514409000600435484	      1.79475777029995731127	      1.37051365865171814740	      0.00000000000000021976	      0.00000000000000016428	     -0.53297257612137383109	     -0.23564293192222610096	     -0.04396730747957580676	      2.13885676120740164663	      1.30292362808439388111	     -0.00000000000000028033	      0.00000000000000003886
      3.43799999999999972289	     -0.20960554578011769689	     -0.02895315368149180280	     -0.02083418889897743417	      0.96728634937313651143	      1.02266715824696641235	     -0.33542383805862691082	      0.63023316114891314577	      0.07721345665959213067	     -0.08335353865009503815	      0.51129846155301628130	      0.51129846155301827970	     -0.01230380539445416303	     -0.00000000000000051300	      0.00000000000000011108	      0.20763381164479052798	     -0.01315636299146564006	     -0.00553535934928178330	      1.34777956305103940871	      1.34777956305103785439	     -0.20397263594071213255	      0.00000000000000122638	     -0.00000000000000075997	      0.03841910164409940986	      0.08306931303791892374	     -0.02489972721651662058	     -0.75329621312964734070	     -0.35617986940865542511	     -0.22330327974807437363	      1.78716908365659699065	      1.36961151358942534451	      0.00000000000000022762	      0.00000000000000016747	     -0.53129731031059035384	     -0.23403445776024545122	     -0.03921528747278196780	      2.11816567517126230769	      1.30397573466943872411	     -0.00000000000000029045	      0.00000000000000004169
      3.44199999999999972644	     -0.20955360533712574789	     -0.03366733480762348213	     -0.02094496451959785427	      0.96608742231952471347	      1.01973553785592718768	     -0.33572643073291941196	      0.63624120239157366807	      0.08082694473686688474	     -0.08722987960453240652	      0.54469773899923679128	      0.54469773899923890070	      0.00296023140233399535	     -0.00000000000000052591	      0.00000000000000010960	      0.22738737232997197069	     -0.02231504774279562467	     -0.00526921165754507068	      1.38314522957529217884	      1.38314522957529040248	     -0.18853368712260842877	      0.00000000000000125858	     -0.00000000000000077944	      0.03637575112997582655	      0.08997937542284928369	     -0.01843024741303070368	     -0.74003548925782869361	     -0.36105717994787572822	     -0.22156740023757884317	      1.77903458829110872053	      1.36853740694105918685	      0.00000000000000023565	      0.00000000000000017070	     -0.52889362914274862248	     -0.23229345228512274235	     -0.03420918476976552575	      2.09650961720146300493	      1.30507706329618100582	     -0.00000000000000030072	      0.00000000000000004455
      3.44599999999999972999	     -0.20930364340027832193	     -0.03827337227589005381	     -0.02109332932567702448	      0.96478767321232317133	      1.01690443896613724739	     -0.33606435029369829959	      0.64188817360063377127	      0.08443363008208704112	     -0.08981664938800315579	      0.57800865552335101150	      0.57800865552335323194	      0.02071432458596241671	     -0.00000000000000053967	      0.00000000000000010876	      0.24751003303731777816	     -0.03092363091945623046	     -0.00428250961776098071	      1.41754953308349063157	      1.41754953308348885521	     -0.17335884241027912922	      0.00000000000000128998	     -0.00000000000000079763	      0.03379970759529819097	      0.09689074165581394726	     -0.01161989095758095801	     -0.72596907018592748972	     -0.36560595807961210335	     -0.21986365600984159041	      1.77037203467705173132	      1.36731992033691374111	      0.00000000000000024366	      0.00000000000000017371	     -0.52586701224220600004	     -0.23048546050205934166	     -0.02902710365312879265	      2.07401196984808988688	      1.30621058245430909928	     -0.00000000000000031094	      0.00000000000000004730
      3.44999999999999973355	     -0.20881092609639226310	     -0.04253376350591542981	     -0.02122728746934431088	      0.96340073863564834600	      1.01419556006628241995	     -0.33643163852671686964	      0.64675487931691122423	      0.08785366312989352500	     -0.09098299974451633243	      0.61042120283730927355	      0.61042120283731149399	      0.04026965845395999444	     -0.00000000000000055439	      0.00000000000000010459	      0.26791936521267861737	     -0.03866499867281043834	     -0.00254219476693248302	      1.45077409674718627031	      1.45077409674718449395	     -0.15870313841285488277	      0.00000000000000132100	     -0.00000000000000081683	      0.03067050396422808106	      0.10347959260490208200	     -0.00452444489839199347	     -0.71109163619660364919	     -0.36971438095505765320	     -0.21810344722461316724	      1.76117976300625733721	      1.36600038331077833220	      0.00000000000000025153	      0.00000000000000017633	     -0.52235931633247412176	     -0.22867502368051959016	     -0.02375771350665496079	      2.05080191129574940234	      1.30736330437774106450	     -0.00000000000000032073	      0.00000000000000004978
      3.45399999999999973710	     -0.20806465672654939070	     -0.04624918430887420967	     -0.02129543572330247839	      0.96194307613573859506	      1.01162747566498523177	     -0.33682023377864878100	      0.65048083039216597623	      0.09093329351295405261	     -0.09070211786692614075	      0.64120396048343764051	      0.64120396048343986095	      0.06087843684850658549	     -0.00000000000000057217	      0.00000000000000008969	      0.28854659794974657494	     -0.04529503949579281874	     -0.00005975223366255379	      1.48258739340477374569	      1.48258739340477219137	     -0.14476961084717041017	      0.00000000000000135172	     -0.00000000000000083689	      0.02702062590354965821	      0.10946041569356659839	      0.00278973804915375392	     -0.69542471105062653169	     -0.37329913967143873998	     -0.21619325162291572195	      1.75144240343470802834	      1.36462853787894000668	      0.00000000000000025902	      0.00000000000000017947	     -0.51853399350371909282	     -0.22692290122655864315	     -0.01849138207606353806	      2.02700850664871756734	      1.30852684895922766195	     -0.00000000000000033017	      0.00000000000000005217
      3.45799999999999974065	     -0.20708575174182797252	     -0.04927604467442246033	     -0.02125049797586148204	      0.96043316008219048463	      1.00921614587910402072	     -0.33722053916083372105	      0.65278640147777877711	      0.09355685333518899693	     -0.08905640927222932546	      0.66975023241312259259	      0.66975023241312481304	      0.08179582363968461445	     -0.00000000000000059235	      0.00000000000000006720	      0.30933875478527911307	     -0.05066096423099583634	      0.00311144771360988151	      1.51275685487042399480	      1.51275685487042177435	     -0.13169974325438979501	      0.00000000000000138173	     -0.00000000000000085724	      0.02293108403999419981	      0.11461024864140265112	      0.01024968275228787910	     -0.67902210790683537045	     -0.37630938400253505227	     -0.21404587243943518082	      1.74114048490534467639	      1.36325745827635835816	      0.00000000000000026654	      0.00000000000000018349	     -0.51456026322134862383	     -0.22528425279594152530	     -0.01331182820664769673	      2.00275718665251201145	      1.30969734051497699312	     -0.00000000000000033965	      0.00000000000000005446
      3.46199999999999974420	     -0.20592186165337952874	     -0.05153676606048009090	     -0.02105219955194219394	      0.95889050593964519908	      1.00697521894189168101	     -0.33762215857708249844	      0.65348603772195790196	      0.09565357928337861471	     -0.08623133188058546006	      0.69561043866388172496	      0.69561043866388405643	      0.10233729962137151637	     -0.00000000000000061651	      0.00000000000000003894	      0.33025882968999359379	     -0.05470883886400543933	      0.00688211504918118284	      1.54106198576488218066	      1.54106198576488018226	     -0.11957092795169142752	      0.00000000000000141152	     -0.00000000000000087759	      0.01852209565834985958	      0.11878453366505893618	      0.01778029891463543677	     -0.66197078491263405819	     -0.37872854872613909150	     -0.21159078812241749468	      1.73026291463520842662	      1.36193841614283162045	      0.00000000000000027419	      0.00000000000000018804	     -0.51059847624992127368	     -0.22380771521063197449	     -0.00828925976664226724	      1.97816898052238476780	      1.31087462569137014334	     -0.00000000000000034898	      0.00000000000000005700
      3.46599999999999974776	     -0.20464079141142599294	     -0.05302210448467084558	     -0.02066933246362637200	      0.95733454517089544566	      1.00491610032400346952	     -0.33801476519450068814	      0.65249183068949034858	      0.09719933152843272806	     -0.08249870496753931859	      0.71850809957965133812	      0.71850809957965366959	      0.12192638671619782098	     -0.00000000000000064090	      0.00000000000000001475	      0.35128429371223779398	     -0.05748044130637897098	      0.01113523625572454892	      1.56730728114104134185	      1.56730728114103912141	     -0.10840053112222504395	      0.00000000000000144122	     -0.00000000000000089795	      0.01394040739191812310	      0.12192364632241273203	      0.02530918256839476133	     -0.64438711871812304199	     -0.38057413013776353328	     -0.20878248501506471713	      1.71882114300762967041	      1.36071621754977023500	      0.00000000000000028122	      0.00000000000000019212	     -0.50678877345351547312	     -0.22253507197526697925	     -0.00347556043349065390	      1.95336286353738319832	      1.31206097997086579277	     -0.00000000000000035820	      0.00000000000000005990
      3.46999999999999975131	     -0.20332331821498267344	     -0.05378572362762899101	     -0.02008098639237214031	      0.95578348379076771835	      1.00304784191383089542	     -0.33838901853166919453	      0.64980780115026492982	      0.09821366345645099472	     -0.07819113817079439976	      0.73833785941774476846	      0.73833785941774709993	      0.14012891412941588798	     -0.00000000000000066533	     -0.00000000000000001708	      0.37240463805615203752	     -0.05910061144725045623	      0.01573536044269439535	      1.59133373045585724270	      1.59133373045585502226	     -0.09815539361688337128	      0.00000000000000147183	     -0.00000000000000091912	      0.00934539976678171354	      0.12405008556054306079	      0.03277132557952532749	     -0.62640964152229705597	     -0.38189525654217887363	     -0.20560579042527693527	      1.70686368211699557307	      1.35962544977780641631	      0.00000000000000028742	      0.00000000000000019600	     -0.50324479079227035783	     -0.22150117675669897532	      0.00109814324160510614	      1.92846144196378777025	      1.31325953679216445025	     -0.00000000000000036738	      0.00000000000000006329
      3.47399999999999975486	     -0.20205602870077493671	     -0.05393201455332965327	     -0.01927710937902548174	      0.95425331417748016083	      1.00137696462285852306	     -0.33873741133274604120	      0.64551640404915988647	      0.09875273870207051941	     -0.07367026354216013595	      0.75514669741354334409	      0.75514669741354578658	      0.15667146834286505008	     -0.00000000000000068918	     -0.00000000000000005249	      0.39361853612474906328	     -0.05975696039622886008	      0.02053820733297851905	      1.61302775258024522209	      1.61302775258024277960	     -0.08876493710318755781	      0.00000000000000150264	     -0.00000000000000094038	      0.00489586122999139013	      0.12525713938802274239	      0.04011330548506696764	     -0.60818962324738912173	     -0.38276795207222535922	     -0.20207761896134146529	      1.69448924258695998724	      1.35868799174252541384	      0.00000000000000029376	      0.00000000000000020075	     -0.50005299777584222287	     -0.22073399053345921228	      0.00542134959174390106	      1.90359928120792676332	      1.31447266579160415567	     -0.00000000000000037694	      0.00000000000000006712
      3.47799999999999975842	     -0.20092473848794592528	     -0.05359890506045379005	     -0.01825871177443441976	      0.95275710379248490511	      0.99990735191642943214	     -0.33905490360993484344	      0.63975963422372283951	      0.09889877662486198928	     -0.06929232912778397757	      0.76910197610340125252	      0.76910197610340369501	      0.17144305580001309441	     -0.00000000000000071128	     -0.00000000000000008235	      0.41493092188307983958	     -0.05967447597085049488	      0.02540004227721140775	      1.63232649994465561782	      1.63232649994465339738	     -0.08013553770095449558	      0.00000000000000153346	     -0.00000000000000096138	      0.00073883765367413923	      0.12569063992931023277	      0.04729653178610358083	     -0.58988104117645390190	     -0.38328826981614416702	     -0.19824498903944728911	      1.68185638817531502021	      1.35791204620502892197	      0.00000000000000030043	      0.00000000000000020640	     -0.49727699566840816159	     -0.22025479865596900297	      0.00950143952776518093	      1.87893228315774973858	      1.31570052835335804531	     -0.00000000000000038653	      0.00000000000000007093
      3.48199999999999976197	     -0.20000904662737281625	     -0.05293781850946098488	     -0.01703789191919875476	      0.95130463933448439207	      0.99864032719450357423	     -0.33933922243483255476	      0.63271705800515931628	      0.09874702720292662106	     -0.06537477780081761558	      0.78045069276767131683	      0.78045069276767375932	      0.18448004790014879695	     -0.00000000000000072951	     -0.00000000000000010424	      0.43635004934980742286	     -0.05908779686152181021	      0.03018626902736057729	      1.64921870655704938535	      1.64921870655704694286	     -0.07216433560604186559	      0.00000000000000156407	     -0.00000000000000098208	     -0.00299854255014160836	      0.12552595104682984228	      0.05429913408342929709	     -0.57163158642918288077	     -0.38356363944826693535	     -0.19417958265830753684	      1.66918799524854577498	      1.35729280036107402552	      0.00000000000000030770	      0.00000000000000021298	     -0.49496535698950372417	     -0.22007872253051227740	      0.01335860133519600756	      1.85464649973489303925	      1.31694001174231112294	     -0.00000000000000039594	      0.00000000000000007316
      3.48599999999999976552	     -0.19937838505372573739	     -0.05209347673631738868	     -0.01563759188140589201	      0.94990247022375373653	      0.99757496701266878958	     -0.33959078317774604727	      0.62458298424828295747	      0.09839197498107839224	     -0.06216740745215694475	      0.78947485874346268186	      0.78947485874346545742	      0.19593701727311246819	     -0.00000000000000075284	     -0.00000000000000014595	      0.45788439933920443980	     -0.05821441974116509793	      0.03477828357838231438	      1.66374067982221829354	      1.66374067982221562900	     -0.06475174009602009673	      0.00000000000000159475	     -0.00000000000000100276	     -0.00621389130010927340	      0.12494323055823067237	      0.06111614427493700791	     -0.55357622997059685588	     -0.38370294563112405939	     -0.18996974598306687332	      1.65676963272074928568	      1.35681454715339966377	      0.00000000000000031574	      0.00000000000000021925	     -0.49316102867872463333	     -0.22021550803645356664	      0.01701923213041779334	      1.83096497312434247640	      1.31818416737971810804	     -0.00000000000000040481	      0.00000000000000007451
      3.48999999999999976907	     -0.19908966658213900214	     -0.05118626299661468981	     -0.01409085538031878797	      0.94855438718968743128	      0.99670862851034058849	     -0.33981225930199038254	      0.61554488393837802906	      0.09791480411152078678	     -0.05983143665812558354	      0.79644794852119438211	      0.79644794852119715767	      0.20604739935840055143	     -0.00000000000000078964	     -0.00000000000000022550	      0.47953927708960453202	     -0.05723212522675358294	      0.03907761498326776939	      1.67596741318366659890	      1.67596741318366371232	     -0.05781231026931391015	      0.00000000000000162553	     -0.00000000000000102312	     -0.00883096908459865548	      0.12410428931322704804	      0.06775783976050628321	     -0.53583413242401256582	     -0.38380623779706629639	     -0.18571114087600312792	      1.64494153651983165965	      1.35645393825388693720	      0.00000000000000032629	      0.00000000000000022455	     -0.49191053581219090773	     -0.22067036498066255890	      0.02050881890359129017	      1.80815132343266382620	      1.31942223480203280062	     -0.00000000000000041274	      0.00000000000000007410
      3.49399999999999977263	     -0.19918633325253626287	     -0.05029923141501399519	     -0.01243944960056113207	      0.94726230451049031611	      0.99603760408255381797	     -0.34000788965727141155	      0.60576502669689147318	      0.09737388944145672354	     -0.05842849128611820458	      0.80159704650887730892	      0.80159704650888008448	      0.21507895297384585498	     -0.00000000000000082728	     -0.00000000000000031071	      0.50131324190065074120	     -0.05626309198947842399	      0.04300722435602848115	      1.68599984863408680624	      1.68599984863408414171	     -0.05128317657549426312	      0.00000000000000165616	     -0.00000000000000104310	     -0.01079807706687891528	      0.12313387075625285838	      0.07424655238440314164	     -0.51850840971073663965	     -0.38395537887859904069	     -0.18149731178002362353	      1.63408446304620436074	      1.35618389331516531193	      0.00000000000000033941	      0.00000000000000022928	     -0.49127169803474901588	     -0.22144456276865170929	      0.02384521310624893031	      1.78650892175913855731	      1.32064023791447904266	     -0.00000000000000042019	      0.00000000000000007175
      3.49799999999999977618	     -0.19969847455662889657	     -0.04947121734406135368	     -0.01073183979075329961	      0.94602740044032251898	      0.99555777977036818971	     -0.34018265755274895712	      0.59536716800070899058	      0.09679968355521956225	     -0.05792025867137302192	      0.80507512674625181237	      0.80507512674625458793	      0.22328935623012319267	     -0.00000000000000086160	     -0.00000000000000038368	      0.52319476875603121435	     -0.05536636968697034727	      0.04651061190855624444	      1.69395031917155858281	      1.69395031917155591827	     -0.04512870302665378253	      0.00000000000000168676	     -0.00000000000000106252	     -0.01208429069142125112	      0.12210763060909551880	      0.08061256800685082102	     -0.50168745855104357467	     -0.38420704846227016205	     -0.17741141170624363799	      1.62460023359770477924	      1.35597756499354837878	      0.00000000000000035370	      0.00000000000000023397	     -0.49131877537035012482	     -0.22253555476285127868	      0.02703312378393368104	      1.76637463410597339575	      1.32182204657231316958	     -0.00000000000000042704	      0.00000000000000007130
      3.50199999999999977973	     -0.20064367194746346446	     -0.04869663634159692583	     -0.00902054257549339197	      0.94485129650207710927	      0.99526518921446727184	     -0.34034148300018179922	      0.58442944364258408996	      0.09619462012899508696	     -0.05817861902494489423	      0.80694666343283449894	      0.80694666343283738552	      0.23088716713357751442	     -0.00000000000000089938	     -0.00000000000000046311	      0.54515939795800660850	     -0.05453937433204841118	      0.04954943504564396362	      1.69992812919064073540	      1.69992812919063807087	     -0.03934057832488607742	      0.00000000000000171710	     -0.00000000000000108236	     -0.01267462419135681993	      0.12104810854079153803	      0.08688970092247916277	     -0.48544666008435904958	     -0.38458906163093325992	     -0.17352002842844149733	      1.61688820473021910296	      1.35581182306048675379	      0.00000000000000037020	      0.00000000000000023836	     -0.49214425749674989286	     -0.22393655857236030582	      0.03006045457015026068	      1.74810668338371688613	      1.32295077220617751657	     -0.00000000000000043350	      0.00000000000000006968
      3.50599999999999978328	     -0.20202812535114458847	     -0.04793121106393296443	     -0.00735891917992185195	      0.94373702462229203114	      0.99515640416352313391	     -0.34048854951277185421	      0.57298353606134910798	      0.09553738433899522375	     -0.05900468304845841311	      0.80718767216639142337	      0.80718767216639430995	      0.23800199399083921126	     -0.00000000000000093246	     -0.00000000000000054161	      0.56716737033817998803	     -0.05372726639496661072	      0.05210039892405619183	      1.70402680326822641987	      1.70402680326822353329	     -0.03393350028233878268	      0.00000000000000174682	     -0.00000000000000110240	     -0.01256545266157029460	      0.11992830342637353369	      0.09311100085639324730	     -0.46984968199723314841	     -0.38510017905361565438	     -0.16986948503343032857	      1.61131956167006507030	      1.35566991458081265165	      0.00000000000000038453	      0.00000000000000024471	     -0.49385688144031864022	     -0.22563575537821384254	      0.03289676644799802152	      1.73206711498480236955	      1.32401030354003057532	     -0.00000000000000043978	      0.00000000000000007028
      3.50999999999999978684	     -0.20384758905870872803	     -0.04710222532632658832	     -0.00579750422838818703	      0.94268956587779306755	      0.99522873526316857351	     -0.34062684873406878783	      0.56101958881533109391	      0.09479019470631082356	     -0.06015444700655524918	      0.80569983823192725669	      0.80569983823193025430	      0.24466733127218068256	     -0.00000000000000095682	     -0.00000000000000062549	      0.58916172146507039820	     -0.05283815903052507118	      0.05415205891046954295	      1.70631430651267446130	      1.70631430651267179677	     -0.02893714710449889205	      0.00000000000000177588	     -0.00000000000000112235	     -0.01176140351140858402	      0.11868152605963971924	      0.09930489508331799553	     -0.45494904603612973393	     -0.38571304210600781959	     -0.16648470909458040756	      1.60821165278409683452	      1.35554307249451144735	      0.00000000000000040011	      0.00000000000000025073	     -0.49657569786249605714	     -0.22761545888351372713	      0.03549392980438191569	      1.71860000073482210858	      1.32498677157346378408	     -0.00000000000000044635	      0.00000000000000006853
      3.51399999999999979039	     -0.20608788783041070980	     -0.04612168424474217404	     -0.00438006017773588663	      0.94171587455231375863	      0.99548023566434318266	     -0.34075796466701496756	      0.54849575898113911432	      0.09390770192384056969	     -0.06136813340439541131	      0.80233617949814717285	      0.80233617949815005943	      0.25081712135345568537	     -0.00000000000000098421	     -0.00000000000000071743	      0.61106715100648301142	     -0.05176173230716273749	      0.05570186691386509042	      1.70682738333089267790	      1.70682738333089001337	     -0.02438563684733613748	      0.00000000000000180418	     -0.00000000000000114315	     -0.01027417814467665620	      0.11721568089255797462	      0.10549194941879756759	     -0.44078612800032335173	     -0.38637949152215433912	     -0.16337051931033105823	      1.60780478380927394078	      1.35543099131303002025	      0.00000000000000041726	      0.00000000000000025581	     -0.50042064627748050754	     -0.22985165636715595983	      0.03778886102700169947	      1.70800742906156566292	      1.32586977694402241568	     -0.00000000000000045359	      0.00000000000000006590
      3.51799999999999979394	     -0.20872502360587513737	     -0.04490058465177856895	     -0.00313963146563830953	      0.94082443283801431289	      0.99590952609095262371	     -0.34088207499867723138	      0.53535080266017476269	      0.09284620497284358509	     -0.06239969738679381622	      0.79693377815020483013	      0.79693377815020782773	      0.25629527948573543883	     -0.00000000000000101218	     -0.00000000000000081787	      0.63279030354028009686	     -0.05038853107716077112	      0.05675357820434712153	      1.70557097501230381376	      1.70557097501230137127	     -0.02030617184341345846	      0.00000000000000183228	     -0.00000000000000116442	     -0.00812304814755759712	      0.11542973022541819228	      0.11168236138833989579	     -0.42739103903270297957	     -0.38703730296700156188	     -0.16051494529004642353	      1.61024407690512916247	      1.35534122746060026188	      0.00000000000000043317	      0.00000000000000026164	     -0.50550079506022682629	     -0.23231429602115924449	      0.03970809114372211845	      1.70052613422043807923	      1.32665324935143580376	     -0.00000000000000046018	      0.00000000000000006570
      3.52199999999999979750	     -0.21172486571038381942	     -0.04336265308526978529	     -0.00209491655753408839	      0.94002445009300195089	      0.99651551463932852570	     -0.34099813404756407209	      0.52151790382457263728	      0.09157203871802456485	     -0.06304329800567888553	      0.78934879178726613524	      0.78934879178726913285	      0.26087577494317332194	     -0.00000000000000103942	     -0.00000000000000093758	      0.65422172534657041520	     -0.04862753601509087892	      0.05731522027001067360	      1.70252291696593771597	      1.70252291696593482939	     -0.01670863605193132623	      0.00000000000000186065	     -0.00000000000000118558	     -0.00533669274040778074	      0.11323022695050544151	      0.11787424306650362560	     -0.41478264750799359595	     -0.38761747505128707481	     -0.15789405752461366239	      1.61556845111635349888	      1.35528767759793278280	      0.00000000000000044980	      0.00000000000000026907	     -0.51190158741833746703	     -0.23496851042759347994	      0.04117375391143802965	      1.69630733769502417552	      1.32733583068413829587	     -0.00000000000000046544	      0.00000000000000006589
      3.52599999999999980105	     -0.21504229871872254654	     -0.04145624892931443206	     -0.00124739402026889440	      0.93932486344485610630	      0.99729714242210820707	     -0.34110419069124658931	      0.50693763622453191786	      0.09006832857566131334	     -0.06315416312905197671	      0.77948887019692592038	      0.77948887019692914002	      0.26428887993218208585	     -0.00000000000000106686	     -0.00000000000000104378	      0.67523894151404972863	     -0.04642030675850450372	      0.05739817484004018644	      1.69764270512565396132	      1.69764270512565107474	     -0.01357777774275866801	      0.00000000000000188879	     -0.00000000000000120641	     -0.00195621980386848646	      0.11054622221940582638	      0.12405273652124085282	     -0.40296852408487993102	     -0.38805146312867994096	     -0.15547754064951310737	      1.62370760684499337856	      1.35528841212507122904	      0.00000000000000046761	      0.00000000000000027720	     -0.51967254124137518545	     -0.23777657318079861715	      0.04211036938182925737	      1.69540157400687951927	      1.32792072245290104782	     -0.00000000000000047052	      0.00000000000000006085
      3.52999999999999980460	     -0.21861981572099473126	     -0.03916326303763751487	     -0.00057965875230259081	      0.93873329420125795064	      0.99825326591978102986	     -0.34119779641892838962	      0.49156806157444582484	      0.08833949764474159638	     -0.06266182559646533978	      0.76733852602543939359	      0.76733852602544261323	      0.26624903961107987405	     -0.00000000000000108882	     -0.00000000000000114220	      0.69570986194963224669	     -0.04375039238826094329	      0.05701789053544138730	      1.69088254562374196155	      1.69088254562373929701	     -0.01086933811211101414	      0.00000000000000191634	     -0.00000000000000122844	      0.00196084687736881045	      0.10734107311583122868	      0.13018999280187962264	     -0.39194451849031597401	     -0.38827782395789606218	     -0.15323412978441419696	      1.63448718126383440996	      1.35536322009584164761	      0.00000000000000048440	      0.00000000000000028879	     -0.52881682799696583253	     -0.24070021885078743407	      0.04245168924777684150	      1.69774982452187628290	      1.32841497364711402795	     -0.00000000000000047502	      0.00000000000000005562
      3.53399999999999980815	     -0.22238615217456747519	     -0.03650385389412029447	     -0.00005532072109442618	      0.93825509498857961876	      0.99938267164214134031	     -0.34127645455530281060	      0.47539110725098504551	      0.08641285317704121283	     -0.06157484117825807318	      0.75297472224503259053	      0.75297472224503581018	      0.26648100954885356462	     -0.00000000000000111717	     -0.00000000000000125791	      0.71549629181035756531	     -0.04064705064274137802	      0.05619577199775344784	      1.68219896192863038742	      1.68219896192862750084	     -0.00851064459088801684	      0.00000000000000194347	     -0.00000000000000125162	      0.00633654121377407939	      0.10361967666032610713	      0.13624602909243202498	     -0.38169421170060446880	     -0.38824763579575649608	     -0.15113610901169277634	      1.64764162818706405567	      1.35553124857635287626	      0.00000000000000050195	      0.00000000000000030008	     -0.53928412441185669124	     -0.24370307657993739436	      0.04214679221219677641	      1.70318210870461883566	      1.32882831053184990999	     -0.00000000000000047876	      0.00000000000000004686
      3.53799999999999981171	     -0.22625602770707450850	     -0.03353595997963247644	      0.00037929957553676672	      0.93789261525623313087	      1.00068411748748697931	     -0.34133805133261257980	      0.45841538352430194481	      0.08433658696063442428	     -0.05997711414762073312	      0.73657142491126104122	      0.73657142491126437189	      0.26474237127209665488	     -0.00000000000000114876	     -0.00000000000000141147	      0.73445783994863300670	     -0.03718268644222036401	      0.05496090888882296244	      1.67156330329018532055	      1.67156330329018243397	     -0.00640538985142544148	      0.00000000000000197002	     -0.00000000000000127470	      0.01106995872601579563	      0.09942972384782881867	      0.14217047754619738242	     -0.37218887543543999197	     -0.38792802949428234482	     -0.14916216956560635065	      1.66283382530326728777	      1.35580911439036211341	      0.00000000000000052530	      0.00000000000000031193	     -0.55096817325384073172	     -0.24675304058560953990	      0.04116457765371167588	      1.71142447549948650831	      1.32917173234041086083	     -0.00000000000000048198	      0.00000000000000003200
      3.54199999999999981526	     -0.23013177516036789627	     -0.03034932466585263389	      0.00079162527720462764	      0.93764478172637277797	      1.00215629240940828915	     -0.34138121465594062354	      0.44067585536471182150	      0.08217423564808194747	     -0.05801654005448253493	      0.71839289233519321165	      0.71839289233519643130	      0.26084093229000809844	     -0.00000000000000118829	     -0.00000000000000157352	      0.75245642957038882948	     -0.03346425457296607620	      0.05335057635164396073	      1.65896981038803525976	      1.65896981038803237318	     -0.00444196094705791820	      0.00000000000000199635	     -0.00000000000000129716	      0.01603752086843503524	      0.09485653026882313876	      0.14790519599453785804	     -0.36338832480104510392	     -0.38730350086581477598	     -0.14729820463889611859	      1.67967991766313118340	      1.35620977489440130981	      0.00000000000000055364	      0.00000000000000032757	     -0.56370996912189885730	     -0.24982429167909647738	      0.03949606171299825663	      1.72211446606168583351	      1.32945608224060274338	     -0.00000000000000048433	      0.00000000000000001153
      3.54599999999999981881	     -0.23390694440489401273	     -0.02705517497314242903	      0.00125774595684140147	      0.93750703438729832140	      1.00379764825404005357	     -0.34140556539694927318	      0.42223080031095960862	      0.07999669565449650521	     -0.05588757542293017189	      0.69877663216609831043	      0.69877663216610153007	      0.25464542604802509196	     -0.00000000000000122958	     -0.00000000000000173073	      0.76936121052944239640	     -0.02962035523188064762	      0.05140922837768451686	      1.64444045101303748524	      1.64444045101303482070	     -0.00250422166397656215	      0.00000000000000202271	     -0.00000000000000132053	      0.02109633391519781520	      0.09001269143283711915	      0.15338752936006416761	     -0.35524255393755083121	     -0.38637520308084838394	     -0.14553607750027866552	      1.69777700498107475546	      1.35674224674974186478	      0.00000000000000058279	      0.00000000000000034383	     -0.57730633293653277338	     -0.25289858615973564993	      0.03715434555168618119	      1.73482357384878249640	      1.32969075112104118119	     -0.00000000000000048616	     -0.00000000000000000882
      3.54999999999999982236	     -0.23747159168546938535	     -0.02377335360528199174	      0.00185627719972912054	      0.93747163412205092303	      1.00560610349456291956	     -0.34141182657713092796	      0.40315659055907115960	      0.07787339176773638849	     -0.05380974353034519153	      0.67810774868717726971	      0.67810774868718060038	      0.24608832216510856394	     -0.00000000000000126713	     -0.00000000000000188584	      0.78505352017931617770	     -0.02578635750598242890	      0.04918607691315846769	      1.62802605164488833900	      1.62802605164488567446	     -0.00048340368560705093	      0.00000000000000204785	     -0.00000000000000134536	      0.02609054767599250715	      0.08502458372195054181	      0.15855397073431759525	     -0.34769386603626195598	     -0.38515870326131063095	     -0.14387066104648246756	      1.71673097697254051219	      1.35741214827749989702	      0.00000000000000061421	      0.00000000000000035973	     -0.59152308925365715275	     -0.25596538100230215029	      0.03417240409461485412	      1.74908447496031760338	      1.32988264254705113032	     -0.00000000000000048748	     -0.00000000000000003302
      3.55399999999999982592	     -0.24071880519409627475	     -0.02061876531702261373	      0.00266172062603375155	      0.93752833737588536778	      1.00757863943999903533	     -0.34140176680694717115	      0.38354126627017443019	      0.07586407913839623984	     -0.05200444834715561154	      0.65678770568282196507	      0.65678770568282562881	      0.23516111307792311735	     -0.00000000000000130625	     -0.00000000000000206125	      0.79943151939652024041	     -0.02208971329800935371	      0.04673136837702684954	      1.60980346675006869006	      1.60980346675006602553	      0.00171033072888619156	      0.00000000000000207282	     -0.00000000000000137101	      0.03086041020989073111	      0.08001777792337035067	      0.16334398809776262684	     -0.34067943054671562253	     -0.38368072861932067674	     -0.14229569943967107504	      1.73618209435250037131	      1.35822291250381521621	      0.00000000000000064728	      0.00000000000000037471	     -0.60611179130450421049	     -0.25902051982515000850	      0.03059909243931419748	      1.76442050143057871381	      1.33003549995621650481	     -0.00000000000000048874	     -0.00000000000000005819
      3.55799999999999982947	     -0.24355192218786414493	     -0.01768899048016253639	      0.00373800443962790793	      0.93766540102464257522	      1.00971082321563732087	     -0.34137797856098944793	      0.36347817818071526119	      0.07401253361159344790	     -0.05067283582765185618	      0.63520162305901306521	      0.63520162305901661792	      0.22190397759284202772	     -0.00000000000000134842	     -0.00000000000000223775	      0.81241408998627284710	     -0.01863741676121167395	      0.04409149698880598239	      1.58986875515087966448	      1.58986875515087677790	      0.00413814757757900720	      0.00000000000000209696	     -0.00000000000000139811	      0.03525346457478389928	      0.07510340812414396938	      0.16770375657034264361	     -0.33413443062243419757	     -0.38197541789380690114	     -0.14079926675444640050	      1.75582617710208666040	      1.35917738707737867365	      0.00000000000000067897	      0.00000000000000038965	     -0.62082859099387421864	     -0.26206344600899350583	      0.02649397820819713797	      1.78037459442413203980	      1.33014967167209263721	     -0.00000000000000048991	     -0.00000000000000008125
      3.56199999999999983302	     -0.24589190931617130320	     -0.01505457592704722430	      0.00513279653182498012	      0.93787080445838100218	      1.01199630244577254423	     -0.34134351639874999096	      0.34306087911337018737	      0.07234287800199655505	     -0.04997712938861006982	      0.61368828660894136906	      0.61368828660894503280	      0.20639227081201333425	     -0.00000000000000140331	     -0.00000000000000241307	      0.82394380060659400122	     -0.01550706102032028272	      0.04130327154805812223	      1.56832707317015485060	      1.56832707317015218607	      0.00682597497871813372	      0.00000000000000212002	     -0.00000000000000142556	      0.03913699759419786428	      0.07036714104008319481	      0.17158959683379243488	     -0.32799573013955624079	     -0.38008057655224097848	     -0.13935963789658356582	      1.77542966059932960654	      1.36027948737331016993	      0.00000000000000070905	      0.00000000000000040457	     -0.63545347635665494490	     -0.26509321090530668652	      0.02192162625714888166	      1.79653520063340299551	      1.33022235779990749549	     -0.00000000000000049099	     -0.00000000000000010288
      3.56599999999999983658	     -0.24768434660766497357	     -0.01275277390882651428	      0.00687302960918302445	      0.93813346907738848213	      1.01442630755545981636	     -0.34130145859680310894	      0.32238025510169415755	      0.07085837529729324680	     -0.05002720469249099383	      0.59251688387994072560	      0.59251688387994427831	      0.18872293320588887089	     -0.00000000000000147013	     -0.00000000000000258580	      0.83398919884826627769	     -0.01274199398403618073	      0.03838796568712450619	      1.54528136887685341172	      1.54528136887685052514	      0.00976207800142793805	      0.00000000000000214253	     -0.00000000000000145275	      0.04241034870863363143	      0.06586161278334345948	      0.17497104094224691373	     -0.32220546090879509382	     -0.37803439897295354477	     -0.13794242734069878109	      1.79483745172582698224	      1.36153558570944288597	      0.00000000000000073823	      0.00000000000000042024	     -0.64980757719588055910	     -0.26810396761876009730	      0.01694594618994898702	      1.81255703181332328278	      1.33024831112365737873	     -0.00000000000000049222	     -0.00000000000000012421
      3.56999999999999984013	     -0.24890540741859545903	     -0.01078508076830526907	      0.00896202472997350251	      0.93844423135417986970	      1.01698920351893984382	     -0.34125447977952894085	      0.30152450860863322379	      0.06954213197461744933	     -0.05087363645102659787	      0.57187375351505220777	      0.57187375351505598253	      0.16900389625962075613	     -0.00000000000000154242	     -0.00000000000000274214	      0.84254675194068051614	     -0.01035055088435835914	      0.03534596662680083295	      1.52082233790488330349	      1.52082233790487997283	      0.01289938268149336265	      0.00000000000000216576	     -0.00000000000000147890	      0.04501548077039474460	      0.06160278156504284119	      0.17783340019683638311	     -0.31671388058103155938	     -0.37587302533655192471	     -0.13649974830790431723	      1.81397298153189212577	      1.36295532980732003736	      0.00000000000000076759	      0.00000000000000043577	     -0.66376610491299337102	     -0.27108088085112724830	      0.01162516868407418788	      1.82817502926156949528	      1.33022092259766333555	     -0.00000000000000049328	     -0.00000000000000014604
      3.57399999999999984368	     -0.24956599968162185288	     -0.00911886813644821083	      0.01137864838767860438	      0.93879641765443755386	      1.01967017308919105645	     -0.34120452047159188780	      0.28058150375237228547	      0.06835960878607215407	     -0.05250733112127437680	      0.55186009474900532545	      0.55186009474900898919	      0.14734784924666008421	     -0.00000000000000159965	     -0.00000000000000287417	      0.84964216361451205817	     -0.00830910137964943618	      0.03215311041616124993	      1.49502116947147500881	      1.49502116947147190018	      0.01616224984217447952	      0.00000000000000218886	     -0.00000000000000150446	      0.04694417020090098369	      0.05757060720951048122	      0.18017943301504646403	     -0.31148139905393401605	     -0.37362912693789712693	     -0.13497172042327146291	      1.83283081713051698713	      1.36455167752856776353	      0.00000000000000079700	      0.00000000000000045115	     -0.67726507962224202775	     -0.27399728284509211607	      0.00600798032835930199	      1.84321055121757693129	      1.33013353942975554034	     -0.00000000000000049404	     -0.00000000000000016722
      3.57799999999999984723	     -0.24971301247635047105	     -0.00769332528994313893	      0.01407897548777877969	      0.93918596607278437283	      1.02245114550971849532	     -0.34115262902637505382	      0.25964206481171303587	      0.06726327221141509272	     -0.05486484175521377099	      0.53249951109931115134	      0.53249951109931503712	      0.12387021747119389414	     -0.00000000000000165624	     -0.00000000000000299503	      0.85533026741614348598	     -0.00656844687774175984	      0.02876000514070945271	      1.46792568782507992786	      1.46792568782507681924	      0.01945650467510775736	      0.00000000000000221363	     -0.00000000000000153057	      0.04824022073468241245	      0.05371443838007042976	      0.18202951032485178984	     -0.30648010129642894173	     -0.37133157116509502016	     -0.13329025550640613562	      1.85146315616448586816	      1.36634003525562119918	      0.00000000000000082629	      0.00000000000000046676	     -0.69030072886249183028	     -0.27681368259901123485	      0.00013133305127629655	      1.85756942908894773225	      1.32998078736265235023	     -0.00000000000000049465	     -0.00000000000000018834
      3.58199999999999985079	     -0.24942698715955549660	     -0.00642922564756505215	      0.01700058549333251581	      0.93961111577705536124	      1.02531104118841120965	     -0.34109902000509512154	      0.23880300017203448526	      0.06619923357748737358	     -0.05783835223485810084	      0.51375364484844476820	      0.51375364484844865398	      0.09869071499922693613	     -0.00000000000000170860	     -0.00000000000000311042	      0.85969293753190256790	     -0.00506263433857091685	      0.02509516935930052386	      1.43956009969587861441	      1.43956009969587528374	      0.02268126259648227741	      0.00000000000000223776	     -0.00000000000000155712	      0.04899589687459345033	      0.04996275705286846308	      0.18341997258064315912	     -0.30169497183742910451	     -0.36900608884523999897	     -0.13138479583564757758	      1.86996189785721589338	      1.36833649502391185848	      0.00000000000000085609	      0.00000000000000048235	     -0.70292148660330611154	     -0.27947893545624274969	     -0.00597979142399941450	      1.87123235950266586514	      1.32975970692908607163	     -0.00000000000000049492	     -0.00000000000000021015
      3.58599999999999985434	     -0.24881642147677676680	     -0.00524081595671901327	      0.02006886932853352290	      0.94007176342672815750	      1.02822630766743539077	     -0.34104333348560161854	      0.21816929436655388419	      0.06511479450423640625	     -0.06128934359822467426	      0.49554391217444415663	      0.49554391217444798690	      0.07193787295580976460	     -0.00000000000000175336	     -0.00000000000000322315	      0.86283511451063132913	     -0.00371842148419939886	      0.02107173188347876563	      1.40992820408110453023	      1.40992820408110119956	      0.02574094836433609909	      0.00000000000000225982	     -0.00000000000000158368	      0.04934320293958498194	      0.04623557158407611695	      0.18440006270266590116	     -0.29712464877512295702	     -0.36667672505176629461	     -0.12918934842742219038	      1.88843842499767800014	      1.37055539334567000331	      0.00000000000000088585	      0.00000000000000049806	     -0.71521421861487177729	     -0.28193341644762032194	     -0.01231084699240511671	      1.88423945929123415333	      1.32947059307040049703	     -0.00000000000000049511	     -0.00000000000000023190
      3.58999999999999985789	     -0.24800932867770456025	     -0.00404770822664935869	      0.02320444994030702521	      0.94056861577910755301	      1.03117168406488390886	     -0.34098505092057307397	      0.19785515733536424010	      0.06396546222038322627	     -0.06506481410135619980	      0.47777703443481667200	      0.47777703443482061330	      0.04375582847526164609	     -0.00000000000000179300	     -0.00000000000000333967	      0.86487931575564336306	     -0.00246347627937408770	      0.01659693909285816713	      1.37901967072006881310	      1.37901967072006526038	      0.02855583198083806729	      0.00000000000000228209	     -0.00000000000000160966	      0.04944126483686364648	      0.04245726951942400268	      0.18502807746458693750	     -0.29278137355781003182	     -0.36436776672171061753	     -0.12664997349255724401	      1.90700334330518783688	      1.37300652358604757808	      0.00000000000000091546	      0.00000000000000051356	     -0.72728703912077796723	     -0.28411374039937731251	     -0.01885479851189898401	      1.89667136031022987019	      1.32911746741268133043	     -0.00000000000000049511	     -0.00000000000000025337
      3.59399999999999986144	     -0.24714271979920657274	     -0.00278523348498797493	      0.02633094284401216525	      0.94110226072057212576	      1.03412114204293859032	     -0.34092401273337047396	      0.17798338689841994298	      0.06272053190250059806	     -0.06901419548025468365	      0.46037115535787653808	      0.46037115535788042386	      0.01431180954831806976	     -0.00000000000000183689	     -0.00000000000000346286	      0.86595899176562363131	     -0.00123225888170578452	      0.01158367984080649511	      1.34681869168452639229	      1.34681869168452261754	      0.03106952412210212469	      0.00000000000000230423	     -0.00000000000000163550	      0.04946104781075979367	      0.03856834890610019717	      0.18536713292970893874	     -0.28868991888353645603	     -0.36210581102582090063	     -0.12373178397571638065	      1.92574816278961802318	      1.37569236404692807341	      0.00000000000000094511	      0.00000000000000052836	     -0.73925084146870412294	     -0.28595840432482821925	     -0.02560823419771283277	      1.90862908018236199226	      1.32870814038694562420	     -0.00000000000000049509	     -0.00000000000000027486
      3.59799999999999986500	     -0.24635073409512348031	     -0.00141235568190880212	      0.02938237998628934894	      0.94167227196175573578	      1.03704895474346803219	     -0.34086097450849167645	      0.15868230844017128245	      0.06136687568443101315	     -0.07300443955667151874	      0.44327860647201161592	      0.44327860647201577926	     -0.01619801760858845599	     -0.00000000000000187602	     -0.00000000000000357899	      0.86621107048267564910	      0.00003063494461328107	      0.00596320460872414287	      1.31331403314994132892	      1.31331403314993799825	      0.03325207054901616055	      0.00000000000000232754	     -0.00000000000000166163	      0.04956859182454501078	      0.03453505248057614496	      0.18548070476860159528	     -0.28488541444663012525	     -0.35992161376989284527	     -0.12042445054919941050	      1.94473065171630210557	      1.37860570574394936116	      0.00000000000000097432	      0.00000000000000054314	     -0.75120132758918667371	     -0.28741364560978721610	     -0.03256699399216702456	      1.92021472954122263133	      1.32825384604549823209	     -0.00000000000000049505	     -0.00000000000000029637
      3.60199999999999986855	     -0.24575236728160373967	      0.00008339853115664576	      0.03230963344927575281	      0.94227647458779628664	      1.03993082630151212342	     -0.34079813291312582857	      0.14008001604215825076	      0.05991079718758102884	     -0.07693122084817215212	      0.42650213086445998290	      0.42650213086446403521	     -0.04754624923306929873	     -0.00000000000000191603	     -0.00000000000000369325	      0.86576807844881142895	      0.00136955022910478330	     -0.00030205767799113632	      1.27850924897106632550	      1.27850924897106255074	      0.03509790695813448658	      0.00000000000000235234	     -0.00000000000000168790	      0.04990821492543556781	      0.03035615814139179525	      0.18542815255825012555	     -0.28141022924252051540	     -0.35785138327411802894	     -0.11674538114967156210	      1.96396517142166859848	      1.38172803669000110460	      0.00000000000000100363	      0.00000000000000055819	     -0.76320322406459795150	     -0.28843883774539630371	     -0.03972181526140524527	      1.93151487653787978793	      1.32776847055757452054	     -0.00000000000000049518	     -0.00000000000000031797
      3.60599999999999987210	     -0.24544021194977211353	      0.00168419313454265269	      0.03508515625169131291	      0.94291051392963465272	      1.04274496953361328622	     -0.34073953775217774576	      0.12229656949787377773	      0.05837805572403581555	     -0.08072536222382276083	      0.41010288833905639283	      0.41010288833906066719	     -0.07947636626937690241	     -0.00000000000000195908	     -0.00000000000000380923	      0.86475036151496897929	      0.00281880592938651541	     -0.00720716799519635111	      1.24243139670544944231	      1.24243139670544544551	      0.03661927692008885848	      0.00000000000000237700	     -0.00000000000000171383	      0.05058775887283729206	      0.02606636152316650287	      0.18526062470042026220	     -0.27831042297622254900	     -0.35593724259808690036	     -0.11274001313686246584	      1.98341856815444650408	      1.38502897797283730519	      0.00000000000000103336	      0.00000000000000057320	     -0.77527849883761745797	     -0.28901075675823378885	     -0.04705454134444912728	      1.94258809218230354965	      1.32726747877191053604	     -0.00000000000000049518	     -0.00000000000000033953
      3.60999999999999987566	     -0.24547171359203151519	      0.00334327211031995022	      0.03770541580664761583	      0.94356783756078810299	      1.04547299578322827607	     -0.34069130782033901772	      0.10543520698846595152	      0.05681229194728133758	     -0.08435420702219526001	      0.39419959369275830996	      0.39419959369276258432	     -0.11170951294624394123	     -0.00000000000000200482	     -0.00000000000000393513	      0.86325895878771463643	      0.00440504092596080612	     -0.01469650545007310238	      1.20513662514855646180	      1.20513662514855268704	      0.03783633080899664880	      0.00000000000000240097	     -0.00000000000000173962	      0.05166796372998708892	      0.02173588511886680522	      0.18501781648294618465	     -0.27563232398840920023	     -0.35422665724908120044	     -0.10847890333606942381	      2.00301170272362494273	      1.38846699747825086391	      0.00000000000000106302	      0.00000000000000058835	     -0.78740022064166992344	     -0.28912609680804457479	     -0.05453542181055474197	      1.95345784630836249995	      1.32676667257401947886	     -0.00000000000000049515	     -0.00000000000000036078
      3.61399999999999987921	     -0.24586396357442941163	      0.00498926217989818007	      0.04019059425288808163	      0.94424009494013938504	      1.04810050417164868364	     -0.34066160093611197457	      0.08957378474978411331	      0.05527194539792183031	     -0.08781821158296522489	      0.37895957747837488716	      0.37895957747837921703	     -0.14395522903780544333	     -0.00000000000000205604	     -0.00000000000000406862	      0.86136968207804565090	      0.00615022345347051875	     -0.02265994536080743679	      1.16671181344344621067	      1.16671181344344243591	      0.03876515784076138560	      0.00000000000000242492	     -0.00000000000000176559	      0.05315717960441471157	      0.01746627381846191374	      0.18472603336193790802	     -0.27341937791263065671	     -0.35277079439431507923	     -0.10405181011981436134	      2.02262601609879810738	      1.39199139731742094206	      0.00000000000000109302	      0.00000000000000060341	     -0.79949281873259903097	     -0.28880181052589121160	     -0.06212192549958239079	      1.96411117892491016157	      1.32628092498576188873	     -0.00000000000000049502	     -0.00000000000000038190
      3.61799999999999988276	     -0.24659254621340390146	      0.00653303846000965159	      0.04258132922034665868	      0.94491787266783011656	      1.05061730069374026364	     -0.34066031502944543741	      0.07475780220940422827	      0.05382564722925894940	     -0.09114355427201999149	      0.36458383637422009382	      0.36458383637422447920	     -0.17592468292488305792	     -0.00000000000000211131	     -0.00000000000000420884	      0.85912898636506951355	      0.00807466868066432364	     -0.03093407250872817413	      1.12727222402220506048	      1.12727222402220106368	      0.03940506559590789548	      0.00000000000000244874	     -0.00000000000000179183	      0.05501182641655747579	      0.01338266342805285482	      0.18439798142408481141	     -0.27170904774941956328	     -0.35162196400027923016	     -0.09955945034991840747	      2.04211390555082461518	      1.39554534951971698220	      0.00000000000000112314	      0.00000000000000061831	     -0.81143868000899799231	     -0.28807302596685036011	     -0.06975936767251272874	      1.97450288808499441195	      1.32582304764925895668	     -0.00000000000000049465	     -0.00000000000000040289
      3.62199999999999988631	     -0.24759458540604425969	      0.00787654701429279201	      0.04493263795184886805	      0.94559165377616583026	      1.05301721636487322087	     -0.34069851178168319983	      0.06099622139641151797	      0.05254635801063742978	     -0.09437173473206611485	      0.35128849819526763998	      0.35128849819527208087	     -0.20734460076808131079	     -0.00000000000000217144	     -0.00000000000000435424	      0.85655217976210595854	      0.01019934587532958688	     -0.03930867218025420329	      1.08695565604738231258	      1.08695565604737853782	      0.03972689767612909428	      0.00000000000000247146	     -0.00000000000000181798	      0.05714254821358964037	      0.00962319685446663513	      0.18403447914146478515	     -0.27052969198321730193	     -0.35083038352899237333	     -0.09510383701773524046	      2.06131136586211383133	      1.39906969521412394286	      0.00000000000000115318	      0.00000000000000063350	     -0.82309037867615142403	     -0.28698853625317244376	     -0.07738338481842664540	      1.98456436070059294430	      1.32540291713334679180	     -0.00000000000000049437	     -0.00000000000000042407
      3.62599999999999988987	     -0.24877568382161277527	      0.00892254595708403056	      0.04730580540487928226	      0.94625285883429555156	      1.05529754186667235061	     -0.34078758930783198400	      0.04826091943069614476	      0.05150498082346765399	     -0.09754732658289998193	      0.33928532043036391252	      0.33928532043036840893	     -0.23796976111887177541	     -0.00000000000000223259	     -0.00000000000000449794	      0.85362437029305049396	      0.01254672247217070505	     -0.04753815271743204451	      1.04591421728205768993	      1.04591421728205391517	      0.03966493901617670209	      0.00000000000000249211	     -0.00000000000000184343	      0.05942538672023628399	      0.00632681256557330023	      0.18362784561103229208	     -0.26989779037850714083	     -0.35044054773098115563	     -0.09077833804451977684	      2.08005088460696407893	      1.40250716182920753816	      0.00000000000000118330	      0.00000000000000064844	     -0.83428679956086926328	     -0.28560435867142203170	     -0.08492381461242197449	      1.99421521764663789433	      1.32502693917719360783	     -0.00000000000000049428	     -0.00000000000000044530
      3.62999999999999989342	     -0.25002017742257531818	      0.00958409333136777189	      0.04975929482569116380	      0.94689481315329815381	      1.05745814106454871784	     -0.34093825333468702476	      0.03649029895958201541	      0.05076432326066191575	     -0.10070518411337484044	      0.32876384046398593464	      0.32876384046399059757	     -0.26759201336175103547	     -0.00000000000000229416	     -0.00000000000000463523	      0.85030441677908896736	      0.01513956939090487820	     -0.05535711128089966515	      1.00430516549273884941	      1.00430516549273507465	      0.03911502067422246293	      0.00000000000000251523	     -0.00000000000000186851	      0.06171689344691969753	      0.00362080867383089916	      0.18316644981029758799	     -0.26981605532940694525	     -0.35048752246365483254	     -0.08665866671329421067	      2.09817259900096608760	      1.40580661912657922663	      0.00000000000000121321	      0.00000000000000066252	     -0.84487091616654197423	     -0.28397622900164248838	     -0.09230938424626421168	      2.00337568041196600888	      1.32469789914024538291	     -0.00000000000000049395	     -0.00000000000000046650
      3.63399999999999989697	     -0.25120376013951883909	      0.00979285094708101309	      0.05233977250768872408	      0.94751349045426225270	      1.05950034346728494405	     -0.34115937914848548651	      0.02559708008639761945	      0.05037388572433335043	     -0.10385874071824258147	      0.31987769695931178582	      0.31987769695931650427	     -0.29604431910983020071	     -0.00000000000000235937	     -0.00000000000000476747	      0.84653180788886994712	      0.01799781731309884128	     -0.06249863835018083097	      0.96228239210665877934	      0.96228239210665511560	      0.03794013846790677408	      0.00000000000000254138	     -0.00000000000000189285	      0.06387156809001494351	      0.00160937778607968631	      0.18263973711084965923	     -0.27027268272462556808	     -0.35099356909424528350	     -0.08279590822711968556	      2.11553251028339772688	      1.40892693307958283278	      0.00000000000000124472	      0.00000000000000067453	     -0.85470693751582449416	     -0.28215209788596479212	     -0.09947272241556090466	      2.01197804858371442904	      1.32441521444821574960	     -0.00000000000000049387	     -0.00000000000000048759
      3.63799999999999990052	     -0.25220714585019443632	      0.00950551746606248353	      0.05507432761737390131	      0.94810792293175727430	      1.06142574424189906068	     -0.34145690568020453659	      0.01547981534733777406	      0.05036557052448265015	     -0.10699133542744607150	      0.31273746585781564411	      0.31273746585782047358	     -0.32319909991958045703	     -0.00000000000000242473	     -0.00000000000000490073	      0.84223605014699987059	      0.02113419698324057669	     -0.06871342595107159112	      0.91999017103330915646	      0.91999017103330527068	      0.03598353891140410044	      0.00000000000000256841	     -0.00000000000000191648	      0.06575953148042637531	      0.00036409488669421201	      0.18204293372569710363	     -0.27124170786516987874	     -0.35196555420357544808	     -0.07921256336944759724	      2.13200730129668869495	      1.41183991681673171037	      0.00000000000000127801	      0.00000000000000068435	     -0.86369452505011568011	     -0.28016584727442733760	     -0.10635530902391884811	      2.01997613951305643454	      1.32417557782928496657	     -0.00000000000000049377	     -0.00000000000000050881
      3.64199999999999990408	     -0.25292922958499280961	      0.00870794075641718492	      0.05796481778238580379	      0.94868020686098575300	      1.06323508148975598431	     -0.34183290392858756146	      0.00603695441217571259	      0.05075034590699799286	     -0.11005190352868646220	      0.30741107982418602873	      0.30741107982419096922	     -0.34896118308859025436	     -0.00000000000000248931	     -0.00000000000000503508	      0.83734772707998184060	      0.02454968168776175408	     -0.07378766120187836564	      0.87756034981962727226	      0.87756034981962327546	      0.03308814573883862853	      0.00000000000000259456	     -0.00000000000000193923	      0.06728217431817140604	     -0.00008296633590867203	      0.18138071616043802137	     -0.27268426582931099000	     -0.35339342196416406727	     -0.07590219809728135369	      2.14749568736612816977	      1.41453200040354198919	      0.00000000000000131247	      0.00000000000000069279	     -0.87177827033062393891	     -0.27803328311117131433	     -0.11291199130022591679	      2.02735177880066208544	      1.32397391546549547670	     -0.00000000000000049366	     -0.00000000000000053007
      3.64599999999999990763	     -0.25329780336240809158	      0.00741679043482416141	      0.06098504581613073405	      0.94923512863967041131	      1.06492737436108941829	     -0.34228494275672538549	     -0.00281898221201923619	      0.05151600473737054375	     -0.11295507631910980950	      0.30393054371165317828	      0.30393054371165834082	     -0.37325703070514831827	     -0.00000000000000255247	     -0.00000000000000517076	      0.83180967176865405754	      0.02823000633963918676	     -0.07755776734210427514	      0.83511333546777544168	      0.83511333546777144488	      0.02911953561280610989	      0.00000000000000262132	     -0.00000000000000196257	      0.06838326059964544568	      0.00025678898118817632	      0.18066927973485261139	     -0.27455053249888144995	     -0.35524968993266348161	     -0.07283270278772945028	      2.16191663906874964596	      1.41700448107427701139	      0.00000000000000134732	      0.00000000000000070183	     -0.87895127637254477637	     -0.27575107627566652901	     -0.11911467378143827944	      2.03411763916984478229	      1.32380445193100015899	     -0.00000000000000049360	     -0.00000000000000055180
      3.64999999999999991118	     -0.25327597899508225154	      0.00567887635479883638	      0.06408126345958947701	      0.94977947184336308784	      1.06649947277851109284	     -0.34280585718514122728	     -0.01114981045919177273	      0.05262620382318199119	     -0.11558519359167426788	      0.30230269390800662554	      0.30230269390801173257	     -0.39602247481463725975	     -0.00000000000000261299	     -0.00000000000000530470	      0.82558654603000147798	      0.03214441525221182344	     -0.07992029416008797349	      0.79276272840534045550	      0.79276272840533623665	      0.02398907110728925457	      0.00000000000000264837	     -0.00000000000000198630	      0.06905330522838638851	      0.00132752683872339010	      0.17993642874324880521	     -0.27678210172502637487	     -0.35748981973573890070	     -0.06995277550285528001	      2.17520505244044626281	      1.41927234714877337218	      0.00000000000000138300	      0.00000000000000071135	     -0.88525234379613537694	     -0.27329887765127830468	     -0.12495476112339914954	      2.04031597491953986534	      1.32366165585309469854	     -0.00000000000000049349	     -0.00000000000000057345
      3.65399999999999991473	     -0.25286368721346630384	      0.00356824461626775074	      0.06717607872777804634	      0.95032107568117007990	      1.06794606319233298386	     -0.34338396981330210345	     -0.01898409052826279669	      0.05402098867842003438	     -0.11780397759225122445	      0.30252213538311545360	      0.30252213538312072716	     -0.41719078784144913996	     -0.00000000000000267240	     -0.00000000000000543861	      0.81867170682659917702	      0.03624705487854144870	     -0.08083596896956334044	      0.75062271419174220188	      0.75062271419173798304	      0.01767461382967600372	      0.00000000000000267578	     -0.00000000000000200996	      0.06932689512538027510	      0.00303116601378295488	      0.17921961333213368150	     -0.27931468717400204094	     -0.36005339746109005228	     -0.06720081327494710488	      2.18730571758894987155	      1.42136182296809510106	      0.00000000000000142053	      0.00000000000000071989	     -0.89075739335259518370	     -0.27064425208132014689	     -0.13044397924953007872	      2.04601343574758809396	      1.32354095899573787065	     -0.00000000000000049347	     -0.00000000000000059485
      3.65799999999999991829	     -0.25209461924334558569	      0.00118114772306329285	      0.07017535885929584993	      0.95086781159655020534	      1.06926005373092647410	     -0.34400376014381101042	     -0.02631376487356958116	      0.05561912406052180874	     -0.11946176251366649734	      0.30458484380600048258	      0.30458484380600586716	     -0.43668257234412233281	     -0.00000000000000273372	     -0.00000000000000557253	      0.81109092540520155712	      0.04048063101376143946	     -0.08032762989919749186	      0.70881691512889977158	      0.70881691512889521967	      0.01023704605435349531	      0.00000000000000270324	     -0.00000000000000203388	      0.06927434472608295923	      0.00523285913272822367	      0.17856213347988533768	     -0.28208132928830259578	     -0.36286614955325946497	     -0.06451507909019038589	      2.19816673380755345235	      1.42330689834280543771	      0.00000000000000145756	      0.00000000000000072787	     -0.89556656622504682286	     -0.26774965231181035996	     -0.13561328515274517770	      2.05129276955839090490	      1.32343925330315781430	     -0.00000000000000049335	     -0.00000000000000061612
      3.66199999999999992184	     -0.25102929291904713116	     -0.00137076431359171706	      0.07297757277544168752	      0.95142658756045661583	      1.07043324987252197467	     -0.34464694922943212019	     -0.03309506677162756677	      0.05732232757682535762	     -0.12041168458169196342	      0.30850076943113086125	      0.30850076943113630135	     -0.45439889488139156848	     -0.00000000000000279619	     -0.00000000000000570595	      0.80290270221572801468	      0.04478176310462152199	     -0.07847239966795165056	      0.66748721145852429881	      0.66748721145851974690	      0.00183068058642344876	      0.00000000000000273053	     -0.00000000000000205830	      0.06898931998555032918	      0.00776964954730621164	      0.17800782615636923101	     -0.28501606529915041177	     -0.36584279452164986113	     -0.06184390454663287601	      2.20773351366535308671	      1.42514517496187220758	      0.00000000000000149517	      0.00000000000000073499	     -0.89978885388604856743	     -0.26458035671812679679	     -0.14050978111345188704	      2.05624245335727096062	      1.32335517730163054750	     -0.00000000000000049309	     -0.00000000000000063748
      3.66599999999999992539	     -0.24974504541159589510	     -0.00396831457119433805	      0.07548477679941002771	      0.95200244197116212774	      1.07145723413701454696	     -0.34529391916139873242	     -0.03925388729333953441	      0.05902114991713460629	     -0.12052505913486838418	      0.31430321318683557275	      0.31430321318684106835	     -0.47021924656862379432	     -0.00000000000000285915	     -0.00000000000000583900	      0.79419508592921361778	      0.04908732980241531374	     -0.07538929670605587496	      0.62680112994214753908	      0.62680112994214287614	     -0.00729494857823362493	      0.00000000000000275730	     -0.00000000000000208304	      0.06857389750530840100	      0.01046163001650710078	      0.17759461150506875016	     -0.28805770201819363985	     -0.36889059615380442869	     -0.05915460349090247150	      2.21594455246791888214	      1.42691345274160630296	      0.00000000000000153547	      0.00000000000000073976	     -0.90352631956343831821	     -0.26111219279506170388	     -0.14519200890505937207	      2.06094560591549758044	      1.32328917184408911822	     -0.00000000000000049277	     -0.00000000000000065869
      3.66999999999999992895	     -0.24832386083128568655	     -0.00649295633118571105	      0.07761425864755144843	      0.95259781666438536618	      1.07232434018810329768	     -0.34592536231970788529	     -0.04469568136698481853	      0.06060209472906477601	     -0.11970582174959647215	      0.32205261446278443671	      0.32205261446278998783	     -0.48400791384936553419	     -0.00000000000000292143	     -0.00000000000000597199	      0.78507905474664529955	      0.05334105005168741920	     -0.07122394848025503933	      0.58695645004530683231	      0.58695645004530228039	     -0.01680422009999750846	      0.00000000000000278391	     -0.00000000000000210809	      0.06812247077398006501	      0.01312469211949012643	      0.17734736110774260154	     -0.29115331654296472408	     -0.37191340624872998299	     -0.05643990966179912583	      2.22272998776882024785	      1.42864350592533928541	      0.00000000000000157566	      0.00000000000000074473	     -0.90685980212758743324	     -0.25733797852920042848	     -0.14972421816726627641	      2.06546963244830150686	      1.32324327787404860679	     -0.00000000000000049249	     -0.00000000000000068004
      3.67399999999999993250	     -0.24683965679055142051	     -0.00883441505818715646	      0.07930943892297778741	      0.95321188547950341796	      1.07302830073305877079	     -0.34652407974630944354	     -0.04931957093072402570	      0.06195640513493896884	     -0.11790126685364062109	      0.33183354536481562969	      0.33183354536482123631	     -0.49563638451099767401	     -0.00000000000000298415	     -0.00000000000000610502	      0.77567831800298070455	      0.05749907847787542187	     -0.06613224112584115133	      0.54818176509800253804	      0.54818176509799787510	     -0.02629610604111773040	      0.00000000000000281059	     -0.00000000000000213323	      0.06770563266079324127	      0.01558446544476408020	      0.17727082802652047167	     -0.29426185800743842602	     -0.37481609241067515015	     -0.05372147010233652153	      2.22801260637965325984	      1.43035849975213613661	      0.00000000000000161481	      0.00000000000000075053	     -0.90983695532266950501	     -0.25327190178175396085	     -0.15417015343767964675	      2.06985804474378864981	      1.32322069889825066902	     -0.00000000000000049221	     -0.00000000000000070154
      3.67799999999999993605	     -0.24534676820190570723	     -0.01089706817103574046	      0.08054799786555874586	      0.95384029692600147410	      1.07356466660474958452	     -0.34707656154082416888	     -0.05303476416973583463	      0.06298917779085769220	     -0.11511387247995781558	      0.34374384514256400847	      0.34374384514256983714	     -0.50499545280681412684	     -0.00000000000000304697	     -0.00000000000000623830	      0.76611760046334831387	      0.06153349275996237988	     -0.06026603774063788582	      0.51073194320079806641	      0.51073194320079340347	     -0.03533527600485169423	      0.00000000000000283733	     -0.00000000000000215816	      0.06735726103373389229	      0.01768918216307181768	      0.17734496636840896278	     -0.29735665877425854209	     -0.37750874494346642329	     -0.05104977645461394875	      2.23171202663590850790	      1.43207057836476447932	      0.00000000000000165437	      0.00000000000000075464	     -0.91246618695361969564	     -0.24895058269812173068	     -0.15858714826785946794	      2.07412600209522945960	      1.32322488289907358450	     -0.00000000000000049175	     -0.00000000000000072305
      3.68199999999999993960	     -0.24386769134291413907	     -0.01260811293122722498	      0.08134622981529840424	      0.95447655507037953981	      1.07393334987629329724	     -0.34757377231558156394	     -0.05577421886001694001	      0.06362361217886559894	     -0.11139755905871465136	      0.35788647334003476086	      0.35788647334004058953	     -0.51192271018901913671	     -0.00000000000000311020	     -0.00000000000000637202	      0.75651153016345951130	      0.06543390563452003428	     -0.05376294514544576603	      0.47487726390479906291	      0.47487726390479434446	     -0.04349134147832876829	      0.00000000000000286385	     -0.00000000000000218313	      0.06706824652338720660	      0.01931876529734087924	      0.17752512762998512441	     -0.30042266548360674339	     -0.37991024768175457593	     -0.04849932994218882770	      2.23375604284801321242	      1.43377982816227911300	      0.00000000000000169405	      0.00000000000000075773	     -0.91472261582369152055	     -0.24442898925986913938	     -0.16302046440895759383	      2.07825828405735713034	      1.32325845210060855095	     -0.00000000000000049115	     -0.00000000000000074450
      3.68599999999999994316	     -0.24238872604357153406	     -0.01392228265887832973	      0.08175920549979379115	      0.95511190446757143757	      1.07413756103091362348	     -0.34801212274898146726	     -0.05751141036982291427	      0.06381181553366535586	     -0.10685967712714751487	      0.37434102866144558508	      0.37434102866145158028	     -0.51635833310192291723	     -0.00000000000000317373	     -0.00000000000000650613	      0.74695029374546417777	      0.06920476361649695318	     -0.04673908759055620671	      0.44088917710823444240	      0.44088917710822961293	     -0.05038078241841428828	      0.00000000000000289085	     -0.00000000000000220843	      0.06678157823968097762	      0.02039632839985593485	      0.17774183207119642613	     -0.30346012754789558619	     -0.38195209169836114027	     -0.04616302668604841536	      2.23408628376153961526	      1.43547463211074277645	      0.00000000000000173392	      0.00000000000000075968	     -0.91654887122680828160	     -0.23977699000374691485	     -0.16749905967986303268	      2.08221241395121481332	      1.32332243265943660937	     -0.00000000000000049035	     -0.00000000000000076580
      3.68999999999999994671	     -0.24086101008392768463	     -0.01482466658962391069	      0.08187581397585115550	      0.95573638274161876183	      1.07418335170294665382	     -0.34839353435386005708	     -0.05826765471493346171	      0.06353990848927909552	     -0.10165280030955353707	      0.39314976213874580635	      0.39314976213875174604	     -0.51830569784543412126	     -0.00000000000000323763	     -0.00000000000000664002	      0.73749186468490002255	      0.07286085513291148952	     -0.03928962037303289356	      0.40902369564479323927	      0.40902369564478846531	     -0.05570658417819036867	      0.00000000000000291800	     -0.00000000000000223319	      0.06639827141629170426	      0.02089314042822720818	      0.17790544832490937099	     -0.30648490814694451245	     -0.38358107610485980832	     -0.04414315519607658889	      2.23266716578251678271	      1.43713325866473584647	      0.00000000000000177288	      0.00000000000000076193	     -0.91786474529811745704	     -0.23507321296434557922	     -0.17203321466816004492	      2.08592492042821620046	      1.32341557297211198652	     -0.00000000000000048940	     -0.00000000000000078749
      3.69399999999999995026	     -0.23920694731107181030	     -0.01533212933126910406	      0.08181010362325337459	      0.95634023996273276325	      1.07407890325718180513	     -0.34872489466164940941	     -0.05811266600753361294	      0.06283011806119312426	     -0.09596328280152911783	      0.41430309043944818503	      0.41430309043945429126	     -0.51784163947351702362	     -0.00000000000000330158	     -0.00000000000000677381	      0.72815883437266748501	      0.07642071956328705395	     -0.03149460545438091674	      0.37950469175521406306	      0.37950469175520917808	     -0.05929093577254185288	      0.00000000000000294458	     -0.00000000000000225758	      0.06579046518498110618	      0.02082996084768179088	      0.17791310872380713959	     -0.30952783580171244759	     -0.38476137471903687493	     -0.04254090473812564832	      2.22949409407855725362	      1.43872641473638940290	      0.00000000000000181276	      0.00000000000000076436	     -0.91857984007494664080	     -0.23039800389012846105	     -0.17661388275755551813	      2.08931942544563842290	      1.32353424989070878048	     -0.00000000000000048841	     -0.00000000000000080941
      3.69799999999999995381	     -0.23733158708824109162	     -0.01549240018325825918	      0.08168941932070472589	      0.95691538649990104393	      1.07383345363098148262	     -0.34901692155661095951	     -0.05715794024066804535	      0.06173965287043459843	     -0.08999658464007717629	      0.43773046880584892682	      0.43773046880585514407	     -0.51511921030801210986	     -0.00000000000000336625	     -0.00000000000000690814	      0.71894058835396845719	      0.07989894455115037486	     -0.02342969129822864219	      0.35250940809284997401	      0.35250940809284503352	     -0.06109772900742824892	      0.00000000000000297165	     -0.00000000000000228132	      0.06481993886813221251	      0.02027417648111597137	      0.17765758214312718510	     -0.31263326620170667214	     -0.38547570703692846106	     -0.04144581305408777394	      2.22459931994942383682	      1.44022051339668677450	      0.00000000000000185214	      0.00000000000000076568	     -0.91860737118164292880	     -0.22582652463444730095	     -0.18121394701486623346	      2.09231579194482542050	      1.32367279533841908368	     -0.00000000000000048736	     -0.00000000000000083148
      3.70199999999999995737	     -0.23513733664875571816	     -0.01538064716108362810	      0.08164043965510457690	      0.95745665072815155927	      1.07345600924510486962	     -0.34928254465826935604	     -0.05554380888797370852	      0.06035640639532732776	     -0.08396065628538566805	      0.46329782061824115180	      0.46329782061824759110	     -0.51036248852396914888	     -0.00000000000000343184	     -0.00000000000000704302	      0.70980058791887779002	      0.08329824404765091839	     -0.01517997864206808989	      0.32815807552994519236	      0.32815807552994008534	     -0.06124241542589164283	      0.00000000000000299884	     -0.00000000000000230488	      0.06335955761164903388	      0.01933294841481630194	      0.17703745669019763098	     -0.31585677307449538942	     -0.38572551045670339098	     -0.04092644758542619832	      2.21805449091319362154	      1.44158134599124299058	      0.00000000000000189212	      0.00000000000000076427	     -0.91787762448734522280	     -0.22142259939298863936	     -0.18579122743906095749	      2.09483932783370541131	      1.32382414276145299326	     -0.00000000000000048625	     -0.00000000000000085317
      3.70599999999999996092	     -0.23254008026549519150	     -0.01509359258997358677	      0.08177463929754551220	      0.95796266419377773538	      1.07295399716932626788	     -0.34953501883488879987	     -0.05342173358585617510	      0.05879171949338309056	     -0.07804933619650082643	      0.49081190201353319669	      0.49081190201353969149	     -0.50385392266389628091	     -0.00000000000000349742	     -0.00000000000000717833	      0.70068792925400869009	      0.08660248333552408861	     -0.00685474028670350101	      0.30650897766748835815	      0.30650897766748325113	     -0.05998769457132469701	      0.00000000000000302607	     -0.00000000000000232790	      0.06131497519142520974	      0.01814294431316311809	      0.17596765198730460189	     -0.31926204507831595913	     -0.38553009325268133844	     -0.04102334516778033402	      2.20996970651069446490	      1.44277775375134020841	      0.00000000000000193261	      0.00000000000000076378	     -0.91634971490361483148	     -0.21723381809816463828	     -0.19029287517631260362	      2.09682933514511926631	      1.32398070560559610875	     -0.00000000000000048498	     -0.00000000000000087500
      3.70999999999999996447	     -0.22948468638003488573	     -0.01474147157207932567	      0.08217483472012629409	      0.95843624104712465961	      1.07233200847595644412	     -0.34978603402968183600	     -0.05093383002774379276	      0.05717054102232034529	     -0.07242782550545823206	      0.52003145490986468769	      0.52003145490987123800	     -0.49591526457245194148	     -0.00000000000000356244	     -0.00000000000000731498	      0.69155198847628973624	      0.08977188195239678425	      0.00139958774885313606	      0.28755993620858288917	      0.28755993620857783766	     -0.05772441599514776395	      0.00000000000000305319	     -0.00000000000000235144	      0.05864388736642697775	      0.01685742389548791631	      0.17438913681090545404	     -0.32291709604082674545	     -0.38492478307987160191	     -0.04174499602069171172	      2.20048925376211190752	      1.44378487520315212933	      0.00000000000000197424	      0.00000000000000076156	     -0.91402034412756971715	     -0.21328841084502667136	     -0.19466069404585722991	      2.09824635908009238250	      1.32413540584995592653	     -0.00000000000000048376	     -0.00000000000000089657
      3.71399999999999996803	     -0.22595802518343890974	     -0.01443835852563827432	      0.08288448108688482863	      0.95888417595342212429	      1.07159077668012492346	     -0.35004408859704583268	     -0.04819198342558560916	      0.05561945519203267269	     -0.06722174174819492420	      0.55068427131843522560	      0.55068427131844177591	     -0.48688387016665168883	     -0.00000000000000362772	     -0.00000000000000745148	      0.68235859084149619314	      0.09274154228999459404	      0.00939056647689463092	      0.27125656558771094051	      0.27125656558770588900	     -0.05493870234243518336	      0.00000000000000308037	     -0.00000000000000237559	      0.05537035213377822229	      0.01563155302302426941	      0.17227656426785967203	     -0.32688979457838607257	     -0.38395812257148653757	     -0.04306717836205188610	      2.18978419623538345107	      1.44458663128635067530	      0.00000000000000201559	      0.00000000000000075846	     -0.91092830015006365230	     -0.20959442013859960752	     -0.19883688321456025050	      2.09907718955509903225	      1.32428275243942761286	     -0.00000000000000048250	     -0.00000000000000091767
      3.71799999999999997158	     -0.22199776668590531781	     -0.01429155917724026642	      0.08390136141387230517	      0.95931645787799191272	      1.07072652390391076516	     -0.35031337254382027835	     -0.04525925505106940389	      0.05425323449979214951	     -0.06251068957196129205	      0.58248854710492670161	      0.58248854710493347397	     -0.47708692923755274817	     -0.00000000000000369305	     -0.00000000000000758733	      0.67310587531227705771	      0.09542433948190388870	      0.01687726022604462903	      0.25750713748104070433	      0.25750713748103565282	     -0.05216779748322013938	      0.00000000000000310722	     -0.00000000000000240032	      0.05159194488016108360	      0.01460696587419841458	      0.16964239784219523055	     -0.33124268693238256844	     -0.38268823167504040228	     -0.04493552054663139950	      2.17804199671644171943	      1.44517718866751532225	      0.00000000000000205584	      0.00000000000000075734	     -0.90715349065030093101	     -0.20614165584309535051	     -0.20276964196507962779	      2.09933645365494125912	      1.32441984851804983592	     -0.00000000000000048120	     -0.00000000000000093851
      3.72199999999999997513	     -0.21769561901507644697	     -0.01439096927528333257	      0.08517675046073498735	      0.95974496889321181392	      1.06973078787834197101	     -0.35059330933087740068	     -0.04213620314549507140	      0.05316096628093793658	     -0.05832691371064110952	      0.61517631896344582287	      0.61517631896345248421	     -0.46681638787600454599	     -0.00000000000000375851	     -0.00000000000000772316	      0.66383778615904720510	      0.09771853819390814710	      0.02357559632801199331	      0.24620288965767025968	      0.24620288965766520817	     -0.04994844651593304680	      0.00000000000000313413	     -0.00000000000000242499	      0.04747813078392069258	      0.01389683158288549172	      0.16653657372107874557	     -0.33602729569264183640	     -0.38117855359895314038	     -0.04727097435077184245	      2.16545376351679230709	      1.44556125036992089150	      0.00000000000000209609	      0.00000000000000075639	     -0.90281000092737717644	     -0.20290646285015792594	     -0.20641808843495404457	      2.09906427730424782752	      1.32454719059787762170	     -0.00000000000000047990	     -0.00000000000000095931
      3.72599999999999997868	     -0.21319427344733074547	     -0.01479958464773524322	      0.08662010995700215876	      0.96018183272468615730	      1.06859078672119456321	     -0.35087875836918880346	     -0.03875451219493637051	      0.05239343915530674661	     -0.05465918545915699617	      0.64851576412402900385	      0.64851576412403555416	     -0.45630778898082835493	     -0.00000000000000382382	     -0.00000000000000785899	      0.65465278672474758181	      0.09951923885301269812	      0.02917190996847344661	      0.23724087295805071363	      0.23724087295804563436	     -0.04876346568105625195	      0.00000000000000316174	     -0.00000000000000244922	      0.04325936558703154938	      0.01357307926053001428	      0.16304168804200425136	     -0.34127847587463627788	     -0.37949326617974649123	     -0.04997761373097688031	      2.15220056088764444269	      1.44575319350152242670	      0.00000000000000213610	      0.00000000000000075421	     -0.89803408156755981651	     -0.19985846860420564131	     -0.20975602059888145967	      2.09832080984580615635	      1.32466908817659079212	     -0.00000000000000047855	     -0.00000000000000098018
      3.72999999999999998224	     -0.20867778888003099547	     -0.01554628466572286795	      0.08810883730589474938	      0.96063761216774423701	      1.06729033974511544614	     -0.35116080406037414319	     -0.03497978359653729219	      0.05195365124273222668	     -0.05146168827889579384	      0.68232895723805397914	      0.68232895723806075150	     -0.44572612895000829347	     -0.00000000000000388870	     -0.00000000000000799475	      0.64570562187425117884	      0.10073208268130655341	      0.03334418770098892398	      0.23054583676002371462	      0.23054583676001857984	     -0.04899260986867769868	      0.00000000000000318874	     -0.00000000000000247502	      0.03920731226007823783	      0.01365749275107832131	      0.15926423849997212168	     -0.34700944610100059595	     -0.37769273950104931270	     -0.05295196764176210436	      2.13844048331851599443	      1.44577518768790902470	      0.00000000000000217519	      0.00000000000000075197	     -0.89296881633389246780	     -0.19696793510066401556	     -0.21277409256052517983	      2.09717888655359585570	      1.32479354841199481463	     -0.00000000000000047707	     -0.00000000000000100095
      3.73399999999999998579	     -0.20435619559386469790	     -0.01662145703818603687	      0.08950215103372061165	      0.96111954062151383482	      1.06581127047194312851	     -0.35142800777763727460	     -0.03062364256032065399	      0.05179169433458987587	     -0.04866679385905978150	      0.71650274870796659687	      0.71650274870797348026	     -0.43516022644906893202	     -0.00000000000000395349	     -0.00000000000000813042	      0.63720139752176097048	      0.10128746384164578898	      0.03578927950113870021	      0.22608836115985245230	      0.22608836115984726201	     -0.05087254777851187709	      0.00000000000000321505	     -0.00000000000000250255	      0.03560805263845691349	      0.01411770544514572880	      0.15532279828146611234	     -0.35320787614372800567	     -0.37582948366646401483	     -0.05609279180626917244	      2.12429772899286284371	      1.44565455720483626578	      0.00000000000000221462	      0.00000000000000074994	     -0.88774748207843390269	     -0.19421235809228767910	     -0.21548014263166867521	      2.09571574384277292680	      1.32493161060362885095	     -0.00000000000000047570	     -0.00000000000000102194
      3.73799999999999998934	     -0.20044588526496065484	     -0.01797579272722734864	      0.09065748363151562850	      0.96162999405960813970	      1.06413514656724039753	     -0.35166794645806526143	     -0.02546398214423304870	      0.05180485532589747255	     -0.04619943350235480861	      0.75099136376323405440	      0.75099136376324104880	     -0.42462567995839667345	     -0.00000000000000401797	     -0.00000000000000826567	      0.62938214451189467002	      0.10115312553790192784	      0.03625353026331382816	      0.22389675644099046870	      0.22389675644098527840	     -0.05446032434063699523	      0.00000000000000324162	     -0.00000000000000253099	      0.03273137229522805197	      0.01486863403130188679	      0.15133454974303831020	     -0.35983330196408003232	     -0.37394506732401117111	     -0.05930993996296762133	      2.10985461512718508459	      1.44542070204701933456	      0.00000000000000225410	      0.00000000000000074777	     -0.88247773339067836496	     -0.19158121275975412146	     -0.21789760965717605568	      2.09400442075283166332	      1.32509625711188827601	     -0.00000000000000047443	     -0.00000000000000104286
      3.74199999999999999289	     -0.19715103874849507215	     -0.01952126257498325995	      0.09144984768206568249	      0.96216463930978513019	      1.06224648055383918965	     -0.35186886557015067956	     -0.01926982617696360034	      0.05184108144276062397	     -0.04399442361842025723	      0.78581133462730212713	      0.78581133462730901051	     -0.41407571724925862355	     -0.00000000000000408233	     -0.00000000000000840071	      0.62251045798619020211	      0.10034764606245728802	      0.03455328965215261061	      0.22406261045241904206	      0.22406261045241385177	     -0.05972638104952028570	      0.00000000000000326805	     -0.00000000000000255964	      0.03080043617916273374	      0.01577663002168819967	      0.14739820894520394567	     -0.36681794590368010933	     -0.37206759919701082318	     -0.06253144881451835890	      2.09514675121039850580	      1.44510249652567424050	      0.00000000000000229366	      0.00000000000000074548	     -0.87722670655473655721	     -0.18908133671375282336	     -0.22006275027966334945	      2.09210613976526449420	      1.32530088525403599853	     -0.00000000000000047323	     -0.00000000000000106387
      3.74599999999999999645	     -0.19463780484720541453	     -0.02113855101341196793	      0.09178450946249964992	      0.96271261621244186291	      1.06013384103291019578	     -0.35202132716556389092	     -0.01183287619961754383	      0.05171336150331351522	     -0.04200319164853439508	      0.82102614946099872206	      0.82102614946100560545	     -0.40341905201320948926	     -0.00000000000000414656	     -0.00000000000000853562	      0.61684044808028293261	      0.09893986045667907403	      0.03063092601447500382	      0.22673708619787830143	      0.22673708619787305563	     -0.06627549139721257421	      0.00000000000000329417	     -0.00000000000000258756	      0.02996227591041561097	      0.01667552959844733479	      0.14358653696838596936	     -0.37406537942354867177	     -0.37021299659568079887	     -0.06570761367370425710	      2.08016422291392055754	      1.44472446811619525953	      0.00000000000000233319	      0.00000000000000074314	     -0.87201603534358251846	     -0.18673195401363601453	     -0.22201927963356390960	      2.09006305332270869712	      1.32555798649871037220	     -0.00000000000000047215	     -0.00000000000000108512
      3.75000000000000000000	     -0.19301760770333392658	     -0.02268247550888364064	      0.09161537124855198555	      0.96325646257732289168	      1.05779127509760484394	     -0.35212009483464812298	     -0.00299043002386636643	      0.05120976507656933852	     -0.04020815485310719889	      0.85672758351951083799	      0.85672758351951794342	     -0.39254160561409451313	     -0.00000000000000421095	     -0.00000000000000867077	      0.61259976598744614318	      0.09705073028201066654	      0.02454379454634726329	      0.23211589998999529461	      0.23211589998998999329	     -0.07365265862334310909	      0.00000000000000331978	     -0.00000000000000261460	      0.03027001064984241596	      0.01737755741000207577	      0.13993241120041904901	     -0.38144976834199140203	     -0.36838389961415418661	     -0.06881103195485449575	      2.06485350148933077818	      1.44430597534582183528	      0.00000000000000237245	      0.00000000000000074086	     -0.86681880921857556999	     -0.18456017232687171870	     -0.22381334043342823725	      2.08789035597453720428	      1.32587722801465890399	     -0.00000000000000047091	     -0.00000000000000110621
      3.75400000000000000355	     -0.19233195634773392335	     -0.02399553509107371294	      0.09095166075678889905	      0.96377299702500063283	      1.05522044571892004150	     -0.35216494788212737710	      0.00734971739587782225	      0.05011269388387425139	     -0.03862466115493891350	      0.89301179292038168622	      0.89301179292038890267	     -0.38133048758310794657	     -0.00000000000000427559	     -0.00000000000000880633	      0.60996318612213573651	      0.09484635540113764418	      0.01648641279223936329	      0.24041803731205116379	      0.24041803731204586247	     -0.08126980705342889966	      0.00000000000000334553	     -0.00000000000000264171	      0.03167011980535198307	      0.01769207034270255455	      0.13642430096576041443	     -0.38882122589574408256	     -0.36657176988741185797	     -0.07183514396810458669	      2.04912667174238993795	      1.44385959019410314852	      0.00000000000000241134	      0.00000000000000073830	     -0.86156230255566279563	     -0.18259654917506426552	     -0.22548829986460805497	      2.08557352699079734393	      1.32626391997844450543	     -0.00000000000000046946	     -0.00000000000000112731
      3.75800000000000000711	     -0.19254408531604205734	     -0.02492207118500819676	      0.08986023490829482541	      0.96423514061503479144	      1.05243186380501674293	     -0.35216113181360492179	      0.01919365829650958657	      0.04821778122790472410	     -0.03729935014165827040	      0.92995501999030971696	      0.92995501999031704443	     -0.36969580890299774678	     -0.00000000000000433960	     -0.00000000000000894251	      0.60903228630669425936	      0.09252637476807630545	      0.00678803734314823055	      0.25185679886726664023	      0.25185679886726131116	     -0.08845812703893597695	      0.00000000000000337154	     -0.00000000000000266843	      0.03400217999884871251	      0.01744307540820244987	      0.13300546909679383800	     -0.39601195986548221040	     -0.36475892233708018253	     -0.07478976153292918316	      2.03287322697044547937	      1.44339089108024754005	      0.00000000000000245019	      0.00000000000000073550	     -0.85613580662294364032	     -0.18086909196421271928	     -0.22707999564936365289	      2.08306688306638676522	      1.32671766100311683267	     -0.00000000000000046780	     -0.00000000000000114852
      3.76200000000000001066	     -0.19353847605304966284	     -0.02532332143406829453	      0.08846078653348955767	      0.96461448318642051269	      1.04944558396473164308	     -0.35211903699914681720	      0.03245520767484412483	      0.04535235941138657939	     -0.03630276088448497473	      0.96759144186299561596	      0.96759144186300305446	     -0.35758744534563213779	     -0.00000000000000440446	     -0.00000000000000907858	      0.60982084943634884411	      0.09030899095248728914	     -0.00410186284716823873	      0.26660716225889785624	      0.26660716225889247166	     -0.09452074892474356116	      0.00000000000000339715	     -0.00000000000000269524	      0.03701029201621063025	      0.01648499645930074850	      0.12957833624491996161	     -0.40284538363111699333	     -0.36292078659838689081	     -0.07769483461140500036	      2.01597417240339948918	      1.44289917878600681966	      0.00000000000000248905	      0.00000000000000073245	     -0.85040147350911543533	     -0.17939849190164969261	     -0.22861291640114581036	      2.08029467678189483593	      1.32723144010622084998	     -0.00000000000000046571	     -0.00000000000000116955
      3.76600000000000001421	     -0.19512889115882692259	     -0.02509168811968583504	      0.08691443447457236626	      0.96488423551949720203	      1.04629126312201670146	     -0.35205308431940390834	      0.04695994327011934061	      0.04139192491545030245	     -0.03571707987914864851	      1.00589578811857771612	      1.00589578811858526564	     -0.34500509203153179039	     -0.00000000000000446960	     -0.00000000000000921523	      0.61224764163523281990	      0.08841425463898824888	     -0.01564031106313767613	      0.28477316322128570780	      0.28477316322128026771	     -0.09878726820325987867	      0.00000000000000342415	     -0.00000000000000272547	      0.04036493634790289109	      0.01471523247077554525	      0.12601338091330810398	     -0.40914786287000276532	     -0.36102827503149453880	     -0.08057345657473011236	      1.99831642554146915458	      1.44237908169866768660	      0.00000000000000252817	      0.00000000000000072948	     -0.84420612345464729476	     -0.17819558652957509515	     -0.23009761930230199223	      2.07715447857592039327	      1.32779133424696738075	     -0.00000000000000046307	     -0.00000000000000119050
      3.77000000000000001776	     -0.19707479532131894073	     -0.02416245292493612862	      0.08540681394284772854	      0.96502207817626339814	      1.04300742301836080195	     -0.35197991507169840153	      0.06245926427701323225	      0.03627327393482863288	     -0.03562040616059362202	      1.04477300648553628193	      1.04477300648554405349	     -0.33200065003886036763	     -0.00000000000000453453	     -0.00000000000000935180	      0.61613754370997964038	      0.08704694649120509053	     -0.02722789314428657181	      0.30635935203054781573	      0.30635935203054248666	     -0.10066527088923182820	      0.00000000000000345239	     -0.00000000000000275682	      0.04369295003060295196	      0.01208261045793136354	      0.12216174083483832824	     -0.41476208559722393954	     -0.35905032723653829141	     -0.08344512151123051336	      1.97980529541928951254	      1.44182292940323497632	      0.00000000000000256691	      0.00000000000000072730	     -0.83739233236752663725	     -0.17726126298071689935	     -0.23152952232101067787	      2.07352234716158445593	      1.32837690957294918270	     -0.00000000000000046010	     -0.00000000000000121159
      3.77400000000000002132	     -0.19910494346008253408	     -0.02252138836339435957	      0.08412748518706379686	      0.96501242108672735664	      1.03963975154900212239	     -0.35191612326085475182	      0.07865320004667074316	      0.03000328803611010051	     -0.03606954551165585804	      1.08405631902823884616	      1.08405631902824728385	     -0.31867289637180706841	     -0.00000000000000459947	     -0.00000000000000948838	      0.62123101374984446288	      0.08638010250726332884	     -0.03825302943539233419	      0.33124954411398105369	      0.33124954411397555809	     -0.09968461541441971108	      0.00000000000000348042	     -0.00000000000000278708	      0.04661253315667920893	      0.00859138999542822038	      0.11787042477913649285	     -0.41956063576837643314	     -0.35695676140038085089	     -0.08632003987281945678	      1.96037345168309395937	      1.44122362146920868220	      0.00000000000000260586	      0.00000000000000072448	     -0.82980807066737749533	     -0.17658818097407966152	     -0.23288898741035424234	      2.06925935478959122094	      1.32896232926091339976	     -0.00000000000000045670	     -0.00000000000000123363
      3.77800000000000002487	     -0.20094559587723578864	     -0.02020712510981846621	      0.08324807108209417161	      0.96484773087631980903	      1.03623834874414000318	     -0.35187589102020183640	      0.09521980273663362138	      0.02266251501934199095	     -0.03708381261570740939	      1.12351401877278145314	      1.12351401877278989083	     -0.30515531439359055987	     -0.00000000000000466460	     -0.00000000000000962544	      0.62720103569682061906	      0.08654021294424643629	     -0.04813902669056860373	      0.35919513908084116371	      0.35919513908083561260	     -0.09553054138033832687	      0.00000000000000350808	     -0.00000000000000282306	      0.04876966892813752730	      0.00430082306650468420	      0.11299880163960099311	     -0.42345808387368377712	     -0.35472146671674709140	     -0.08919511319781583958	      1.93998572732610519154	      1.44057758499110311057	      0.00000000000000264536	      0.00000000000000072156	     -0.82131500322868467023	     -0.17616321903268764015	     -0.23414248600956788504	      2.06421906438564350950	      1.32951806436308705983	     -0.00000000000000045326	     -0.00000000000000125592
      3.78200000000000002842	     -0.20235000246801482238	     -0.01730768135188852364	      0.08290165230944526731	      0.96452882840068998593	      1.03285400206720545668	     -0.35186892932644348031	      0.11184849814426076064	      0.01440275903362410632	     -0.03863214224688490267	      1.16286442353353280943	      1.16286442353354146917	     -0.29159850476083631898	     -0.00000000000000472896	     -0.00000000000000976274	      0.63367624689287405104	      0.08759519726050205013	     -0.05638932705467231132	      0.38981432492993517425	      0.38981432492992956762	     -0.08806188967932446210	      0.00000000000000353621	     -0.00000000000000285671	      0.04987258894515680940	     -0.00067963810398863659	      0.10743499080626975339	     -0.42641974974216928507	     -0.35232576027208373226	     -0.09205184207608042846	      1.91863990627460667682	      1.43988745499795633975	      0.00000000000000268513	      0.00000000000000071863	     -0.81179600917253325054	     -0.17596950467550054320	     -0.23524467668401047304	      2.05825540721021260637	      1.33001306706072353059	     -0.00000000000000044988	     -0.00000000000000127829
      3.78600000000000003197	     -0.20312528128852153086	     -0.01395132785896821027	      0.08316597432457097094	      0.96406430364022466240	      1.02953394491170779901	     -0.35189910423167491960	      0.12827364762869880588	      0.00543823866001086169	     -0.04062517770255897470	      1.20179676713829963752	      1.20179676713830807522	     -0.27814989772195386486	     -0.00000000000000479408	     -0.00000000000000990036	      0.64026797326948170497	      0.08954648661396419351	     -0.06262655824862273235	      0.42260227873372596674	      0.42260227873372036012	     -0.07731267695448416910	      0.00000000000000356320	     -0.00000000000000288751	      0.04972102010465617034	     -0.00619926045957602204	      0.10111055151636226535	     -0.42846548147999735656	     -0.34976149337404749406	     -0.09485600782637683415	      1.89636444269636150750	      1.43916423305505314367	      0.00000000000000272475	      0.00000000000000071563	     -0.80116243542739362660	     -0.17598729973022184114	     -0.23614130455984258528	      2.05123041295960328867	      1.33041722314512322889	     -0.00000000000000044639	     -0.00000000000000130002
      3.79000000000000003553	     -0.20315324428719697125	     -0.01029274855081835360	      0.08405270784773430370	      0.96346926036136237848	      1.02631785227193317311	     -0.35196400926323029301	      0.14430418895977620286	     -0.00396966208762261109	     -0.04291361927578433988	      1.23999522914974025234	      1.23999522914974935617	     -0.26493384292809313285	     -0.00000000000000485920	     -0.00000000000001003798	      0.64659843984355347413	      0.09232671876692083446	     -0.06662154551578891581	      0.45695184045869724487	      0.45695184045869158274	     -0.06347754276960752839	      0.00000000000000358934	     -0.00000000000000292321	      0.04822710333692304535	     -0.01207873933320416544	      0.09401175922700000243	     -0.42966736143101957879	     -0.34703344234517424782	     -0.09755891198985434942	      1.87321449709146481410	      1.43842873286720451809	      0.00000000000000276468	      0.00000000000000071274	     -0.78936117954973483712	     -0.17619376975905107208	     -0.23677290517302831963	      2.04302141954075855423	      1.33070386423123432351	     -0.00000000000000044298	     -0.00000000000000132139
      3.79400000000000003908	     -0.20240302153671974050	     -0.00649666753777305376	      0.08550397988346490619	      0.96276356199066748243	      1.02323491525191934137	     -0.35205552918678567620	      0.15984564340634344060	     -0.01353269492612931869	     -0.04529333390315271740	      1.27716310170282976166	      1.27716310170283842140	     -0.25203496683213633123	     -0.00000000000000492406	     -0.00000000000001017591	      0.65232723281452398290	      0.09580368608934422547	     -0.06830970047232155784	      0.49218287492130796679	      0.49218287492130236016	     -0.04688540278516219878	      0.00000000000000361057	     -0.00000000000000296395	      0.04542565840139977523	     -0.01812548475616678617	      0.08618605158528751253	     -0.43014135240533990512	     -0.34416070989750213727	     -0.10010013197483250136	      1.84926774978434060870	      1.43771210907756197273	      0.00000000000000280494	      0.00000000000000070948	     -0.77638126376349148039	     -0.17656226929794086034	     -0.23707921240357446302	      2.03352771379502517135	      1.33085209451893615729	     -0.00000000000000043941	     -0.00000000000000134279
      3.79800000000000004263	     -0.20093424496066286666	     -0.00272195975664563669	      0.08739635065934203695	      0.96196978239696739887	      1.02030263158415523961	     -0.35216123840689084190	      0.17491131309895055490	     -0.02295833653482838230	     -0.04751690368357982391	      1.31304382139298003729	      1.31304382139298914112	     -0.23948759114369122525	     -0.00000000000000498755	     -0.00000000000001031467	      0.65717300942498413363	      0.09979013188821903024	     -0.06779329614860257758	      0.52757731380426886592	      0.52757731380426309276	     -0.02796725581513813397	      0.00000000000000363037	     -0.00000000000000301126	      0.04147236120547151406	     -0.02414926505895061831	      0.07774252317338699314	     -0.43003434044597210750	     -0.34117697259016466216	     -0.10241192325784737038	      1.82462120689681928098	      1.43705523616746910776	      0.00000000000000284493	      0.00000000000000070605	     -0.76225882786048126949	     -0.17706207981228908044	     -0.23700397915099871704	      2.02267681508795815759	      1.33084867872330780969	     -0.00000000000000043552	     -0.00000000000000136421
      3.80200000000000004619	     -0.19889043056788163755	      0.00089136127213341402	      0.08955167210018055712	      0.96111112146972088599	      1.01752747586221237164	     -0.35226632180737177391	      0.18962101551831697654	     -0.03197188869857339050	     -0.04931087369709630241	      1.34743640615807547256	      1.34743640615808435435	     -0.22727288642563023280	     -0.00000000000000505068	     -0.00000000000001045311	      0.66092825232287211179	      0.10405877861174323007	     -0.06532924361645846278	      0.56241669635741431410	      0.56241669635740854094	     -0.00722212391575117237	      0.00000000000000365277	     -0.00000000000000305997	      0.03662973406121759756	     -0.02997632776298340615	      0.06884578721754090747	     -0.42950935263039780043	     -0.33812936939045212803	     -0.10442527706458212822	      1.79938958421937300614	      1.43650680587182977277	      0.00000000000000288483	      0.00000000000000070249	     -0.74707878263068305813	     -0.17765962955854422423	     -0.23649980081585725289	      2.01043057335596841995	      1.33068929045567285741	     -0.00000000000000043159	     -0.00000000000000138577
      3.80600000000000004974	     -0.19648363930137563438	      0.00423135362721210450	      0.09175336241875983734	      0.96020959807358230442	      1.01490708006205787584	     -0.35235562587991670069	      0.20418825975680071627	     -0.04033618384413457936	     -0.05039730199241561348	      1.38020453821799815586	      1.38020453821800725969	     -0.21532323976533832011	     -0.00000000000000511467	     -0.00000000000001059133	      0.66346634731923026518	      0.10836179691899280875	     -0.06130393147952448163	      0.59601900825476661350	      0.59601900825476084034	      0.01481721327048659241	      0.00000000000000367972	     -0.00000000000000309732	      0.03124301534201454414	     -0.03546108301307753646	      0.05970354072615279700	     -0.42873241238063020120	     -0.33507592643802547316	     -0.10607709387643421417	      1.77370519870892673353	      1.43612022850477494273	      0.00000000000000292469	      0.00000000000000069900	     -0.73097178041626942324	     -0.17832174446896131847	     -0.23553247019670980889	      1.99679110794529979245	      1.33037903163649229299	     -0.00000000000000042763	     -0.00000000000000140711
      3.81000000000000005329	     -0.19397239896624771105	      0.00721959359738532421	      0.09376636682103639542	      0.95928475259845535916	      1.01243329805811277389	     -0.35241549604878474877	      0.21889789661517936037	     -0.04786738590966869988	     -0.05051776799461646372	      1.41127919748205399308	      1.41127919748206309691	     -0.20353256082426104956	     -0.00000000000000517919	     -0.00000000000001072991	      0.66474093977677128908	      0.11245321499055145609	     -0.05619759761498684114	      0.62777175742213919829	      0.62777175742213342513	      0.03761655706953995898	      0.00000000000000370742	     -0.00000000000000313183	      0.02570887180657697307	     -0.04049474141359734464	      0.05054888984967179782	     -0.42786377555880517054	     -0.33208171545797271484	     -0.10731756244998780225	      1.74771879132418539449	      1.43594958197056987714	      0.00000000000000296421	      0.00000000000000069551	     -0.71410608680464404685	     -0.17902054948218382169	     -0.23408435976145905433	      1.98180655336218758400	      1.32993220095275699322	     -0.00000000000000042390	     -0.00000000000000142843
      3.81400000000000005684	     -0.19163543963823084781	      0.00981320773991685089	      0.09535890238312071110	      0.95835289846759463828	      1.01009550629682731682	     -0.35243517286202435956	      0.23407634109738584272	     -0.05444546212698973819	     -0.04945747652298912445	      1.44065454265782233456	      1.44065454265783121635	     -0.19177160557090253135	     -0.00000000000000524321	     -0.00000000000001086865	      0.66477776139216349094	      0.11611163482955205728	     -0.05054148912402130212	      0.65715874232841708924	      0.65715874232841120506	      0.06066823993805812304	      0.00000000000000373383	     -0.00000000000000317241	      0.02043994025552807459	     -0.04501012162903555991	      0.04161922042290163576	     -0.42705423609033710264	     -0.32921430208744739687	     -0.10811681570920213258	      1.72160036557747186947	      1.43604502305082415425	      0.00000000000000300366	      0.00000000000000069232	     -0.69667510435822144199	     -0.17973862882270441599	     -0.23215651951941398967	      1.96557651496832597182	      1.32937136993948779029	     -0.00000000000000042065	     -0.00000000000000144982
      3.81800000000000006040	     -0.18974409060363084389	      0.01200387376587511504	      0.09632389429982818330	      0.95742682635688225457	      1.00788362817212817646	     -0.35240766307314652650	      0.25005659747560488038	     -0.06001821031937850520	     -0.04706656653209517760	      1.46837658976828544510	      1.46837658976829432689	     -0.17990764364510167250	     -0.00000000000000530794	     -0.00000000000001100699	      0.66365944904655771452	      0.11915989678443388022	     -0.04487195789317643957	      0.68377840171975046157	      0.68377840171974468841	      0.08351237228573819837	      0.00000000000000375796	     -0.00000000000000321624	      0.01582830883897167265	     -0.04898187981752852999	      0.03313411006818953869	     -0.42644498882623027569	     -0.32653923987573896248	     -0.10846991141450752771	      1.69553931801397039791	      1.43644822910992786547	      0.00000000000000304331	      0.00000000000000068848	     -0.67888274696449546486	     -0.18047241228610549912	     -0.22976950156997649755	      1.94825695291100786655	      1.32872588848462513944	     -0.00000000000000041723	     -0.00000000000000147180
      3.82200000000000006395	     -0.18853604892200290233	      0.01381409191443334038	      0.09649808103199333797	      0.95651584096519626232	      1.00579053090409309412	     -0.35233012410769443123	      0.26714111105415100367	     -0.06459840508772068945	     -0.04327585272548122725	      1.49452531895363360803	      1.49452531895364226777	     -0.16782677690647129776	     -0.00000000000000537247	     -0.00000000000001114602	      0.66150473036866497267	      0.12147877479457498684	     -0.03968571097134276221	      0.70735248182191801103	      0.70735248182191212685	      0.10575072639922154794	      0.00000000000000378124	     -0.00000000000000325587	      0.01221120338113220946	     -0.05242195669026844529	      0.02527498317428723482	     -0.42616849146547602922	     -0.32411629178684930874	     -0.10839927131225327028	      1.66974362767833439669	      1.43718837459537462919	      0.00000000000000308395	      0.00000000000000068455	     -0.66092967931771851031	     -0.18123213123618622800	     -0.22696301569899687833	      1.93006374532706925784	      1.32802996018044749960	     -0.00000000000000041350	     -0.00000000000000149447
      3.82600000000000006750	     -0.18819323267721632664	      0.01529094650836208651	      0.09577684763615941510	      0.95562601536859403950	      1.00381357966706397100	     -0.35220384606517002313	      0.28556708407484271417	     -0.06825454584910176092	     -0.03810514257449057474	      1.51919327519850755337	      1.51919327519851665720	     -0.15545479009435855811	     -0.00000000000000543703	     -0.00000000000001128486	      0.65844505488377869096	      0.12301304000626066271	     -0.03540019006091585374	      0.72772539198903174462	      0.72772539198902608248	      0.12705397057342368572	      0.00000000000000380520	     -0.00000000000000330621	      0.00984246565357050664	     -0.05537089197795754675	      0.01816899098755063793	     -0.42634814975582768781	     -0.32199682186737765832	     -0.10795420734954042086	      1.64443800368627512931	      1.43827894347031293165	      0.00000000000000312539	      0.00000000000000067987	     -0.64300300372343077715	     -0.18203809135470574998	     -0.22379441534466976149	      1.91127352036691555703	      1.32732043028783031069	     -0.00000000000000040986	     -0.00000000000000151805
      3.83000000000000007105	     -0.18882611931928255933	      0.01649758329118452063	      0.09412298164028812253	      0.95476061591659089345	      1.00195529378603298554	     -0.35203391193061217557	      0.30547910838395747612	     -0.07109637296197830747	     -0.03166293239578684554	      1.54246450320657491062	      1.54246450320658357036	     -0.14277204495245399141	     -0.00000000000000550130	     -0.00000000000001142252	      0.65460228286727506486	      0.12376956997211834011	     -0.03232275537501136387	      0.74485535021592785832	      0.74485535021592197413	      0.14716313227986144163	      0.00000000000000382891	     -0.00000000000000335566	      0.00887318420424467076	     -0.05788628776110430613	      0.01187899860901265800	     -0.42709603528969797281	     -0.32022243239268921577	     -0.10720762660180709058	      1.61986097734835032824	      1.43971557556532747668	      0.00000000000000316663	      0.00000000000000067482	     -0.62527072721620957640	     -0.18291435505501033032	     -0.22033605360914024218	      1.89222045233302971212	      1.32663445030388627011	     -0.00000000000000040577	     -0.00000000000000154298
      3.83400000000000007461	     -0.19046610107483305518	      0.01750326956090627467	      0.09156842141440349470	      0.95392068953644071350	      1.00022322879301706067	     -0.35182861569653844924	      0.32691236785157995470	     -0.07325740269452615805	     -0.02413749624073962749	      1.56439665999427446330	      1.56439665999428356713	     -0.12982049578882828844	     -0.00000000000000556562	     -0.00000000000001155971	      0.65007028824279533552	      0.12380898881369342690	     -0.03063133492312100636	      0.75879888911747972458	      0.75879888911747395142	      0.16588608664663551107	      0.00000000000000385295	     -0.00000000000000339645	      0.00934346173192659134	     -0.06003057034412163234	      0.00640048370133741718	     -0.42850920258751667991	     -0.31882455418789129586	     -0.10625030471879841343	      1.59626126767338671897	      1.44147516190484581422	      0.00000000000000320960	      0.00000000000000066843	     -0.60788087049579309085	     -0.18388160478950518750	     -0.21667191618169334699	      1.87328868074720644721	      1.32600719742209594010	     -0.00000000000000040191	     -0.00000000000000156828
      3.83800000000000007816	     -0.19306659042713611441	      0.01837369185329336754	      0.08820896012738713154	      0.95310580126658139832	      0.99862928619273461095	     -0.35159869443224961438	      0.34978811483831845353	     -0.07487757832327876506	     -0.01578057498147563895	      1.58500818492628381406	      1.58500818492629291789	     -0.11670325926249310033	     -0.00000000000000563032	     -0.00000000000001169654	      0.64490249448527414700	      0.12323358776990615826	     -0.03036813931397915056	      0.76969064311776558274	      0.76969064311775969855	      0.18309119189404177153	      0.00000000000000387967	     -0.00000000000000342319	      0.01118597045784650544	     -0.06186074244681424167	      0.00166531291003307576	     -0.43066592706004686031	     -0.31782457998789381826	     -0.10518330136579961964	      1.57389390345179758235	      1.44351642111803535329	      0.00000000000000325372	      0.00000000000000066010	     -0.59096414843962830066	     -0.18495094422089009001	     -0.21289419523625119357	      1.85490087422863281219	      1.32546982787890477162	     -0.00000000000000039807	     -0.00000000000000159430
      3.84200000000000008171	     -0.19651258367752078016	      0.01916300356732202753	      0.08419248490013915565	      0.95231490869649915165	      0.99718864014852892641	     -0.35135639820799946520	      0.37392171370161436661	     -0.07608848904306156347	     -0.00688545715881414520	      1.60427169588650730958	      1.60427169588651641341	     -0.10357756304082495202	     -0.00000000000000569496	     -0.00000000000001183339	      0.63910653538752559832	      0.12217384282110593796	     -0.03144681777158493674	      0.77772047468655114422	      0.77772047468654537106	      0.19870005207433399930	      0.00000000000000390851	     -0.00000000000000344160	      0.01424073181806138032	     -0.06342189789709883063	     -0.00244826218624450689	     -0.43362316886886270728	     -0.31723428884963106311	     -0.10410932029205298421	      1.55301607025937893347	      1.44578205499970668946	      0.00000000000000329533	      0.00000000000000065191	     -0.57463880519628596222	     -0.18611984583831936435	     -0.20910020944882479199	      1.83750367222577537518	      1.32504783318319763197	     -0.00000000000000039394	     -0.00000000000000161905
      3.84600000000000008527	     -0.20063677203031538010	      0.01990838848391288801	      0.07970225543318865125	      0.95154733333446683829	      0.99591846531881322857	     -0.35111442817446447684	      0.39904142956466087666	     -0.07700204940986193902	      0.00223808826217940021	      1.62211368097421448908	      1.62211368097422381496	     -0.09064196447184300065	     -0.00000000000000575891	     -0.00000000000001197055	      0.63264603831657839628	      0.12077485706607163363	     -0.03367136475121407235	      0.78311026687481921638	      0.78311026687481322117	      0.21268000574542808567	      0.00000000000000394403	     -0.00000000000000343277	      0.01827869692232051910	     -0.06474463045245018589	     -0.00610091493428896979	     -0.43741584863404076033	     -0.31705652292521685487	     -0.10312418096544292978	      1.53388189857471579636	      1.44820230143404882206	      0.00000000000000333445	      0.00000000000000064610	     -0.55901600965477460381	     -0.18737076953775053112	     -0.20538959909300624762	      1.82155061508101989709	      1.32475989266335036909	     -0.00000000000000039014	     -0.00000000000000164204
      3.85000000000000008882	     -0.20523965883530945198	      0.02062752243992193105	      0.07493719836553625058	      0.95080373513299176746	      0.99483658718650080921	     -0.35088479822952356457	      0.42481512881591448894	     -0.07770279285167636107	      0.01128928201282347957	      1.63842003874647335060	      1.63842003874648245443	     -0.07811883343780154365	     -0.00000000000000582300	     -0.00000000000001210704	      0.62544885301968144997	      0.11918338491962239545	     -0.03676404193119629793	      0.78609269090864086760	      0.78609269090863476137	      0.22503630411199157524	      0.00000000000000398581	     -0.00000000000000340972	      0.02303086933871541925	     -0.06584555631694337385	     -0.00947470866890758219	     -0.44205790408548284454	     -0.31728616901599876465	     -0.10230953444723313306	      1.51673526468934261047	      1.45069956294941260211	      0.00000000000000337378	      0.00000000000000064393	     -0.54420438238434665212	     -0.18867237678401863055	     -0.20186154803498837507	      1.80748321367625153222	      1.32461726375744182072	     -0.00000000000000038847	     -0.00000000000000166651
      3.85400000000000009237	     -0.21011132263674647813	      0.02131896130203808637	      0.07009146100789184763	      0.95008691819664869982	      0.99396010002889145785	     -0.35067771600043384783	      0.45088178923006327903	     -0.07824366381736551357	      0.01999956366980645828	      1.65304679996240588835	      1.65304679996241543627	     -0.06623346546738080598	     -0.00000000000000588733	     -0.00000000000001224323	      0.61742050760923083974	      0.11753576042809540936	     -0.04039889858461495620	      0.78689384136649431767	      0.78689384136648832246	      0.23580412825815086353	      0.00000000000000402735	     -0.00000000000000338307	      0.02821958444626285201	     -0.06672977096623530779	     -0.01275465132990437518	     -0.44754484131711735895	     -0.31791145312762258968	     -0.10172750176151891532	      1.50180047675245398331	      1.45319366254290138762	      0.00000000000000341814	      0.00000000000000064185	     -0.53031263590386057416	     -0.18998271942550515323	     -0.19861176363220606200	      1.79571129445417065895	      1.32462369241339295023	     -0.00000000000000038702	     -0.00000000000000169317
      3.85800000000000009592	     -0.21505273906297969755	      0.02196499447551188144	      0.06533564388617196794	      0.94940223240747789735	      0.99330396535181686435	     -0.35050061688079409139	      0.47688450498340861916	     -0.07864504155221070658	      0.02815114234879256480	      1.66583513249679149304	      1.66583513249680104096	     -0.05519157767352635136	     -0.00000000000000595202	     -0.00000000000001237948	      0.60846112101082905355	      0.11594705757017670367	     -0.04423695606684000664	      0.78572120686526780720	      0.78572120686526192301	      0.24504146234185394948	      0.00000000000000406900	     -0.00000000000000335871	      0.03358844410420537552	     -0.06739395290821389994	     -0.01611130499906583691	     -0.45385722726531763094	     -0.31891547540549192163	     -0.10141753814608124584	      1.48927165544678041798	      1.45560715749039948363	      0.00000000000000346213	      0.00000000000000063728	     -0.51744973298290164454	     -0.19125354812864331366	     -0.19572896817028295757	      1.78659408068365865851	      1.32477576456715828712	     -0.00000000000000038538	     -0.00000000000000172054
      3.86200000000000009948	     -0.21989479179573162559	      0.02253623617242799318	      0.06080176307795744084	      0.94875740932687946394	      0.99287963313088067885	     -0.35035747665683270036	      0.50250152403472503337	     -0.07889678959274547265	      0.03558897096671100047	      1.67662910417203026014	      1.67662910417204025215	     -0.04515752952515925817	     -0.00000000000000601683	     -0.00000000000001251552	      0.59848349556947588734	      0.11450210550074037263	     -0.04795948933039950735	      0.78275745516260186729	      0.78275745516259587209	      0.25282309827200821761	      0.00000000000000411011	     -0.00000000000000334091	      0.03892769480138434657	     -0.06782926475372728914	     -0.01968606495212060423	     -0.46096428375235176667	     -0.32027786596470964042	     -0.10139562513680756839	      1.47930198709933247159	      1.45787021214592926732	      0.00000000000000350586	      0.00000000000000063207	     -0.50572251828545022878	     -0.19243499359015839301	     -0.19329093001328179202	      1.78042320817539967415	      1.32506360283197999195	     -0.00000000000000038498	     -0.00000000000000174701
      3.86600000000000010303	     -0.22451308306335493459	      0.02299722657242706317	      0.05657336293798106985	      0.94816190088450069684	      0.99269382926103744147	     -0.35024848881384479382	      0.52747163065181190689	     -0.07896319008029743791	      0.04222513354597490914	      1.68529334072840386582	      1.68529334072841385783	     -0.03623683144007004697	     -0.00000000000000608109	     -0.00000000000001265143	      0.58742942360621397402	      0.11324946174157068945	     -0.05129640073641736353	      0.77815876560955898888	      0.77815876560955299368	      0.25923482727756930188	      0.00000000000000415109	     -0.00000000000000333764	      0.04409251607427839420	     -0.06802391687918492302	     -0.02358027621702505142	     -0.46882688532007310567	     -0.32197633658325081063	     -0.10165567201231677508	      1.47199410846645206696	      1.45992470133205332061	      0.00000000000000355005	      0.00000000000000063033	     -0.49523136131843131791	     -0.19348000052418903860	     -0.19136051305299411895	      1.77740864766696415877	      1.32547182664902263305	     -0.00000000000000038386	     -0.00000000000000177253
      3.87000000000000010658	     -0.22883673582936919777	      0.02331224825483750249	      0.05268167273354448094	      0.94762595405516891756	      0.99274773482051303919	     -0.35017015226455117105	      0.55161057895154563813	     -0.07879045670755445430	      0.04803531017582286095	      1.69172741594881359539	      1.69172741594882358740	     -0.02846646369964372925	     -0.00000000000000614552	     -0.00000000000001278723	      0.57528138736918799090	      0.11219955080715253437	     -0.05404727891249703348	      0.77205585375253815705	      0.77205585375253216185	      0.26436582206513792315	      0.00000000000000420085	     -0.00000000000000334522	      0.04901238955145405252	     -0.06796556430552577743	     -0.02784906858582431380	     -0.47739967965726032295	     -0.32398785069235702672	     -0.10217294107176354279	      1.46739284403685221747	      1.46172728925404071809	      0.00000000000000359547	      0.00000000000000062955	     -0.48606446186924229247	     -0.19434813948768286940	     -0.18998233496715966062	      1.77766841306670730916	      1.32598068082776165966	     -0.00000000000000038367	     -0.00000000000000180072
      3.87400000000000011013	     -0.23285019711476670490	      0.02345042454680238558	      0.04910780335735392271	      0.94715965818356107064	      0.99303674662775887061	     -0.35011574334963596611	      0.57481702830961611816	     -0.07831595132821937699	      0.05304834650673248553	      1.69587522409338276042	      1.69587522409339297447	     -0.02181384665049215799	     -0.00000000000000621028	     -0.00000000000001292307	      0.56206814667688509424	      0.11132719619822467605	     -0.05609374223499456052	      0.76455649554282434366	      0.76455649554281834845	      0.26829821193231595533	      0.00000000000000426210	     -0.00000000000000333542	      0.05369090102684365151	     -0.06764346893676785599	     -0.03250022904513902994	     -0.48663237871231063147	     -0.32628921600387034152	     -0.10290917000047272722	      1.46548101083350390539	      1.46325126816294481813	      0.00000000000000364131	      0.00000000000000062933	     -0.47829139124688241358	     -0.19500865666148298194	     -0.18918031068557364383	      1.78122270654126246825	      1.32656724461520147962	     -0.00000000000000038390	     -0.00000000000000182927
      3.87800000000000011369	     -0.23658796415612892705	      0.02338919928173792406	      0.04579020583139818690	      0.94677211994569965281	      0.99355091847294352281	     -0.35007608857261518498	      0.59706803560544130516	     -0.07747766566554138701	      0.05733118764501200781	      1.69772896939272044392	      1.69772896939273065797	     -0.01618275919620459219	     -0.00000000000000627606	     -0.00000000000001305907	      0.54786387003551295649	      0.11057765325114868316	     -0.05740253100052948587	      0.75574906404106600988	      0.75574906404105990365	      0.27109401310505004679	      0.00000000000000432154	     -0.00000000000000331691	      0.05819634585043174241	     -0.06705000383444818801	     -0.03749788401695041545	     -0.49647041639680444813	     -0.32885701009554052510	     -0.10381885601662790841	      1.46617840397403531583	      1.46448698207381022840	      0.00000000000000368520	      0.00000000000000063121	     -0.47195641824635947703	     -0.19544268448755572343	     -0.18895604875431143421	      1.78799291878826926983	      1.32720664410672495315	     -0.00000000000000038610	     -0.00000000000000185515
      3.88200000000000011724	     -0.24012304351146585013	      0.02311562309876103588	      0.04263629991234270389	      0.94647083869028614256	      0.99427606323622308437	     -0.35004054963358482988	      0.61840523387227508412	     -0.07622248756807428749	      0.06097148949866761786	      1.69732786041870142846	      1.69732786041871142046	     -0.01142434316739347755	     -0.00000000000000634187	     -0.00000000000001319516	      0.53278127116932261220	      0.10987486096740528563	     -0.05801966221286836839	      0.74570685602803798986	      0.74570685602803188363	      0.27278055885732710450	      0.00000000000000438898	     -0.00000000000000329790	      0.06264446260157270630	     -0.06618097674929630803	     -0.04277039076033725684	     -0.50685536150596532945	     -0.33166686312128168534	     -0.10485607372990617125	      1.46934398432809310009	      1.46544074745478769550	      0.00000000000000373144	      0.00000000000000063076	     -0.46707221272916338295	     -0.19564451822895115307	     -0.18928802869804403630	      1.79780576521076551622	      1.32787319495082378751	     -0.00000000000000038904	     -0.00000000000000187793
      3.88600000000000012079	     -0.24355126447642641563	      0.02262522738616816811	      0.03953679558021149648	      0.94626129332211050826	      0.99519531452483589451	     -0.34999812751294578916	      0.63891435892683212661	     -0.07451215925978701971	      0.06406004858398861579	      1.69475203628887838292	      1.69475203628888904106	     -0.00735195841522948493	     -0.00000000000000640705	     -0.00000000000001333047	      0.51696043279950010252	      0.10913023527278466196	     -0.05805723022968662522	      0.73449321210898133039	      0.73449321210897500212	      0.27333775607093319104	      0.00000000000000446386	     -0.00000000000000329678	      0.06717619810903673050	     -0.06503430212966321289	     -0.04822130993098779767	     -0.51772576559684790887	     -0.33469226657322542762	     -0.10598111469526780293	      1.47478147494894762382	      1.46613235782471607038	      0.00000000000000377659	      0.00000000000000063150	     -0.46361457619552598475	     -0.19562182095929978032	     -0.19013154554082517533	      1.81040264387238969412	      1.32854145083483277112	     -0.00000000000000039398	     -0.00000000000000189663
      3.89000000000000012434	     -0.24697406166859572907	      0.02191865626110568385	      0.03638105991616926577	      0.94614671056568022678	      0.99629085637297298828	     -0.34993859045884645464	      0.65870135902615756240	     -0.07232622396868948478	      0.06667504368273546866	      1.69011249255899942412	      1.69011249255900986022	     -0.00375883389197407365	     -0.00000000000000647188	     -0.00000000000001346576	      0.50055538624966278149	      0.10825049444450496328	     -0.05767503413004603646	      0.72216740943772916861	      0.72216740943772284034	      0.27269035003960895303	      0.00000000000000454216	     -0.00000000000000331166	      0.07193390670603000414	     -0.06360686027837787748	     -0.05374205788853392285	     -0.52901898636922817243	     -0.33790314227763174060	     -0.10716622875567086148	      1.48224846824145228830	      1.46659138774934394434	      0.00000000000000382273	      0.00000000000000063434	     -0.46151893343484690080	     -0.19539466869489119372	     -0.19141947616052612524	      1.82545400344112196400	      1.32918714935307735736	     -0.00000000000000039944	     -0.00000000000000191056
      3.89400000000000012790	     -0.25048198087381595700	      0.02099715956884104506	      0.03307168442962431232	      0.94612798042001078347	      0.99754556219988643750	     -0.34985351862156727210	      0.67786804746330664440	     -0.06966218235801273362	      0.06886977390054144221	      1.68353811461329194721	      1.68353811461330260535	     -0.00043698022098956091	     -0.00000000000000653681	     -0.00000000000001360078	      0.48371999975144791550	      0.10714423681462564852	     -0.05705938729640302326	      0.70879056851181931886	      0.70879056851181299059	      0.27070639728406720170	      0.00000000000000462007	     -0.00000000000000335195	      0.07703884001657784752	     -0.06189051553575696668	     -0.05922458120409090920	     -0.54067384083173575249	     -0.34126441503530668964	     -0.10839983820491939925	      1.49146830829288901121	      1.46685274585217273469	      0.00000000000000386953	      0.00000000000000064064	     -0.46067951727191036593	     -0.19499355281726510336	     -0.19306408404657207645	      1.84257768432357460497	      1.32978804588069010606	     -0.00000000000000040531	     -0.00000000000000192503
      3.89800000000000013145	     -0.25414070883167250159	      0.01985881021156338591	      0.02953624193918583801	      0.94620372607288683042	      0.99894435429308525709	     -0.34973714059102833929	      0.69649002409774296574	     -0.06653396531114737222	      0.07066526787081960082	      1.67516128561205013270	      1.67516128561206101288	      0.00280463652723373725	     -0.00000000000000660216	     -0.00000000000001373633	      0.46659433001369637894	      0.10572809315048189993	     -0.05640159707360095642	      0.69443017482349311820	      0.69443017482348678993	      0.26720129537028908251	      0.00000000000000468473	     -0.00000000000000339355	      0.08257231903660480765	     -0.05986929011660730576	     -0.06457221921501975215	     -0.55263344935487046516	     -0.34473481660155191886	     -0.10968871380974246077	      1.50214323881096234459	      1.46695213424848902584	      0.00000000000000391587	      0.00000000000000065054	     -0.46095223964071552203	     -0.19445667300915792097	     -0.19496019396837172000	      1.86135946515567640702	      1.33032462457283329194	     -0.00000000000000041132	     -0.00000000000000193936
      3.90200000000000013500	     -0.25798099163494070396	      0.01849679876730148109	      0.02573473025860044741	      0.94637055763320854229	      1.00047515327113067940	     -0.34958686044544406979	      0.71459943201288367298	     -0.06296978442438824763	      0.07204859673417263188	      1.66510383785338067497	      1.66510383785339177720	      0.00612460098963541963	     -0.00000000000000666707	     -0.00000000000001387205	      0.44929277112374066405	      0.10393298826695046566	     -0.05587832341165298311	      0.67916237174734650495	      0.67916237174734006565	      0.26194705563342401966	      0.00000000000000476212	     -0.00000000000000341900	      0.08856259803504944184	     -0.05751919876950409294	     -0.06970739873462671043	     -0.56484777954710330139	     -0.34826609732257157725	     -0.11105781781740857450	      1.51396748127299929365	      1.46692200573136144470	      0.00000000000000396170	      0.00000000000000066094	     -0.46216159163410924782	     -0.19382693943229584166	     -0.19698989001351616124	      1.88137417057042233282	      1.33078068078933076102	     -0.00000000000000041736	     -0.00000000000000195258
      3.90600000000000013856	     -0.26199336957351593291	      0.01689994110092397916	      0.02166216490985319390	      0.94662349211122498449	      1.00212932334271664914	     -0.34940343129290257762	      0.73217487440321493697	     -0.05900986314265813798	      0.07297680573063179688	      1.65346561210327758218	      1.65346561210328846236	      0.00963788714016812834	     -0.00000000000000673187	     -0.00000000000001400800	      0.43189574330001884173	      0.10170996123675524192	     -0.05563554062016631135	      0.66307244723615654802	      0.66307244723615010873	      0.25468749681416996689	      0.00000000000000484066	     -0.00000000000000345643	      0.09497880679080922262	     -0.05481082319584404394	     -0.07457566830877530861	     -0.57727565304888261988	     -0.35180285336552313824	     -0.11254782520121577039	      1.52663956283762880517	      1.46678841131404169573	      0.00000000000000400738	      0.00000000000000066977	     -0.46411076019167107898	     -0.19314910302935600628	     -0.19902847974912252216	      1.90220607662191953935	      1.33114379241154678901	     -0.00000000000000042317	     -0.00000000000000196597
      3.91000000000000014211	     -0.26612835642484866661	      0.01505500702992568045	      0.01734638824520360126	      0.94695647688526696228	      1.00390154799979325340	     -0.34919076019271261258	      0.74914026606571360034	     -0.05470432524110695888	      0.07338580469994013256	      1.64031775732011753099	      1.64031775732012885527	      0.01341025336618638202	     -0.00000000000000679659	     -0.00000000000001414448	      0.41444659526732258170	      0.09903452856301699081	     -0.05577747218941788571	      0.64625455611610993500	      0.64625455611610338469	      0.24516002744870771246	      0.00000000000000491553	     -0.00000000000000348936	      0.10173276704751092747	     -0.05171402881358859449	     -0.07914605302861991987	     -0.58988595765130036330	     -0.35528319566960558928	     -0.11421053990978666248	      1.53987347076757852271	      1.46656901606606382416	      0.00000000000000405292	      0.00000000000000067701	     -0.46659375111037426631	     -0.19246731958215645975	     -0.20095126846413136068	      1.92346752859695246940	      1.33140570182022210943	     -0.00000000000000042852	     -0.00000000000000197969
      3.91400000000000014566	     -0.27030198868562460568	      0.01295040214652343202	      0.01284185005037421709	      0.94736293376274993694	      1.00578915949829750254	     -0.34895537273178273141	      0.76537264941674765240	     -0.05011138412464192365	      0.07320262431791885183	      1.62570138853521783950	      1.62570138853522916378	      0.01745821073001671206	     -0.00000000000000686125	     -0.00000000000001428073	      0.39695447735350175567	      0.09590904615920119169	     -0.05636139802729800419	      0.62881182325685569534	      0.62881182325684914503	      0.23312293175437640014	      0.00000000000000499418	     -0.00000000000000354869	      0.10868835231209214576	     -0.04820406404275678902	     -0.08340818330754835863	     -0.60265785920038783541	     -0.35864037706050355681	     -0.11610278193377471245	      1.55340819846284006189	      1.46627239663170239048	      0.00000000000000409766	      0.00000000000000068424	     -0.46940845080215820584	     -0.19182332942005994592	     -0.20264059870624859250	      1.94481474789973995954	      1.33156259494980799829	     -0.00000000000000043364	     -0.00000000000000199312
      3.91800000000000014921	     -0.27440600832256795139	      0.01058065753278377916	      0.00822069438631819333	      0.94783622677233092535	      1.00779102421645672116	     -0.34870561192260934869	      0.78071736859375984174	     -0.04529581691514351222	      0.07235857400845716048	      1.60963080839973815550	      1.60963080839974947978	      0.02175347939166012365	     -0.00000000000000692616	     -0.00000000000001441684	      0.37940301012326144159	      0.09236304746032758528	     -0.05739874724805329315	      0.61085790863441391529	      0.61085790863440736498	      0.21838559582408401116	      0.00000000000000507210	     -0.00000000000000363210	      0.11567702062477502878	     -0.04426815022086652562	     -0.08736707833457400818	     -0.61557999590653511568	     -0.36180535245125250432	     -0.11827964261505026500	      1.56701523638526896143	      1.46589857119380218009	      0.00000000000000414232	      0.00000000000000069206	     -0.47236960277761946836	     -0.19125537420095037322	     -0.20399252256555391871	      1.96595984638829790470	      1.33161523568143969065	     -0.00000000000000043852	     -0.00000000000000200678
      3.92200000000000015277	     -0.27832148099571574207	      0.00795118810415542353	      0.00356248186434054547	      0.94836997139327505746	      1.00990612910367683064	     -0.34845065675160646901	      0.79500826790483825057	     -0.04032769538403487009	      0.07080113054111464299	      1.59210021748546215470	      1.59210021748547370102	      0.02623075885076700184	     -0.00000000000000699133	     -0.00000000000001455418	      0.36176353586811388352	      0.08845170020142270606	     -0.05886200080603765095	      0.59252007218475422068	      0.59252007218474744832	      0.20083842728157663693	      0.00000000000000515262	     -0.00000000000000370297	      0.12251754139705808844	     -0.03991171003097735565	     -0.09103651572827235749	     -0.62864865017363424915	     -0.36471017410866429787	     -0.12078794784410996910	      1.58050363769459534247	      1.46544064166112653069	      0.00000000000000418700	      0.00000000000000070045	     -0.47532068839640095881	     -0.19079777202334616271	     -0.20492256018335233692	      1.98667834901745399279	      1.33156892173238983190	     -0.00000000000000044316	     -0.00000000000000202015
      3.92600000000000015632	     -0.28193386228992139975	      0.00508286075390074980	     -0.00105630465466036725	      0.94895817179845198819	      1.01213208466387083462	     -0.34819946002676366303	      0.80808975991028053620	     -0.03528138227802338212	      0.06850313683830028255	      1.57309274047456959522	      1.57309274047458114154	      0.03079795610324877891	     -0.00000000000000705639	     -0.00000000000001469182	      0.34401008162738788698	      0.08425286046614278990	     -0.06069547414048609424	      0.57394178046449439989	      0.57394178046448762753	      0.18047794626911869975	      0.00000000000000521789	     -0.00000000000000379916	      0.12903710890822628343	     -0.03516354789084814858	     -0.09443190447405945542	     -0.64186481946630713491	     -0.36729201441415432194	     -0.12366058853741673795	      1.59372250854438446410	      1.46488733919409241935	      0.00000000000000423172	      0.00000000000000070873	     -0.47814380839198694639	     -0.19048077171840208099	     -0.20537026459215235175	      2.00681208018586554331	      1.33143322735659475065	     -0.00000000000000044809	     -0.00000000000000203321
      3.93000000000000015987	     -0.28514729577733965993	      0.00201582014520487740	     -0.00557192184671354614	      0.94959522639496274365	      1.01446377485284200404	     -0.34795971749128540296	      0.81983750170179292560	     -0.03023476408386642153	      0.06546832322378846880	      1.55259059262177023797	      1.55259059262178178429	      0.03534808327023258173	     -0.00000000000000712220	     -0.00000000000001482962	      0.32613282490813227943	      0.07986325139156542907	     -0.06282755637563573747	      0.55528248636925781057	      0.55528248636925081616	      0.15742278118489005934	      0.00000000000000529076	     -0.00000000000000389279	      0.13509090415831978560	     -0.03007936796629950491	     -0.09756358607481430134	     -0.65523022578614475986	     -0.36949746958229412463	     -0.12691225362493160911	      1.60656094399372229020	      1.46422619508797779986	      0.00000000000000427642	      0.00000000000000071664	     -0.48076666807246454249	     -0.19033029699140685542	     -0.20530240242363653747	      2.02626755592477758583	      1.33122151170970193235	     -0.00000000000000045290	     -0.00000000000000204604
      3.93400000000000016342	     -0.28789654873053160955	     -0.00118839880974459886	     -0.00994109101320530056	      0.95027583403765780723	      1.01689231102465216239	     -0.34773697904518630075	      0.83017539460980838140	     -0.02526833964823010925	      0.06173241736849514189	      1.53058547142203460467	      1.53058547142204637304	      0.03977185066155714682	     -0.00000000000000718887	     -0.00000000000001496816	      0.30814832358158877890	      0.07539367139383711114	     -0.06518263804720678123	      0.53671412455688682908	      0.53671412455687983467	      0.13191832569376937823	      0.00000000000000536581	     -0.00000000000000399968	      0.14057795055216076863	     -0.02474277231582791906	     -0.10043155670459096018	     -0.66874269409850239931	     -0.37128667013037475186	     -0.13053695581824867333	      1.61894565065962314776	      1.46344691786648661846	      0.00000000000000432124	      0.00000000000000072434	     -0.48316570059097313505	     -0.19036749606760663966	     -0.20471444873432662059	      2.04501030626725199824	      1.33095022644713623095	     -0.00000000000000045761	     -0.00000000000000205890
      3.93800000000000016698	     -0.29015556657082913761	     -0.00444776076354054181	     -0.01414563043349962440	      0.95099481655562401183	      1.01940438108741848744	     -0.34753401293237906611	      0.83908751979648388275	     -0.02046344929805484630	      0.05735934286500809359	      1.50708846250379147058	      1.50708846250380346099	      0.04396979716264515919	     -0.00000000000000725625	     -0.00000000000001510727	      0.29010611262837893154	      0.07096258373749698978	     -0.06769158312056229587	      0.51841558810945287394	      0.51841558810944565749	      0.10432964107720420210	      0.00000000000000542314	     -0.00000000000000411473	      0.14545184909143210605	     -0.01926265756603435728	     -0.10302264511813252756	     -0.68239167132941835892	     -0.37263662085175258687	     -0.13450759838762851861	      1.63083670798811763980	      1.46254442469749745825	      0.00000000000000436629	      0.00000000000000073183	     -0.48536439039197515344	     -0.19060826658406934686	     -0.20363000834298083941	      2.06305583205106746192	      1.33063810356918810207	     -0.00000000000000046226	     -0.00000000000000207197
      3.94200000000000017053	     -0.29194175277412154346	     -0.00766432789205654264	     -0.01819323869062568211	      0.95174690680505558138	      1.02198207765446857920	     -0.34735051431894592433	      0.84662370747987747421	     -0.01589912865953563986	      0.05243278743495390082	      1.48213821856545147071	      1.48213821856546346112	      0.04786262216329608549	     -0.00000000000000732255	     -0.00000000000001524634	      0.27209131454286750174	      0.06668792562714949412	     -0.07029977228099108799	      0.50056625145687405620	      0.50056625145686695078	      0.07512281665612748072	      0.00000000000000547395	     -0.00000000000000423862	      0.14972536019386706307	     -0.01376655539150238930	     -0.10531083254305910468	     -0.69615471335951906173	     -0.37354315262928883268	     -0.13877763773788553969	      1.64222200744823654261	      1.46152105227267647969	      0.00000000000000441144	      0.00000000000000073909	     -0.48742648369831292898	     -0.19106292699541782554	     -0.20209799676302958593	      2.08045806546587819241	      1.33030528364108513451	     -0.00000000000000046696	     -0.00000000000000208493
      3.94600000000000017408	     -0.29331512129856801563	     -0.01073200183090233795	     -0.02211441890388505041	      0.95252660677677558621	      1.02460329203369360229	     -0.34718319270079839312	      0.85289719650841733234	     -0.01164762785099193385	      0.04704495310437628586	      1.45580501211721768939	      1.45580501211722945776	      0.05139811856410400615	     -0.00000000000000738839	     -0.00000000000001538612	      0.25422244999691878675	      0.06267807844545877916	     -0.07297194872212527106	      0.48333858952433406131	      0.48333858952432695588	      0.04483524477508932932	      0.00000000000000551441	     -0.00000000000000437888	      0.15346815664054994088	     -0.00839079934602725633	     -0.10726070791877750921	     -0.70999563162702949981	     -0.37402089003055788430	     -0.14328461773229275722	      1.65311097293490805171	      1.46038767525409807213	      0.00000000000000445672	      0.00000000000000074625	     -0.48944499285908138475	     -0.19173607160588443388	     -0.20018789457517752184	      2.09729648287603120949	      1.32997237171080162632	     -0.00000000000000047152	     -0.00000000000000209821
      3.95000000000000017764	     -0.29437179746080971432	     -0.01354624431945214598	     -0.02595599550378790976	      0.95332820633818737832	      1.02724272101175051475	     -0.34702622909850833199	      0.85807328902958712735	     -0.00776890736191470418	      0.04128478738437393186	      1.42818835969620461235	      1.42818835969621660276	      0.05455342161566608533	     -0.00000000000000745372	     -0.00000000000001552616	      0.23664375208865329192	      0.05902335234153264359	     -0.07569330799800182141	      0.46688969608971842007	      0.46688969608971120362	      0.01403569853780726497	      0.00000000000000555225	     -0.00000000000000452253	      0.15679754379545893239	     -0.00326894073121201468	     -0.10883360893333447750	     -0.72386469593317925852	     -0.37410086612591830768	     -0.14795520109113324825	      1.66352814776222990290	      1.45916357935347029695	      0.00000000000000450198	      0.00000000000000075358	     -0.49152851481150316992	     -0.19262655309582299434	     -0.19798360548904769818	      2.11366306474715592856	      1.32965939377425024226	     -0.00000000000000047600	     -0.00000000000000211169
      3.95399999999999973710	     -0.29523261136064310461	     -0.01601453498388785354	     -0.02977225882241576332	      0.95414597047636495741	      1.02987338094602454142	     -0.34687203874597610787	      0.86235028359584264823	     -0.00430472867416583499	      0.03522755857502055110	      1.39940847400555878899	      1.39940847400557144553	      0.05733289156745526721	     -0.00000000000000751783	     -0.00000000000001566651	      0.21951269393397662699	      0.05578885946743324109	     -0.07846671815994370192	      0.45135221058198121691	      0.45135221058197394495	     -0.01672210778577309584	      0.00000000000000558489	     -0.00000000000000466715	      0.15986337431020639088	      0.00148024491464203390	     -0.10999546281231775691	     -0.73770057524512344660	     -0.37382607208389723175	     -0.15271113225498270105	      1.67350703456264904290	      1.45787508376822749767	      0.00000000000000454730	      0.00000000000000076090	     -0.49378654697270801810	     -0.19372753533250089419	     -0.19557646724092064838	      2.12965001758097738360	      1.32938473287348712937	     -0.00000000000000048054	     -0.00000000000000212551
      3.95799999999999974065	     -0.29602871302625333172	     -0.01806629364545543973	     -0.03361528043419229755	      0.95497443770268952701	      1.03246839221564035149	     -0.34671222205323393162	      0.86593614089919423993	     -0.00127325112171817632	      0.02892723754811084638	      1.36959415971154396807	      1.36959415971155640257	      0.05976335280240231695	     -0.00000000000000758055	     -0.00000000000001580688	      0.20298473034846631347	      0.05300918394135297612	     -0.08130639868584710328	      0.43682580304910523239	      0.43682580304909796043	     -0.04694638729069592481	      0.00000000000000561853	     -0.00000000000000480703	      0.16282966467954879120	      0.00576389384365629236	     -0.11072488051021399380	     -0.75143310713219257924	     -0.37324584232443225318	     -0.15747540438487928061	      1.68308440532149972135	      1.45655304861971979236	      0.00000000000000459271	      0.00000000000000076835	     -0.49631552819740182292	     -0.19502659930855162362	     -0.19305797903452270869	      2.14533893241238793337	      1.32916421824031183441	     -0.00000000000000048505	     -0.00000000000000213922
      3.96199999999999974420	     -0.29688623988653317642	     -0.01966104204797415947	     -0.03752582641362517402	      0.95580874562283280049	      1.03500279440241493845	     -0.34653857015571354339	      0.86902434941611872432	      0.00133497906802096953	      0.02241276708368853191	      1.33886970747680345006	      1.33886970747681632865	      0.06188810173555015642	     -0.00000000000000764290	     -0.00000000000001594725	      0.18719744781234026743	      0.05068528346574933258	     -0.08422885871083320153	      0.42337055166142012474	      0.42337055166141274176	     -0.07624876651970746710	      0.00000000000000565262	     -0.00000000000000493954	      0.16585531295169292365	      0.00952403881829593825	     -0.11102017139221448394	     -0.76498615602804953539	     -0.37240996860477831865	     -0.16217801648415194893	      1.69229534016403770913	      1.45522951797438082622	      0.00000000000000463851	      0.00000000000000077599	     -0.49918706691193237557	     -0.19650597774644068538	     -0.19051282209091252584	      2.16079203353550308719	      1.32901047592957843868	     -0.00000000000000048959	     -0.00000000000000215324
      3.96599999999999974776	     -0.29791181330893962143	     -0.02079363313144697023	     -0.04152590580213934984	      0.95664487535554354469	      1.03745518617054832688	     -0.34634398527499804521	      0.87177174764411990981	      0.00355887276687001305	      0.01568886208751190531	      1.30734233201541139024	      1.30734233201542471292	      0.06375988970617332829	     -0.00000000000000770594	     -0.00000000000001608839	      0.17225636273730662862	      0.04878418016421095377	     -0.08724263019271950859	      0.41100377667809051552	      0.41100377667808313253	     -0.10437592943985374294	      0.00000000000000568823	     -0.00000000000000506787	      0.16907575058419305192	      0.01274301555121817170	     -0.11090430134341612567	     -0.77828035306422738149	     -0.37136307094915832483	     -0.16676091150598765234	      1.70116933654800495113	      1.45393394900693917471	      0.00000000000000468436	      0.00000000000000078348	     -0.50243937183258557955	     -0.19814313553731430217	     -0.18801275759305691171	      2.17604626127141242975	      1.32893251835540437966	     -0.00000000000000049424	     -0.00000000000000216717
      3.96999999999999975131	     -0.29918038488259213192	     -0.02149557673209932449	     -0.04561374109444958636	      0.95747973562766863775	      1.03980901383134405336	     -0.34612319272559299854	      0.87428060361676374068	      0.00546587042418973743	      0.00874162767747534500	      1.27509121450279061527	      1.27509121450280415999	      0.06543265375897031055	     -0.00000000000000776828	     -0.00000000000001623034	      0.15822442868384400949	      0.04724191236738387728	     -0.09033855605469004457	      0.39970167206693735240	      0.39970167206692991391	     -0.13122799557418615701	      0.00000000000000571880	     -0.00000000000000520333	      0.17258710375430386108	      0.01544406485441362532	     -0.11042709526881225313	     -0.79123576924282545964	     -0.37013957089899857111	     -0.17118176369402243742	      1.70972779705171351594	      1.45268954593722887658	      0.00000000000000473038	      0.00000000000000079124	     -0.50607258232632068573	     -0.19991193948572263950	     -0.18561193405051887306	      2.19111078857397378883	      1.32893548998673982631	     -0.00000000000000049883	     -0.00000000000000218121
      3.97399999999999975486	     -0.30072651689743024050	     -0.02183218148347070356	     -0.04976163030323234315	      0.95831110867327562453	      1.04205338120197366081	     -0.34587318862279531340	      0.87658651071767179630	      0.00714810607588959798	      0.00154848056781480155	      1.24215903596854171376	      1.24215903596855525848	      0.06695231548035961155	     -0.00000000000000783005	     -0.00000000000001637257	      0.14511629213596283217	      0.04596982223064680073	     -0.09348167901094224519	      0.38940577229907846757	      0.38940577229907097356	     -0.15686137189555296456	      0.00000000000000575290	     -0.00000000000000534438	      0.17643430711789195864	      0.01768690939675019239	     -0.10966444977999730004	     -0.80377460044146997742	     -0.36875966008665778118	     -0.17541619122965085298	      1.71798296851266552032	      1.45151016090825280003	      0.00000000000000477622	      0.00000000000000079892	     -0.51004821863715199548	     -0.20178450860835617231	     -0.18334393983029959041	      2.20596772140987917865	      1.32902052862877173567	     -0.00000000000000050388	     -0.00000000000000219488
      3.97799999999999975842	     -0.30253978361339839420	     -0.02189586508819163502	     -0.05391686560351117291	      0.95913755758051422173	      1.04418330572349682406	     -0.34559342868998194076	      0.87865299371123484207	      0.00871598368704062237	     -0.00590890619672339648	      1.20854676702812025013	      1.20854676702813446099	      0.06834748127174417043	     -0.00000000000000789214	     -0.00000000000001651542	      0.13289738286823776781	      0.04486384484287485319	     -0.09660508245151275264	      0.38003309566973370037	      0.38003309566972609534	     -0.18147459048022435146	      0.00000000000000578868	     -0.00000000000000548435	      0.18060449253480895249	      0.01955904298166059180	     -0.10871471916405776870	     -0.81582386620478719585	     -0.36722677230822742267	     -0.17945790512221618251	      1.72593820490673843793	      1.45039816239146368559	      0.00000000000000482186	      0.00000000000000080661	     -0.51429261908881918064	     -0.20373363419280074438	     -0.18122075333539486297	      2.22057498023230737161	      1.32918475462351426408	     -0.00000000000000050922	     -0.00000000000000220843
      3.98199999999999976197	     -0.30456473566323760682	     -0.02179627121923902872	     -0.05800562674706431776	      0.95995835040494237322	      1.04619938245422061662	     -0.34528577636473706258	      0.88037347437276214368	      0.01028967145901903656	     -0.01363032264412798039	      1.17421260918283643093	      1.17421260918285064179	      0.06962120172559048414	     -0.00000000000000795460	     -0.00000000000001665918	      0.12148786553101174890	      0.04381601736935833435	     -0.09960618829295227183	      0.37148889447435001765	      0.37148889447434235711	     -0.20537718192232196079	      0.00000000000000582628	     -0.00000000000000562703	      0.18502659215497715972	      0.02116383242400970630	     -0.10769256210862873657	     -0.82731786192362222199	     -0.36552704931782459274	     -0.18331664481631010366	      1.73358931682612249503	      1.44934357067176966538	      0.00000000000000486702	      0.00000000000000081402	     -0.51870409452274635065	     -0.20573547533978045476	     -0.17923357368673661916	      2.23487051243854040194	      1.32942140139695164081	     -0.00000000000000051463	     -0.00000000000000222161
      3.98599999999999976552	     -0.30670562941263740386	     -0.02164820901397325470	     -0.06193944219552329628	      0.96077335637008798308	      1.04810685969295502851	     -0.34495423071406866589	      0.88158112678666689099	      0.01198917486501974855	     -0.02158381057567735142	      1.13907645163034354496	      1.13907645163035775582	      0.07074554688514214651	     -0.00000000000000801741	     -0.00000000000001680295	      0.11077180540549509680	      0.04272680329959498147	     -0.10234651892316451449	      0.36368171476019239829	      0.36368171476018473776	     -0.22894423371336300455	      0.00000000000000586384	     -0.00000000000000577007	      0.18957744497160838870	      0.02260687371465756185	     -0.10672066186174103408	     -0.83819979680478007289	     -0.36363110599425563230	     -0.18701441020036674301	      1.74092659211382749795	      1.44832461335999296281	      0.00000000000000491176	      0.00000000000000082068	     -0.52316320021528461837	     -0.20777207830893054674	     -0.17735525379296132598	      2.24877748206237804141	      1.32972010038738797100	     -0.00000000000000052016	     -0.00000000000000223454
      3.98999999999999976907	     -0.30883580879581701284	     -0.02155864916974751730	     -0.06562359449889984542	      0.96158283703308533585	      1.04991418284858695209	     -0.34460446041396147754	      0.88206664222126351937	      0.01392380396914619060	     -0.02969593869538278419	      1.10303096605316786061	      1.10303096605318207146	      0.07166056760990242858	     -0.00000000000000807966	     -0.00000000000001694658	      0.10061162602221820905	      0.04151659975882335263	     -0.10465588525749183746	      0.35654045121516397820	      0.35654045121515626215	     -0.25256098153153266894	      0.00000000000000590536	     -0.00000000000000590805	      0.19409407947907630909	      0.02398221009449487406	     -0.10591986120505571256	     -0.84842206770667749627	     -0.36149822682999493972	     -0.19058076371419110928	      1.74793705747594474431	      1.44730973400488438507	      0.00000000000000495608	      0.00000000000000082700	     -0.52754523154245636096	     -0.20983322341017468515	     -0.17554393587963282308	      2.26221027441794220181	      1.33006732642686253953	     -0.00000000000000052583	     -0.00000000000000224714
      3.99399999999999977263	     -0.31081058232929775764	     -0.02161426392281368819	     -0.06896654401594254358	      0.96238710827835216577	      1.05163118692730628290	     -0.34424319401942538033	      0.88160202971444623365	      0.01618228880401176642	     -0.03784704399606714231	      1.06595863786214639646	      1.06595863786216082936	      0.07227768186478276957	     -0.00000000000000814342	     -0.00000000000001709013	      0.09086612960086926094	      0.04013504701297421207	     -0.10634083912103863001	      0.35003151244351393689	      0.35003151244350616533	     -0.27656380891052217974	      0.00000000000000594627	     -0.00000000000000604030	      0.19839046817532593470	      0.02536015551703095158	     -0.10539857523919639315	     -0.85794533894145419417	     -0.35908267550984718230	     -0.19404794029956196066	      1.75460689873725672605	      1.44626087313546536350	      0.00000000000000500024	      0.00000000000000083311	     -0.53173353706625181569	     -0.21191718785904420375	     -0.17374752394635295527	      2.27508107684008242799	      1.33044692966991462413	     -0.00000000000000053208	     -0.00000000000000225901
      3.99799999999999977618	     -0.31248148726735480718	     -0.02187126377438942948	     -0.07188921519369508017	      0.96318611221612238094	      1.05326722874938316643	     -0.34387753826593536743	      0.87996687172572662927	      0.01882510339503579502	     -0.04587205010635882207	      1.02775235724817792793	      1.02775235724819236083	      0.07248618136198847761	     -0.00000000000000820897	     -0.00000000000001723342	      0.08140872586937825117	      0.03856706683138473590	     -0.10719617477119292026	      0.34417281130757854113	      0.34417281130757065855	     -0.30118562834439821518	      0.00000000000000598888	     -0.00000000000000616938	      0.20227583315411062914	      0.02677851821400299703	     -0.10524266040482013751	     -0.86673738543491374298	     -0.35634122624916070299	     -0.19744642840796711170	      1.76092428304967985042	      1.44513764381067422171	      0.00000000000000504426	      0.00000000000000083920	     -0.53563172180880569417	     -0.21403020724847357514	     -0.17190868580466309168	      2.28730665646379804912	      1.33084061318690971554	     -0.00000000000000053847	     -0.00000000000000227060
      4.00199999999999977973	     -0.31371008873665545691	     -0.02234904338636868604	     -0.07433312172322298350	      0.96397895815122769392	      1.05482951888207376889	     -0.34351429860906251834	      0.87697362079293372794	      0.02188008457507537030	     -0.05356691748097847094	      0.98833707786403768303	      0.98833707786405244899	      0.07216188203464263262	     -0.00000000000000827523	     -0.00000000000001737646	      0.07214296847195934836	      0.03683491297047142982	     -0.10701815543128713470	      0.33904204078953370516	      0.33904204078952571155	     -0.32651224241130516468	      0.00000000000000603354	     -0.00000000000000629783	      0.20557193820228930603	      0.02823855149059759789	     -0.10550693650270094592	     -0.87477253361124929221	     -0.35324081966977177727	     -0.20080143949995907238	      1.76688254206841532934	      1.44390194720198383749	      0.00000000000000508838	      0.00000000000000084571	     -0.53917292504322666957	     -0.21618469743040324982	     -0.16997001411909176682	      2.29881459200169269153	      1.33122832036882265960	     -0.00000000000000054528	     -0.00000000000000228148
      4.00600000000000022737	     -0.31438021139095934098	     -0.02302854815957623355	     -0.07626655490241884827	      0.96476351536459836744	      1.05632181137308722718	     -0.34315938059332895538	      0.87248950288342297377	      0.02534164675078821871	     -0.06070016278468459009	      0.94769047839934406063	      0.94769047839935893762	      0.07117826282191902498	     -0.00000000000000834273	     -0.00000000000001751959	      0.06301396185741228728	      0.03499600747063499190	     -0.10561838657042502132	      0.33477856793715043970	      0.33477856793714244610	     -0.35245379103377516561	      0.00000000000000607957	     -0.00000000000000643022	      0.20812794721045071999	      0.02970620810351612753	     -0.10620946181478541082	     -0.88203168591563607670	     -0.34976535324969504348	     -0.20413031148735896747	      1.77248297998154669131	      1.44252248082672607232	      0.00000000000000513243	      0.00000000000000085242	     -0.54232494667994346482	     -0.21839655182638562092	     -0.16787879603909688919	      2.30954758908514357074	      1.33158868108135752806	     -0.00000000000000055199	     -0.00000000000000229291
      4.00999999999999978684	     -0.31440783647200909456	     -0.02385577962346715000	     -0.07768824873287985544	      0.96553614221244898896	      1.05774355048676493851	     -0.34281735308228805659	      0.86645318485809952325	      0.02917343962566635446	     -0.06702851426058326068	      0.90586082295822800692	      0.90586082295824299493	      0.06942074073975870729	     -0.00000000000000841137	     -0.00000000000001766300	      0.05401495644546969177	      0.03313671252410586854	     -0.10283737763337945370	      0.33157917512511231317	      0.33157917512510415303	     -0.37873408237626071671	      0.00000000000000612772	     -0.00000000000000656391	      0.20983201798724698817	      0.03111870373004123336	     -0.10732942469828503362	     -0.88850261332985935869	     -0.34592071908801419466	     -0.20744075855069743497	      1.77773639485927392734	      1.44097858766639275174	      0.00000000000000517698	      0.00000000000000085963	     -0.54509052383025602406	     -0.22068193352263035245	     -0.16559083953212544449	      2.31946454172970728536	      1.33189972599739792081	     -0.00000000000000055894	     -0.00000000000000230468
      4.01400000000000023448	     -0.31374798045933049995	     -0.02474996267801028021	     -0.07862826049344062707	      0.96629160830603455512	      1.05908952863270600098	     -0.34249121704425761203	      0.85888485402394498802	      0.03331386267786656807	     -0.07231504070129371464	      0.86298025615774665020	      0.86298025615776163821	      0.06680332623809248638	     -0.00000000000000848096	     -0.00000000000001780560	      0.04518882083076052741	      0.03136281012149582520	     -0.09855702710461493321	      0.32968808505290070343	      0.32968808505289259880	     -0.40489933645100484316	      0.00000000000000617821	     -0.00000000000000669730	      0.21061899770988956604	      0.03239537026260911473	     -0.10880879965487749717	     -0.89418056578654780964	     -0.34173737466070641666	     -0.21073006956448653293	      1.78266298842682191506	      1.43926303519535991882	      0.00000000000000522093	      0.00000000000000086692	     -0.54750299034730998127	     -0.22305398174729257343	     -0.16307311394528734017	      2.32853834535897386004	      1.33213991559965694300	     -0.00000000000000056575	     -0.00000000000000231617
      4.01799999999999979394	     -0.31239790733784333909	     -0.02561502627870358359	     -0.07914608030658054627	      0.96702325154565349496	      1.06035005931460801776	     -0.34218238293318559151	      0.84988882878527194364	      0.03768355674432818242	     -0.07634744791048574120	      0.81927180040578728715	      0.81927180040580260822	      0.06328557142315388573	     -0.00000000000000855025	     -0.00000000000001794784	      0.03662441404069739087	      0.02978801035382282192	     -0.09271144324144092730	      0.32938187067730312352	      0.32938187067729501889	     -0.43034656061926257475	      0.00000000000000622812	     -0.00000000000000683113	      0.21047374525568521286	      0.03345088624487049106	     -0.11055722621903191216	     -0.89906941779282090188	     -0.33727004654616538071	     -0.21398556302275711927	      1.78729090553041003453	      1.43738345425130842337	      0.00000000000000526550	      0.00000000000000087393	     -0.54961849513078231411	     -0.22551974661551979495	     -0.16030524979544527597	      2.33675176394212069653	      1.33228935920981927943	     -0.00000000000000057269	     -0.00000000000000232752
      4.02200000000000024158	     -0.31039622281601109144	     -0.02635278508752077545	     -0.07932619749983273183	      0.96772336046622431383	      1.06151163838158812958	     -0.34189085605705998860	      0.83964839600760687865	      0.04219402631100582085	     -0.07895453080725090000	      0.77504887154559143347	      0.77504887154560675455	      0.05888755000227620384	     -0.00000000000000861921	     -0.00000000000001808976	      0.02844819793586518195	      0.02852186425803646466	     -0.08529541608880607251	      0.33095025294064428500	      0.33095025294063618038	     -0.45436994356271742657	      0.00000000000000627842	     -0.00000000000000696593	      0.20942982055472028624	      0.03420900384175150355	     -0.11245933139259110811	     -0.90318320665705331685	     -0.33259465945241872831	     -0.21718642457292072767	      1.79165376925232688876	      1.43536227450023057273	      0.00000000000000531068	      0.00000000000000088138	     -0.55150623691839784080	     -0.22807753076764822331	     -0.15728003273176949239	      2.34409266157767515182	      1.33233109442056085747	     -0.00000000000000057979	     -0.00000000000000233965
      4.02599999999999980105	     -0.30781774298065822659	     -0.02687608054208389524	     -0.07927165366613012076	      0.96838370513719240762	      1.06255803238410173606	     -0.34161562686862695370	      0.82841328271941172545	      0.04675653997145524932	     -0.08001919310125125973	      0.73070682303233480681	      0.73070682303235046096	      0.05370016248214823373	     -0.00000000000000868796	     -0.00000000000001823041	      0.02081179474703443583	      0.02765843819335508588	     -0.07636953864468068454	      0.33467438021151263428	      0.33467438021150441863	     -0.47622089342902607090	      0.00000000000000632960	     -0.00000000000000710050	      0.20756351321958627087	      0.03461514228350312528	     -0.11438360212805426253	     -0.90654732974929996825	     -0.32780323204154737660	     -0.22030658323931789910	      1.79578766647335541506	      1.43323512750560766449	      0.00000000000000535710	      0.00000000000000088844	     -0.55323818621417630848	     -0.23071477576145893451	     -0.15400310984518941759	      2.35054936500968691959	      1.33225233067244763774	     -0.00000000000000058705	     -0.00000000000000235363
      4.03000000000000024869	     -0.30476436072949886213	     -0.02712011265307347901	     -0.07909625921055168929	      0.96899616321978410127	      1.06347168468174624323	     -0.34135523185205890462	      0.81648075462155089710	      0.05129045432811307065	     -0.07948680140364428048	      0.68670667780615757270	      0.68670667780617322684	      0.04788843289742070186	     -0.00000000000000875662	     -0.00000000000001836941	      0.01387652671003455386	      0.02726707074004569922	     -0.06606112355225027266	      0.34080436859121615578	      0.34080436859120799564	     -0.49517810434118697538	      0.00000000000000638096	     -0.00000000000000723676	      0.20498351171830270223	      0.03464634229004466548	     -0.11619187873058940685	     -0.90919844595692544953	     -0.32299771880477473607	     -0.22331808294374155821	      1.79972802218136274099	      1.43104781292132554604	      0.00000000000000540320	      0.00000000000000089590	     -0.55487964950268264808	     -0.23340662765210382079	     -0.15049212995492408651	      2.35610664787771417750	      1.33204556834040110935	     -0.00000000000000059423	     -0.00000000000000236760
      4.03399999999999980815	     -0.30135355377659645004	     -0.02705017462924125260	     -0.07891617480021767550	      0.96955313671927667585	      1.06423494022685316551	     -0.34110837858053577598	      0.80417184607569902610	      0.05572956992055227293	     -0.07736801634371123781	      0.64355220922490441460	      0.64355220922492017976	      0.04168697434920257822	     -0.00000000000000882529	     -0.00000000000001850743	      0.00779667221330301256	      0.02738677883684571129	     -0.05456119664520789336	      0.34953846364072871378	      0.34953846364072044262	     -0.51063027677298777895	      0.00000000000000643273	     -0.00000000000000737335	      0.20181714063967090556	      0.03431674266279870905	     -0.11774859650716174020	     -0.91118213980808293595	     -0.31828346556246178700	     -0.22619434960385928490	      1.80350639529985956599	      1.42885221362508252341	      0.00000000000000544836	      0.00000000000000090352	     -0.55648137977014922040	     -0.23611551343726835950	     -0.14677542888841357827	      2.36074212490245693985	      1.33170952479524973278	     -0.00000000000000060164	     -0.00000000000000238028
      4.03800000000000025580	     -0.29770602862156331225	     -0.02666584046910951827	     -0.07884177239412469562	      0.97004800475852515085	      1.06483115331672584247	     -0.34087448279165427634	      0.79180575094821781246	      0.06002725188116090488	     -0.07373641444607351159	      0.60176167221008602937	      0.60176167221010201658	      0.03538787883679895413	     -0.00000000000000889380	     -0.00000000000001864452	      0.00270317835760369111	      0.02802298538380876280	     -0.04211664879138765638	      0.36100563367967358763	      0.36100563367966526096	     -0.52212641401105397421	      0.00000000000000648437	     -0.00000000000000751109	      0.19819594960266143091	      0.03367924146117572820	     -0.11892933046979908829	     -0.91254913086761024754	     -0.31376296592232622018	     -0.22891308688214473399	      1.80714784926308169588	      1.42670149770370957576	      0.00000000000000549325	      0.00000000000000091099	     -0.55807450980891404324	     -0.23879170013686126794	     -0.14289004689247780666	      2.36442441577184458978	      1.33124979398833631627	     -0.00000000000000060936	     -0.00000000000000239191
      4.04199999999999981526	     -0.29393116296311749824	     -0.02599810308811078066	     -0.07896967804792093260	      0.97047685052355858737	      1.06524801880858999148	     -0.34065446444734204245	      0.77967770923213142176	      0.06415771517387336420	     -0.06872134633117316094	      0.56183647350647825114	      0.56183647350649434937	      0.02932177474573344558	     -0.00000000000000896176	     -0.00000000000001878011	     -0.00130505062276551047	      0.02914850659701137894	     -0.02901752044325233565	      0.37526276806726188706	      0.37526276806725356039	     -0.52934378194702991216	      0.00000000000000653547	     -0.00000000000000764957	      0.19424530153056621118	      0.03282112586028446133	     -0.11962862565777565571	     -0.91335272831571989727	     -0.30953015401092631720	     -0.23145829854207689014	      1.81066883601123462810	      1.42464539497911180099	      0.00000000000000553842	      0.00000000000000091849	     -0.55967121155632271190	     -0.24137460005429850485	     -0.13887890780952466541	      2.36711682510485044162	      1.33067915050837060065	     -0.00000000000000061859	     -0.00000000000000240299
      4.04600000000000026290	     -0.29011848787103888814	     -0.02510242701186503333	     -0.07937715349849597257	      0.97083787205882943194	      1.06547713734133298047	     -0.34045074486502008293	      0.76803499098962768610	      0.06811283750804006387	     -0.06249522454565762525	      0.52423066315907129731	      0.52423066315908739554	      0.02383305263024027010	     -0.00000000000000902963	     -0.00000000000001891414	     -0.00417133981324657559	      0.03071026425006408503	     -0.01558887967620403367	      0.39228240839692912756	      0.39228240839692080089	     -0.53224588622600332855	      0.00000000000000658679	     -0.00000000000000778914	      0.19007137184867797797	      0.03185236601223582348	     -0.11976453739370354623	     -0.91364158585576193961	     -0.30566499680344660916	     -0.23382083401301839709	      1.81407459518413793909	      1.42272628313206617179	      0.00000000000000558426	      0.00000000000000092590	     -0.56126470156072283402	     -0.24379682963413060182	     -0.13478831786075615162	      2.36877666532654806986	      1.33001731244899756845	     -0.00000000000000062924	     -0.00000000000000241425
      4.04999999999999982236	     -0.28633085843128774917	     -0.02404948613707314289	     -0.08011768101874983117	      0.97113145364538489002	      1.06551437249168845511	     -0.34026714310101174865	      0.75705985137811404595	      0.07189745846263551066	     -0.05526037723586269684	      0.48932315295577516467	      0.48932315295579131842	      0.01924959011835258860	     -0.00000000000000909730	     -0.00000000000001904700	     -0.00588407582011719280	      0.03263672174247408964	     -0.00217491771121714351	      0.41196046263395263987	      0.41196046263394425768	     -0.53103669386363261395	      0.00000000000000663786	     -0.00000000000000792963	      0.18575334934704482159	      0.03089241478064332774	     -0.11928238695761952948	     -0.91345601518168118016	     -0.30222912223108566732	     -0.23599818886720755340	      1.81735844780745470217	      1.42097592345623868759	      0.00000000000000563081	      0.00000000000000093301	     -0.56283256745245324737	     -0.24598909607767219243	     -0.13066511379042891616	      2.36935894304416727607	      1.32929008873977472227	     -0.00000000000000063990	     -0.00000000000000242629
      4.05400000000000027001	     -0.28260019641964639892	     -0.02291384931459184218	     -0.08121877383167346032	      0.97136016999225804902	      1.06535999687427995752	     -0.34010846340142936173	      0.74685825207288913941	      0.07552254195918044199	     -0.04723553579528203678	      0.45739558991640200114	      0.45739558991641826591	      0.01584957594752715165	     -0.00000000000000916471	     -0.00000000000001917879	     -0.00647537346054701413	      0.03484674079167864036	      0.01087623477746082340	      0.43412641445116484373	      0.43412641445115635053	     -0.52614619680095187082	      0.00000000000000668890	     -0.00000000000000807016	      0.18133870143514221884	      0.03005480075280202515	     -0.11815624157486423473	     -0.91282596763667223083	     -0.29926246068267620126	     -0.23799321610787482761	      1.82050223028745605802	      1.41941352563535772013	      0.00000000000000567770	      0.00000000000000094013	     -0.56434176647439360242	     -0.24788615844492303819	     -0.12655414091568492618	      2.36882162891489844725	      1.32852785658683414383	     -0.00000000000000065071	     -0.00000000000000243929
      4.05799999999999982947	     -0.27892655799906457270	     -0.02176309580966680549	     -0.08268191095451471462	      0.97152858625711635554	      1.06501843064592560673	     -0.33997983502874506989	      0.73745550289682393341	      0.07899768511334813448	     -0.03864425914742773693	      0.42861814196253128495	      0.42861814196254771625	      0.01382923369593441580	     -0.00000000000000923198	     -0.00000000000001930917	     -0.00601558510301695559	      0.03725810103952990199	      0.02322791034547592656	      0.45855877100574060634	      0.45855877100573200211	     -0.51819504131643057132	      0.00000000000000673976	     -0.00000000000000821124	      0.17684187742325666037	      0.02943235259752296704	     -0.11638849882459478824	     -0.91177035433077324722	     -0.29678149246369195380	     -0.23981209844254550156	      1.82347834482382431531	      1.41804513603954185363	      0.00000000000000572436	      0.00000000000000094726	     -0.56575459422302309953	     -0.24943302027205566107	     -0.12249624566538394599	      2.36713179483321889407	      1.32776351900076550194	     -0.00000000000000066115	     -0.00000000000000245347
      4.06200000000000027711	     -0.27528051510021100956	     -0.02064898089786730562	     -0.08448442655065756257	      0.97164286825410706161	      1.06449760036975993316	     -0.33988590957982101060	      0.72879923496510423675	      0.08232422804862522814	     -0.02970662979463973771	      0.40304466254572951511	      0.40304466254574600192	      0.01327511042407726258	     -0.00000000000000929939	     -0.00000000000001943811	     -0.00460424782676779540	      0.03979432916310705198	      0.03456966013216299094	      0.48500426677939728615	      0.48500426677938868192	     -0.50794148535292094060	      0.00000000000000679064	     -0.00000000000000835278	      0.17224652490704894792	      0.02908516214893646853	     -0.11400774664685944804	     -0.91029719953275778366	     -0.29477951054426543287	     -0.24146190003222292586	      1.82625336570777796474	      1.41686436104533153291	      0.00000000000000577100	      0.00000000000000095451	     -0.56703506907868295173	     -0.25059050522473436118	     -0.11852687060052735646	      2.36427190252392271930	      1.32703010192338655138	     -0.00000000000000067200	     -0.00000000000000246783
      4.06599999999999983658	     -0.27160862553563669408	     -0.01960184048045061217	     -0.08658296851240039615	      0.97171026037511498696	      1.06380798363097972548	     -0.33983003285575646979	      0.72076942806933419483	      0.08549023107456064918	     -0.02063462063413241607	      0.38061766810625774493	      0.38061766810627434277	      0.01414449945039819752	     -0.00000000000000936627	     -0.00000000000001956653	     -0.00235848252480258492	      0.04238879339104359434	      0.04463030080519850978	      0.51319866237167865997	      0.51319866237167000023	     -0.49621590538174936702	      0.00000000000000684165	     -0.00000000000000849557	      0.16751117950957364333	      0.02903293829454654112	     -0.11106508684332107306	     -0.90840454766869516146	     -0.29322888958596510234	     -0.24294812221889577897	      1.82879255979718902125	      1.41585432749275152986	      0.00000000000000581738	      0.00000000000000096176	     -0.56815495533839843745	     -0.25133951281052435700	     -0.11467510425944524299	      2.36024530367486828908	      1.32635817578346504320	     -0.00000000000000068312	     -0.00000000000000248134
      4.07000000000000028422	     -0.26784156254814239784	     -0.01862903845623539376	     -0.08891802299630063855	      0.97173850942565920263	      1.06296142470410592829	     -0.33981351778652657547	      0.71319465729291930955	      0.08846840413118409185	     -0.01163098483395427762	      0.36118283771720716135	      0.36118283771722381470	      0.01625696881644976208	     -0.00000000000000943318	     -0.00000000000001969564	      0.00059987984947853644	      0.04498527251584483189	      0.05318828670604647951	      0.54288676396618862352	      0.54288676396617996378	     -0.48384915468750117062	      0.00000000000000689340	     -0.00000000000000863894	      0.16257811075555553271	      0.02925302141520060017	     -0.10762921702375331801	     -0.90608221774343733479	     -0.29208512207649384163	     -0.24427269334609133522	      1.83106446048974436103	      1.41499069040319236379	      0.00000000000000586334	      0.00000000000000096884	     -0.56909853084448247529	     -0.25168338478129531621	     -0.11096296715132539235	      2.35508000062179290168	      1.32577330875301635515	     -0.00000000000000069398	     -0.00000000000000249444
      4.07399999999999984368	     -0.26390399524827751199	     -0.01771772899706164708	     -0.09141899292872993077	      0.97173527869752529540	      1.06196984141558781189	     -0.33983513591202407778	      0.70587298475672421993	      0.09121763710536934244	     -0.00289110908578939750	      0.34451190693025007805	      0.34451190693026689793	      0.01929879158955957047	     -0.00000000000000950017	     -0.00000000000001982455	      0.00415698704502325770	      0.04753474640347547797	      0.06007900514505064293	      0.57383970432076458756	      0.57383970432075570578	     -0.47160167455983170726	      0.00000000000000694505	     -0.00000000000000878275	      0.15738415740776731666	      0.02968466804554365304	     -0.10378076433907809650	     -0.90331424795556636287	     -0.29129230572407377453	     -0.24543270168640224371	      1.83304481780600903029	      1.41424530315697460914	      0.00000000000000590900	      0.00000000000000097599	     -0.56986539046729089986	     -0.25164800718515856204	     -0.10740488659406438599	      2.34882999860345575982	      1.32529380734897062055	     -0.00000000000000070517	     -0.00000000000000250708
      4.07800000000000029132	     -0.25972486492731605701	     -0.01684173769334613296	     -0.09400933810426509440	      0.97170756847521666533	      1.06084398341598928894	     -0.33989092375460161488	      0.69859527892661299475	      0.09368832535964674579	      0.00539307242443935395	      0.33033205499738721445	      0.33033205499740420086	      0.02284101198004970940	     -0.00000000000000956668	     -0.00000000000001995423	      0.00821788595326647560	      0.04998872858221976856	      0.06519909451389546695	      0.60586794523134213097	      0.60586794523133336021	     -0.46010080111605106135	      0.00000000000000699646	     -0.00000000000000892668	      0.15187162751022109664	      0.03023954084733413913	     -0.09960652913637041417	     -0.90008167502294234019	     -0.29078965433946635244	     -0.24642005737633707052	      1.83471943648785740244	      1.41358998610858188627	      0.00000000000000595434	      0.00000000000000098308	     -0.57047076375396399417	     -0.25127948924151150001	     -0.10400747910065015478	      2.34157385524181904657	      1.32492904843315217889	     -0.00000000000000071626	     -0.00000000000000251969
      4.08199999999999985079	     -0.25524690155046864115	     -0.01597179324498041939	     -0.09661138639863690869	      0.97166117138490393224	      1.05959237227029423600	     -0.33997436369944938894	      0.69116878854273966493	      0.09583104837919878549	      0.01302834398725204526	      0.31835939129165996553	      0.31835939129167711847	      0.02637073546476085412	     -0.00000000000000963305	     -0.00000000000002008395	      0.01271447057896865802	      0.05229006260789113153	      0.06850798959094099583	      0.63882887219982786853	      0.63882887219981898674	     -0.44979258529546228829	      0.00000000000000704721	     -0.00000000000000907072	      0.14599769055237099558	      0.03081753189753712666	     -0.09519416945868405810	     -0.89636527703171575698	     -0.29051851850624821338	     -0.24722214747170787041	      1.83608558902097351861	      1.41299985291945784383	      0.00000000000000599904	      0.00000000000000099010	     -0.57094312025312710102	     -0.25063951530747696772	     -0.10076973255594973145	      2.33341035997095813670	      1.32467866313467297346	     -0.00000000000000072752	     -0.00000000000000253202
      4.08600000000000029843	     -0.25043474534443088686	     -0.01508738124530674407	     -0.09915060932657369930	      0.97160021569481658243	      1.05822049350075508833	     -0.34007693299528618525	      0.68343911521315969804	      0.09760720068422630569	      0.01981648318144203780	      0.30833341701498184761	      0.30833341701499916709	      0.02933377267100348643	     -0.00000000000000969984	     -0.00000000000002021515	      0.01761005875131149007	      0.05436304325568877549	      0.07002699985784749392	      0.67262847947298975981	      0.67262847947298098905	     -0.44091200549580245038	      0.00000000000000709840	     -0.00000000000000921488	      0.13974165026654530863	      0.03132572067043425112	     -0.09062749050016749575	     -0.89214788979542403169	     -0.29042928685494523444	     -0.24782336443238234258	      1.83715193471548610127	      1.41245575345161111791	      0.00000000000000604328	      0.00000000000000099700	     -0.57131940396388347647	     -0.24979885715109964583	     -0.09768356074917224074	      2.32445180401536255488	      1.32453272183414516583	     -0.00000000000000073901	     -0.00000000000000254391
      4.08999999999999985789	     -0.24528123165351597978	     -0.01418815503301413920	     -0.10155923749566549141	      0.97152685149764683725	      1.05673028152515446898	     -0.34018896905125867169	      0.67530892286119570400	      0.09899975406433954295	      0.02555343565976020415	      0.30004908125578305667	      0.30004908125580037614	      0.03118574281595632575	     -0.00000000000000976739	     -0.00000000000002034601	      0.02290062366768001387	      0.05610509726124860569	      0.06983621331838500701	      0.70721711630069872268	      0.70721711630068995191	     -0.43347395966550378299	      0.00000000000000714941	     -0.00000000000000935937	      0.13310991443659014877	      0.03169768906780440210	     -0.08598238243746030018	     -0.88741599841882978783	     -0.29048745619215993186	     -0.24820727242824552894	      1.83793698750563661015	      1.41194549983543105043	      0.00000000000000608756	      0.00000000000000100388	     -0.57163853165628952802	     -0.24882974558870407655	     -0.09473465705809547277	      2.31481553484294755307	      1.32447299062084344889	     -0.00000000000000075017	     -0.00000000000000255551
      4.09400000000000030553	     -0.23981130070328074422	     -0.01330298094423559147	     -0.10377903117441152070	      0.97144109726806715521	      1.05511993006138737883	     -0.34030076078681575913	      0.66675176614962350374	      0.10002228991674314007	      0.03003259286669686737	      0.29338312379733549884	      0.29338312379735292934	      0.03144676027675637892	     -0.00000000000000983517	     -0.00000000000002047635	      0.02861300376733738951	      0.05738208691209544660	      0.06806945082141241388	      0.74258026238833374499	      0.74258026238832497423	     -0.42728513029949954927	      0.00000000000000720063	     -0.00000000000000950380	      0.12613834178516405982	      0.03191034320639522803	     -0.08132360682201918156	     -0.88216048610042396838	     -0.29067817462054174049	     -0.24835902406112861374	      1.83846613586601326240	      1.41146380795414083664	      0.00000000000000613168	      0.00000000000000101077	     -0.57193396729641732268	     -0.24779795677626254014	     -0.09190361625115460453	      2.30461446123534141606	      1.32447518500831207255	     -0.00000000000000076191	     -0.00000000000000256773
      4.09799999999999986500	     -0.23408272644093031101	     -0.01249474917877659540	     -0.10576269493076871642	      0.97134083429993656189	      1.05338406290671127152	     -0.34040376314156467474	      0.65781889244462921074	      0.10072413451624304126	      0.03305221590268944687	      0.28831062680782154617	      0.28831062680783925423	      0.02975871091840639679	     -0.00000000000000990304	     -0.00000000000002060655	      0.03480039018824015312	      0.05802926209790075507	      0.06490777384283873130	      0.77872615594989613719	      0.77872615594988736643	     -0.42197460334867287202	      0.00000000000000725215	     -0.00000000000000964808	      0.11889129319833227627	      0.03199518286999319949	     -0.07670302089544639434	     -0.87637664638562007280	     -0.29100856526498902754	     -0.24826749502004144543	      1.83876723755979321062	      1.41101113452058490871	      0.00000000000000617521	      0.00000000000000101770	     -0.57222636134919957485	     -0.24675567745093518468	     -0.08916736387910988160	      2.29394721983685023758	      1.32451197151718602640	     -0.00000000000000077387	     -0.00000000000000257935
      4.10200000000000031264	     -0.22818794118873433896	     -0.01186066756600439275	     -0.10747631680601207882	      0.97122078467209471686	      1.05151557134322937159	     -0.34049185505884232983	      0.64864259467868401465	      0.10119279850384005348	      0.03442275813749924585	      0.28491565400805241026	      0.28491565400807022934	      0.02582863395079143531	     -0.00000000000000997100	     -0.00000000000002073654	      0.04153730942759800704	      0.05785792792344846697	      0.06056859559107046626	      0.81567309970268975228	      0.81567309970268098152	     -0.41703994634891011772	      0.00000000000000730369	     -0.00000000000000979256	      0.11145815387696678123	      0.03204386197193536540	     -0.07215614006990513085	     -0.87006298220035171997	     -0.29151038061022349623	     -0.24792751532689336069	      1.83886600496795660220	      1.41059151850013431151	      0.00000000000000621872	      0.00000000000000102458	     -0.57251838546947564357	     -0.24573539123087553837	     -0.08650074660743918564	      2.28288826483790785460	      1.32455690814053861359	     -0.00000000000000078601	     -0.00000000000000259123
      4.10599999999999987210	     -0.22224272282012100255	     -0.01152463495214792362	     -0.10889367880097836072	      0.97107381580678986399	      1.04950569987407349437	     -0.34056236727211791626	      0.63941962219869785677	      0.10154788345916895831	      0.03400314825251777445	      0.28337921505723900895	      0.28337921505725699456	      0.01974843614511690576	     -0.00000000000001003922	     -0.00000000000002086660	      0.04890782434522078503	      0.05667100100562390275	      0.05530244805897286536	      0.85343402562591041960	      0.85343402562590153781	     -0.41190359323677278036	      0.00000000000000735526	     -0.00000000000000993821	      0.10394375477829730092	      0.03220042557014294454	     -0.06770806092684239497	     -0.86322017704124698323	     -0.29223493302893305268	     -0.24733966159459577772	      1.83878008692098360299	      1.41021025282986012250	      0.00000000000000626218	      0.00000000000000103142	     -0.57279112079638960786	     -0.24474788063732993981	     -0.08387908932207310819	      2.27148205612890619065	      1.32458697843552952733	     -0.00000000000000079830	     -0.00000000000000260324
      4.11000000000000031974	     -0.21638208220252633240	     -0.01162864794033074967	     -0.11000131956139191924	      0.97089106159026339338	      1.04734467733684755153	     -0.34061637210145601085	      0.63040861364712874604	      0.10193162877412097200	      0.03169470976474636492	      0.28396848643340238949	      0.28396848643342048613	      0.01170917245081895368	     -0.00000000000001010831	     -0.00000000000002099859	      0.05700475711200363171	      0.05427818079998227713	      0.04937851858867839394	      0.89200421970477794531	      0.89200421970476917455	     -0.40597415020066435210	      0.00000000000000740627	     -0.00000000000001008520	      0.09646531603174211822	      0.03265338690864561660	     -0.06337035828367472423	     -0.85585100520641732569	     -0.29324618958913700739	     -0.24651050507013924640	      1.83851141069983770038	      1.40987065103037911840	      0.00000000000000630547	      0.00000000000000103890	     -0.57299932638595085788	     -0.24378029849530716278	     -0.08127814056969724643	      2.25973534768979700260	      1.32458726889756905898	     -0.00000000000000081093	     -0.00000000000000261468
      4.11399999999999987921	     -0.21075055194300421069	     -0.01231784346758416603	     -0.11079557014206671550	      0.97066206241552221989	      1.04502366311247207875	     -0.34065889129017423720	      0.62190838094001976710	      0.10249523183021128081	      0.02746867408362083096	      0.28701008630581104075	      0.28701008630582941494	      0.00211924224996701315	     -0.00000000000001017720	     -0.00000000000002113237	      0.06592086347826514592	      0.05051851453362489475	      0.04307750143465282483	      0.93134977825279574581	      0.93134977825278686403	     -0.39870628214999487282	      0.00000000000000745639	     -0.00000000000001023352	      0.08914268703106412173	      0.03361552856455562316	     -0.05914476586385381679	     -0.84796014703184796613	     -0.29461321793814460035	     -0.24545169744677888812	      1.83804288029096918322	      1.40957126746213967650	      0.00000000000000634843	      0.00000000000000104646	     -0.57307389681828957428	     -0.24279936409751612381	     -0.07867578152241440359	      2.24761669079272552452	      1.32455329063244464649	     -0.00000000000000082382	     -0.00000000000000262579
      4.11800000000000032685	     -0.20549233211660442033	     -0.01372376858819252497	     -0.11128155662103945966	      0.97037537268107088018	      1.04253623617553725644	     -0.34069852229263358767	      0.61423750443556435208	      0.10338235396016627610	      0.02138034525837883074	      0.29285711625330923535	      0.29285711625332766506	     -0.00842125606108458900	     -0.00000000000001024528	     -0.00000000000002126512	      0.07574471774129856727	      0.04528254188740685887	      0.03668225613416052633	      0.97139993044871664196	      0.97139993044870776018	     -0.38965312071463109600	      0.00000000000000750833	     -0.00000000000001038126	      0.08209184889645852745	      0.03530041364516604135	     -0.05502535710311103750	     -0.83955384787034925687	     -0.29640100034967920006	     -0.24417846895656439288	      1.83733588034543315892	      1.40930344833854737097	      0.00000000000000639087	      0.00000000000000105380	     -0.57292665025646283272	     -0.24175603544817816926	     -0.07605258392059022210	      2.23505873358036044607	      1.32449282560710623891	     -0.00000000000000083690	     -0.00000000000000263648
      4.12199999999999988631	     -0.20074137057822633023	     -0.01594680655524010129	     -0.11147186594585230257	      0.97001941073313424635	      1.03987985641609004261	     -0.34074663683430483907	      0.60771220024325800502	      0.10471156814064115637	      0.01357920571790261800	      0.30185119975997554143	      0.30185119975999413766	     -0.01915636243317114101	     -0.00000000000001031235	     -0.00000000000002140253	      0.08655870318016889442	      0.03853275933321272800	      0.03046821530021050911	      1.01204395066446273255	      1.01204395066445362872	     -0.37850618184992201876	      0.00000000000000756138	     -0.00000000000001053057	      0.07542007954457347063	      0.03789625929105135821	     -0.05100087464072228238	     -0.83063987639523850781	     -0.29866098811454899753	     -0.24270753367027278480	      1.83632997175312184801	      1.40904973944820444132	      0.00000000000000643308	      0.00000000000000106105	     -0.57245802072826312834	     -0.24059208022424269369	     -0.07339188469591952091	      2.22196430973867897762	      1.32442648671453544473	     -0.00000000000000085023	     -0.00000000000000264699
      4.12600000000000033396	     -0.19661214332540083438	     -0.01903991614202442742	     -0.11138500487701764874	      0.96958343546323533246	      1.03705717430560784287	     -0.34081626403594122987	      0.60262361821335197476	      0.10655997032468887686	      0.00431216209193402769	      0.31428263410146883849	      0.31428263410148749024	     -0.02922642110173477234	     -0.00000000000001038249	     -0.00000000000002154294	      0.09843819963343040935	      0.03031967693983935244	      0.02469373300277186156	      1.05313221072891693986	      1.05313221072890828012	     -0.36512032920479309261	      0.00000000000000761347	     -0.00000000000001068077	      0.06922234864714538194	      0.04154036387788199308	     -0.04705688632825724693	     -0.82122725081701331007	     -0.30142260083999228293	     -0.24105472710267050740	      1.83494490755819472660	      1.40878352191445066488	      0.00000000000000647508	      0.00000000000000106862	     -0.57156676821445651093	     -0.23924756819285100673	     -0.07067957513411221582	      2.20821540322069598261	      1.32438687988256953432	     -0.00000000000000086399	     -0.00000000000000265678
      4.12999999999999989342	     -0.19319191502057564414	     -0.02299591176272195239	     -0.11104370945035560436	      0.96905844314430922282	      1.03407702336801299303	     -0.34092080522294726519	      0.59921536907930583737	      0.10895033396897092770	     -0.00608172365272927236	      0.33035216223584179529	      0.33035216223586055806	     -0.03773355270984248694	     -0.00000000000001045479	     -0.00000000000002168281	      0.11145050700083394823	      0.02079089855789023611	      0.01959075411410254527	      1.09448038710289186071	      1.09448038710288275688	     -0.34952264056397680525	      0.00000000000000766653	     -0.00000000000001083222	      0.06357798740621514733	      0.04629739351044448448	     -0.04317756638339718261	     -0.81132503534572975035	     -0.30468685827677055578	     -0.23923275578302233280	      1.83308491787681115959	      1.40847016355879195437	      0.00000000000000651695	      0.00000000000000107630	     -0.57016056341644016925	     -0.23766827521260147638	     -0.06790388548340840769	      2.19368376941176945749	      1.32441632800978359441	     -0.00000000000000087839	     -0.00000000000000266661
      4.13400000000000034106	     -0.19053549056613378054	     -0.02774018591706596884	     -0.11047322319352548270	      0.96843777625733484804	      1.03095483303772272876	     -0.34107273081387678992	      0.59766254496855331091	      0.11184386880784188967	     -0.01718548317243879381	      0.35013814619934263694	      0.35013814619936145522	     -0.04381476294507544861	     -0.00000000000001052402	     -0.00000000000002182079	      0.12565270306053288873	      0.01019126361653093470	      0.01535615303991297309	      1.13587609373230802312	      1.13587609373229891929	     -0.33190534611061739412	      0.00000000000000771875	     -0.00000000000001098464	      0.05854723281822776793	      0.05214445924449363778	     -0.03934686169758820629	     -0.80093969125471897730	     -0.30842308430221881954	     -0.23724947806812821116	      1.83064480127533002474	      1.40806960483316712107	      0.00000000000000655883	      0.00000000000000108406	     -0.56816619788300903870	     -0.23581217183126010339	     -0.06505519694115281804	      2.17824193578705127550	      1.32456331613638678135	     -0.00000000000000089245	     -0.00000000000000267655
      4.13799999999999990052	     -0.18866332108279398883	     -0.03313048741354887583	     -0.10969972856790288773	      0.96771734006904419623	      1.02771218947406306476	     -0.34128239434883339554	      0.59805415250608906508	      0.11514025675345501698	     -0.02852679957730196864	      0.37357300565797924019	      0.37357300565799828052	     -0.04671420009449407662	     -0.00000000000001059736	     -0.00000000000002196451	      0.14108846716532205678	     -0.00114733113319744561	      0.01214416184897553451	      1.17708738434179438492	      1.17708738434178528109	     -0.31260431229390961416	      0.00000000000000777168	     -0.00000000000001113747	      0.05416804189169874967	      0.05896553149801189719	     -0.03554883172012071602	     -0.79007097517112701013	     -0.31256919798272220223	     -0.23510716027928807437	      1.82751698533292405990	      1.40753995099532969171	      0.00000000000000660037	      0.00000000000000109184	     -0.56553819661876170155	     -0.23365433680226327384	     -0.06212566316234040265	      2.16177344778049329577	      1.32487800781277709206	     -0.00000000000000090649	     -0.00000000000000268590
      4.14200000000000034817	     -0.18756294784414445642	     -0.03896448282074410630	     -0.10874910181311757407	      0.96689546679067417401	      1.02437549832859642329	     -0.34155706718784278886	      0.60038076667371820250	      0.11868557897170003979	     -0.03960734084763618823	      0.40043159828829283375	      0.40043159828831192959	     -0.04584612370065015846	     -0.00000000000001067204	     -0.00000000000002211202	      0.15778420993958316987	     -0.01282656567300554697	      0.01006026279775618266	      1.21787235931840287506	      1.21787235931839377123	     -0.29206549426268413328	      0.00000000000000782350	     -0.00000000000001128960	      0.05045373945914241598	      0.06655651898691344881	     -0.03176716369076236501	     -0.77870711022513838806	     -0.31703541980483607166	     -0.23280289009446433757	      1.82359866471236120589	      1.40684161712612798567	      0.00000000000000664189	      0.00000000000000109953	     -0.56226480402756662258	     -0.23118985785950568745	     -0.05910852589574935173	      2.14418154574546226954	      1.32540724539542931204	     -0.00000000000000092057	     -0.00000000000000269567
      4.14599999999999990763	     -0.18719272860672270253	     -0.04499425114559557626	     -0.10764598306739561751	      0.96597258208372693833	      1.02097402491212063680	     -0.34190027683056678498	      0.60452855293582519192	      0.12228685865129294841	     -0.04993618298108426501	      0.43033209676749040185	      0.43033209676750955319	     -0.04084264544995067775	     -0.00000000000001073969	     -0.00000000000002225552	      0.17574493103429733587	     -0.02441071557135542427	      0.00915713671526355473	      1.25798887074127607733	      1.25798887074126697350	     -0.27080331966104276287	      0.00000000000000787302	     -0.00000000000001144158	      0.04739175142779077782	      0.07464023150855704503	     -0.02798420366751060151	     -0.76682066751502286905	     -0.32171051908500380989	     -0.23032987164452797813	      1.81879831805366354303	      1.40594160043947091765	      0.00000000000000668314	      0.00000000000000110696	     -0.55837060404062477392	     -0.22843458911893288477	     -0.05599736168101900058	      2.12539575593199980830	      1.32618954813360168110	     -0.00000000000000093485	     -0.00000000000000270612
      4.15000000000000035527	     -0.18748658111894506151	     -0.05094609822656837733	     -0.10641315533635349599	      0.96495083785310153957	      1.01753788019608149007	     -0.34231149316020881290	      0.61028032426044931391	      0.12573109847784952331	     -0.05906422925049084616	      0.46274886867576836558	      0.46274886867578746141	     -0.03158268690749355817	     -0.00000000000001080625	     -0.00000000000002239627	      0.19495015601655166226	     -0.03546091818897536413	      0.00943318895443595248	      1.29720327543018587590	      1.29720327543017677208	     -0.24935560526607680742	      0.00000000000000792199	     -0.00000000000001159323	      0.04494344406680855775	      0.08288936054086981642	     -0.02417993982134681794	     -0.75436697725200640985	     -0.32646950717226463912	     -0.22767922096489406902	      1.81304117545184562132	      1.40481747544427548746	      0.00000000000000672465	      0.00000000000000111380	     -0.55391523013112764495	     -0.22542390752370550233	     -0.05278562163915317268	      2.10537616118484649519	      1.32725063563551137769	     -0.00000000000000094908	     -0.00000000000000271730
      4.15399999999999991473	     -0.18835882466887918230	     -0.05654366858538236590	     -0.10507132447128475494	      0.96383384221766699174	      1.01409656862978447833	     -0.34278614122234879469	      0.61732363028226011625	      0.12880647229963526623	     -0.06661659896564597894	      0.49703609006444487983	      0.49703609006446408669	     -0.01820075490837450363	     -0.00000000000001087289	     -0.00000000000002254272	      0.21535019065171975838	     -0.04557112754171482177	      0.01083396585216605569	      1.33529726215832855729	      1.33529726215831945346	     -0.22823973442514047805	      0.00000000000000797062	     -0.00000000000001174506	      0.04304501402270025784	      0.09095492388394230132	     -0.02033122609297430619	     -0.74128647526112045885	     -0.33118171339939711517	     -0.22484204130906565444	      1.80627347889737155384	      1.40346069690044572553	      0.00000000000000676611	      0.00000000000000112068	     -0.54898813240065047481	     -0.22220989765835685859	     -0.04946663557317044352	      2.08411553541515059962	      1.32859992991511366434	     -0.00000000000000096328	     -0.00000000000000272845
      4.15800000000000036238	     -0.18970856260612892208	     -0.06153191259245632122	     -0.10363939403434779818	      0.96262655434077504246	      1.01067845120268584580	     -0.34331588585992350859	      0.62526514404414290649	      0.13132317874471505226	     -0.07232002389070503467	      0.53246004693846005207	      0.53246004693847948097	     -0.00107559832757599507	     -0.00000000000001093982	     -0.00000000000002269164	      0.23686277370978270351	     -0.05440179418056359517	      0.01325667952861774024	      1.37207180096397385327	      1.37207180096396430535	     -0.20791483156181050918	      0.00000000000000801770	     -0.00000000000001189674	      0.04160926753745374657	      0.09849698604547733882	     -0.01641132222813527358	     -0.72751126677287525357	     -0.33571840492377974519	     -0.22181166131292759380	      1.79846552768590539628	      1.40187878612631133812	      0.00000000000000680690	      0.00000000000000112783	     -0.54370002346353463185	     -0.21885747477552025542	     -0.04603408152579552964	      2.06163968564333499600	      1.33022841859645235552	     -0.00000000000000097756	     -0.00000000000000273919
      4.16199999999999992184	     -0.19142335874488822234	     -0.06569947209575292824	     -0.10213516171785583242	      0.96133539298280012986	      1.00731105461763803532	     -0.34388913356841704916	      0.63365042163848772638	      0.13313174363328331151	     -0.07602257366894620005	      0.56823760581670701431	      0.56823760581672655423	      0.01920088540747234840	     -0.00000000000001101377	     -0.00000000000002284722	      0.25937069953530866862	     -0.06170761245833908393	      0.01655777452821209986	      1.40734811387703384611	      1.40734811387702452024	     -0.18875331803221565008	      0.00000000000000806322	     -0.00000000000001204953	      0.04052839643711736439	      0.10521443354246129420	     -0.01238981665944345958	     -0.71297504310833870189	     -0.33995949902232819317	     -0.21858583394733716032	      1.78961356186162356963	      1.40009609915988897377	      0.00000000000000684735	      0.00000000000000113541	     -0.53817217401659089848	     -0.21543982352012758241	     -0.04248287345708116197	      2.03800632685812743716	      1.33210813479512113489	     -0.00000000000000099191	     -0.00000000000000274888
      4.16600000000000036948	     -0.19338244647495683726	     -0.06889714194563135996	     -0.10057607904749603367	      0.95996857747615604861	      1.00402180158783127517	     -0.34449169741717194926	      0.64198802600850846112	      0.13413693132738771507	     -0.07770364156471226691	      0.60357756630281333976	      0.60357756630283299071	      0.04187214991048650997	     -0.00000000000001109428	     -0.00000000000002300421	      0.28272202256827566602	     -0.06735637961154537778	      0.02056277194153009746	      1.44096734109205448782	      1.44096734109204538399	     -0.17102251579098087797	      0.00000000000000810938	     -0.00000000000001220262	      0.03967846362830667467	      0.11087062663899703574	     -0.00823326801029310162	     -0.69762485296442688920	     -0.34379920818957326878	     -0.21516844308382557238	      1.77974066113639572961	      1.39815307077200357000	      0.00000000000000688792	      0.00000000000000114344	     -0.53252529784561930537	     -0.21203360618894412370	     -0.03881035627877145455	      2.01330306824298022050	      1.33419333021096786496	     -0.00000000000000100637	     -0.00000000000000275861
      4.16999999999999992895	     -0.19546013070970252867	     -0.07105027128457958030	     -0.09897966597597206151	      0.95853659989745743086	      1.00083864048361803611	     -0.34510759248443506619	      0.64977673054731621693	      0.13430574999472566500	     -0.07747272251834842749	      0.63772147762223163614	      0.63772147762225139811	      0.06607852671623530572	     -0.00000000000001117777	     -0.00000000000002316433	      0.30673438162148358721	     -0.07133672820850886498	      0.02507754741097205364	      1.47279088562734794543	      1.47279088562733839751	     -0.15487592374626019120	      0.00000000000000815580	     -0.00000000000001235602	      0.03892619269643602525	      0.11531204674552528178	     -0.00390684870978262773	     -0.68143296026831434720	     -0.34715067618246547854	     -0.21157024223609716129	      1.76889692849582047529	      1.39610394473793575365	      0.00000000000000692801	      0.00000000000000115177	     -0.52686980346671485886	     -0.20871443846164008940	     -0.03501768182298335697	      1.98764509164975433642	      1.33642329925918290634	     -0.00000000000000102101	     -0.00000000000000276825
      4.17400000000000037659	     -0.19753000272381807112	     -0.07216366283226964551	     -0.09736350319595919733	      0.95705258469065435101	      0.99779021103054377217	     -0.34571993291234942580	      0.65653379056963789839	      0.13366870778816825061	     -0.07555699713591375322	      0.66998105802467422532	      0.66998105802469409831	      0.09092524842865466750	     -0.00000000000001125278	     -0.00000000000002331513	      0.33120306883443645374	     -0.07375382328754241656	      0.02990044226377736730	      1.50270126990819741231	      1.50270126990818786439	     -0.14035439699379312350	      0.00000000000000820273	     -0.00000000000001250899	      0.03813748894203154716	      0.11847799966616059941	      0.00062332327800479286	     -0.66440693753573853986	     -0.34994974747794299619	     -0.20780851442641976035	      1.75715938452431186256	      1.39401315195518793466	      0.00000000000000696801	      0.00000000000000116088	     -0.52129847678708618464	     -0.20555295248328048219	     -0.03111126991581870602	      1.96117277590729477410	      1.33872658452839643495	     -0.00000000000000103591	     -0.00000000000000277775
      4.17799999999999993605	     -0.19947021512598331339	     -0.07231820298444592565	     -0.09574501951797574628	      0.95553225859831159017	      0.99490544838139283179	     -0.34631189140698553919	      0.66182173075929695560	      0.13231412946404894071	     -0.07227921096275466417	      0.69976973512866313953	      0.69976973512868323457	      0.11554930015186978820	     -0.00000000000001133132	     -0.00000000000002347506	      0.35591084894894509105	     -0.07481340414797256477	      0.03483476872648198081	      1.53060135568914379434	      1.53060135568913424642	     -0.12739797298269397996	      0.00000000000000825003	     -0.00000000000001266044	      0.03718624680537697264	      0.12040035990998057547	      0.00538795292743431391	     -0.64659629930716000512	     -0.35215795993371273864	     -0.20390586574177649304	      1.74463214853182124742	      1.39195063839839550113	      0.00000000000000700779	      0.00000000000000117048	     -0.51588217486086296315	     -0.20261157283317168809	     -0.02710426163933220625	      1.93404938882652843724	      1.34102607999784950721	     -0.00000000000000105107	     -0.00000000000000278748
      4.18200000000000038369	     -0.20116973989225506170	     -0.07165929835822497374	     -0.09414113086925643414	      0.95399339520378190205	      0.99221267948840030648	     -0.34686769965955915884	      0.66527138711927502612	      0.13037615896952597927	     -0.06802802508362826295	      0.72662609604538164199	      0.72662609604540184804	      0.13917927977132341089	     -0.00000000000001140443	     -0.00000000000002362579	      0.38063803000830964685	     -0.07479575539922288241	      0.03970112378143980658	      1.55641082063855629158	      1.55641082063854652162	     -0.11586766217704647097	      0.00000000000000829727	     -0.00000000000001281103	      0.03596242122225953852	      0.12119347830347959594	      0.01041296966403626977	     -0.62809446781748168309	     -0.35376478184164200647	     -0.19988838304618450348	      1.73144722288201013960	      1.38998650299890114113	      0.00000000000000704775	      0.00000000000000118019	     -0.51066921157056077707	     -0.19994206453299970261	     -0.02301775596363396167	      1.90645902872519545923	      1.34324453135791466174	     -0.00000000000000106643	     -0.00000000000000279708
      4.18599999999999994316	     -0.20253524700665179181	     -0.07037873703599285824	     -0.09256748463483020772	      0.95245486318575434126	      0.98973833476843187107	     -0.34737366390923235526	      0.66659968793238721929	      0.12801846379026354805	     -0.06322382242333475511	      0.75022754231869070995	      0.75022754231871091601	      0.16118461422453858600	     -0.00000000000001147858	     -0.00000000000002378284	      0.40517279432030334219	     -0.07402311798013572197	      0.04434790985854591971	      1.58006161935205269309	      1.58006161935204314517	     -0.10557361192173600473	      0.00000000000000834473	     -0.00000000000001296190	      0.03437941741277648899	      0.12103620202907570957	      0.01571840599177874720	     -0.60903595781865604852	     -0.35478879042833755264	     -0.19578339756667037519	      1.71776558918209909521	      1.38818538287294090949	      0.00000000000000708783	      0.00000000000000119006	     -0.50568890148126743878	     -0.19758400812369217303	     -0.01888138232469566483	      1.87860501579803029770	      1.34530990710144493505	     -0.00000000000000108165	     -0.00000000000000280632
      4.19000000000000039080	     -0.20349798819246800452	     -0.06869235557516342738	     -0.09103709740984190779	      0.95093556740035167785	      0.98750545727569871701	     -0.34781912839653533753	      0.66562123534611872255	      0.12541596343105573808	     -0.05828328845377126616	      0.77039300024213541729	      0.77039300024215595641	      0.18111057995336626858	     -0.00000000000001154704	     -0.00000000000002393870	      0.42932231425517020096	     -0.07282468709713002530	      0.04865837888189840366	      1.60149497748445424072	      1.60149497748444469281	     -0.09630498012726924906	      0.00000000000000839270	     -0.00000000000001311252	      0.03238127756224060821	      0.12014867159262278273	      0.02131729590675553523	     -0.58958961340404125728	     -0.35527714894698780856	     -0.19161706845375300889	      1.70377808474603242850	      1.38660106051742681998	      0.00000000000000712820	      0.00000000000000120014	     -0.50095914968450971916	     -0.19556446147839989802	     -0.01473275289827888877	      1.85070895198967444450	      1.34716015981592485140	     -0.00000000000000109652	     -0.00000000000000281598
      4.19399999999999995026	     -0.20402010951978061248	     -0.06681603988223529245	     -0.08955863532958163731	      0.94945349388162436632	      0.98553224153498875104	     -0.34819726800795847144	      0.66225359923689219865	      0.12273644520333046315	     -0.05358590601665756681	      0.78707521753861597880	      0.78707521753863662894	      0.19869625309234337229	     -0.00000000000001161704	     -0.00000000000002409532	      0.45292442260492193906	     -0.07150293469622884257	      0.05255367266009959570	      1.62066089438016636137	      1.62066089438015659141	     -0.08785730350512249709	      0.00000000000000844093	     -0.00000000000001326295	      0.02994966661084942985	      0.11876651136740355719	      0.02721444247720613066	     -0.56994921800013909063	     -0.35530287823798839542	     -0.18741195161201659736	      1.68970556663232640560	      1.38527189658995442123	      0.00000000000000716898	      0.00000000000000120884	     -0.49649695938148935559	     -0.19389891923591565104	     -0.01061579856282763960	      1.82301052025520293753	      1.34874699384651020040	     -0.00000000000000111096	     -0.00000000000000282641
      4.19800000000000039790	     -0.20409997179365238495	     -0.06494265071078139662	     -0.08813491572266848872	      0.94802493298434609148	      0.98383081273130601474	     -0.34850556007111727075	      0.65651682341701722567	      0.12012364625752117164	     -0.04944528227677739973	      0.80034469461489576858	      0.80034469461491630771	      0.21387421408347462304	     -0.00000000000001169187	     -0.00000000000002424856	      0.47585873311856774492	     -0.07030458614004354845	      0.05599229874198943108	      1.63751961307919713384	      1.63751961307918736388	     -0.08005366221475351818	      0.00000000000000848940	     -0.00000000000001341329	      0.02711003449495492587	      0.11711498514733278964	      0.03340524146008275186	     -0.55032286760727311403	     -0.35495985016344006047	     -0.18318473506754973101	      1.67579789338704299162	      1.38421780668899296884	      0.00000000000000720818	      0.00000000000000121752	     -0.49232992798620978103	     -0.19259343538514195338	     -0.00657843530256371073	      1.79576787636203705212	      1.35003832073578311501	     -0.00000000000000112552	     -0.00000000000000283707
      4.20199999999999995737	     -0.20377594604618243235	     -0.06322241044668272525	     -0.08676213274075957049	      0.94666389268845496652	      0.98240641912069892605	     -0.34874581024376144489	      0.64852745976486725343	      0.11768332925343591433	     -0.04608771606778231528	      0.81036758164255562331	      0.81036758164257605142	      0.22675262195476042493	     -0.00000000000001178021	     -0.00000000000002440449	      0.49805565776177285198	     -0.06939908577576585358	      0.05896660003001920336	      1.65204399058565520875	      1.65204399058564543878	     -0.07275760066765653289	      0.00000000000000853779	     -0.00000000000001356343	      0.02393593650325421401	      0.11538566353527311692	      0.03987476743473229029	     -0.53092250787728878514	     -0.35435564876017794367	     -0.17894449592428215978	      1.66233121431869901308	      1.38343920852080448647	      0.00000000000000724775	      0.00000000000000122659	     -0.48850649838579546236	     -0.19164765505550804270	     -0.00266994198940497538	      1.76925818649575328223	      1.35101922297098808734	     -0.00000000000000114033	     -0.00000000000000284807
      4.20599999999999951683	     -0.20312760809921770466	     -0.06174921199893577961	     -0.08543007904693572518	      0.94538174779155059735	      0.98125719087843621402	     -0.34892369339370288284	      0.63848712266779017455	      0.11547401385525463136	     -0.04363963448457947730	      0.81738000942016209027	      0.81738000942018274042	      0.23758281878331846682	     -0.00000000000001187668	     -0.00000000000002454762	      0.51950126431435006413	     -0.06886683896441637975	      0.06149679959451646860	      1.66422111614311241112	      1.66422111614310219707	     -0.06587878025377200131	      0.00000000000000858618	     -0.00000000000001371378	      0.02055008080430493697	      0.11371832188156222321	      0.04659735027003798769	     -0.51195473160593774065	     -0.35360266991227484734	     -0.17469219703337870997	      1.64960299936230825324	      1.38291781101119082287	      0.00000000000000728701	      0.00000000000000123525	     -0.48510275665853930249	     -0.19105822341701680922	      0.00106183584166404175	      1.74377735709070980086	      1.35169145116797162487	     -0.00000000000000115501	     -0.00000000000000285891
      4.20999999999999996447	     -0.20227309678181740193	     -0.06055485044883698875	     -0.08412341846504509113	      0.94418720455019033988	      0.98037456592530158872	     -0.34904785179734970635	      0.62666563529697938417	      0.11350392776173215403	     -0.04212499478768282068	      0.82166118006513322314	      0.82166118006515398431	      0.24671661416599810490	     -0.00000000000001197324	     -0.00000000000002468037	      0.54023609097847002936	     -0.06869885679063608697	      0.06362308818998888005	      1.67405163911881516015	      1.67405163911880472405	     -0.05937342825363419591	      0.00000000000000863415	     -0.00000000000001386420	      0.01712079493963818838	      0.11219054837705712269	      0.05353689963797983453	     -0.49361331613696129983	     -0.35280820256609934926	     -0.17042213688830634699	      1.63792440086126145360	      1.38261887972146713111	      0.00000000000000732658	      0.00000000000000124348	     -0.48222422810873272203	     -0.19082185323594239024	      0.00457337915169907499	      1.71963784592285762187	      1.35207158901739754597	     -0.00000000000000116928	     -0.00000000000000287023
      4.21399999999999952394	     -0.20136223326928082145	     -0.05961160887249643964	     -0.08282369885125147324	      0.94308660225575613456	      0.97974433672496819003	     -0.34912868795596568861	      0.61337962861250416857	      0.11173459523785309044	     -0.04147252030144008700	      0.82350707359162689247	      0.82350707359164787569	      0.25455742435646666610	     -0.00000000000001206600	     -0.00000000000002480086	      0.56034776400473396141	     -0.06880740457027270662	      0.06539632452841856458	      1.68154718687970206048	      1.68154718687969140234	     -0.05324031158368713879	      0.00000000000000868257	     -0.00000000000001401494	      0.01385365740771864543	      0.11081603354159896835	      0.06064800197673375637	     -0.47607342929364498962	     -0.35206468126899137516	     -0.16612529373787962572	      1.62761000195503124921	      1.38249470723066347766	      0.00000000000000736622	      0.00000000000000125073	     -0.48000252762732087408	     -0.19093757744546624444	      0.00782818975145776683	      1.69716369150219081874	      1.35218814973669765322	     -0.00000000000000118291	     -0.00000000000000288059
      4.21799999999999997158	     -0.20056592803708370165	     -0.05884216614624307451	     -0.08151146451738490450	      0.94208446891123398537	      0.97934814947831538845	     -0.34917706691310623768	      0.59896810126307153954	      0.11009031833386886956	     -0.04153142976236810779	      0.82320625581030648643	      0.82320625581032769169	      0.26150976411464160742	     -0.00000000000001216413	     -0.00000000000002491975	      0.57995881705797003303	     -0.06904535531745986665	      0.06686811200457432047	      1.68672804850327917592	      1.68672804850326829573	     -0.04751166769203956503	      0.00000000000000873177	     -0.00000000000001416645	      0.01097891042173824994	      0.10955104742709079191	      0.06787753313650628229	     -0.45948713701660603981	     -0.35144152452818622212	     -0.16179374659320530649	      1.61896538769675513159	      1.38248912569486148705	      0.00000000000000740520	      0.00000000000000125904	     -0.47858783087488110386	     -0.19140803685308535598	      0.01079881364742446559	      1.67668217481210901632	      1.35207798537545098583	     -0.00000000000000119706	     -0.00000000000000289022
      4.22199999999999953104	     -0.20006276233853945157	     -0.05813506198003316749	     -0.08016798452404719222	      0.94118417780546193008	      0.97916526924114932751	     -0.34920312827754712570	      0.58376670072092340380	      0.10847216274090704102	     -0.04209380540686427641	      0.82101933486957190400	      0.82101933486959377539	      0.26793197005030294777	     -0.00000000000001226699	     -0.00000000000002504668	      0.59921114398328678696	     -0.06923139543671504026	      0.06808116233490342506	      1.68962259227930866601	      1.68962259227929778582	     -0.04223925544054354247	      0.00000000000000878170	     -0.00000000000001431746	      0.00873539801885653451	      0.10830774752148976392	      0.07516664786681172272	     -0.44397958452886515657	     -0.35097969860551725407	     -0.15742529828115855994	      1.61227319193386775531	      1.38254282902448477621	      0.00000000000000743870	      0.00000000000000126887	     -0.47813847958436450636	     -0.19223969237775190289	      0.01346773707602288289	      1.65851202889102200544	      1.35178240435788610263	     -0.00000000000000121131	     -0.00000000000000290322
      4.22599999999999997868	     -0.20002381547405667650	     -0.05736310118489854754	     -0.07877659320010238497	      0.94038852100529934930	      0.97917444002616860210	     -0.34921532875929245376	      0.56808296183652584599	      0.10677415907486718927	     -0.04292101990631226605	      0.81716400816715539790	      0.81716400816717738032	      0.27409660359571019761	     -0.00000000000001237871	     -0.00000000000002517561	      0.61824815272211453010	     -0.06917756035838590334	      0.06906145599455498774	      1.69026781187413166485	      1.69026781187412056262	     -0.03747756202572271461	      0.00000000000000883239	     -0.00000000000001446814	      0.00735185610061315012	      0.10697173307194300651	      0.08245335979745435639	     -0.42964507613761432347	     -0.35068958003270395141	     -0.15302759978613711400	      1.60777860675508432742	      1.38259908521681418314	      0.00000000000000747083	      0.00000000000000127949	     -0.47880911136879134027	     -0.19344181358682696614	      0.01582677811994345068	      1.64294899426907092810	      1.35134342127940243472	     -0.00000000000000122498	     -0.00000000000000291316
      4.22999999999999953815	     -0.20059685200976909436	     -0.05640193190740991347	     -0.07732381884664886462	      0.93970005336111372962	      0.97935569544778178219	     -0.34921977481290766843	      0.55217475094843060379	      0.10489910232507264343	     -0.04377136506274098560	      0.81180732112305820092	      0.81180732112308029436	      0.28016222678354585351	     -0.00000000000001249617	     -0.00000000000002529552	      0.63719564745217704971	     -0.06871547272165794140	      0.06981373151827029166	      1.68870963060377388132	      1.68870963060376277909	     -0.03326698397794685541	      0.00000000000000888311	     -0.00000000000001461916	      0.00702658442956320423	      0.10542085734392893370	      0.08967587199652407581	     -0.41654273373431027760	     -0.35055215154374608222	     -0.14862121101872494133	      1.60567547112809294596	      1.38260935029760578807	      0.00000000000000750263	      0.00000000000000128768	     -0.48073847998475011112	     -0.19502424052008926481	      0.01787477028268662921	      1.63024998140115728873	      1.35080053352300888392	     -0.00000000000000123750	     -0.00000000000000292171
      4.23399999999999998579	     -0.20189114477082065191	     -0.05514674933175534033	     -0.07580019451755196092	      0.93912117988455745543	      0.97969199529591977083	     -0.34921987071924798229	      0.53623331875417090675	      0.10277204916942404844	     -0.04442608381638067649	      0.80506485030059038444	      0.80506485030061281094	      0.28615858040325220513	     -0.00000000000001261333	     -0.00000000000002542238	      0.65614300609489839555	     -0.06771847761966315327	      0.07032086287722127960	      1.68500235399483577758	      1.68500235399482445331	     -0.02961970354811531078	      0.00000000000000893429	     -0.00000000000001476960	      0.00790717600706977372	      0.10354301873262840294	      0.09677621834652412602	     -0.40469235805875086731	     -0.35052303094796100069	     -0.14424111417573676208	      1.60609414446175158275	      1.38253822353878352835	      0.00000000000000753443	      0.00000000000000129360	     -0.48403789119503753957	     -0.19699424593127695671	      0.01961387809409444183	      1.62061721576333894745	      1.35018829681013441402	     -0.00000000000000125120	     -0.00000000000000292901
      4.23799999999999954525	     -0.20396441986458949125	     -0.05352572322230070984	     -0.07420037113058014500	      0.93865405946524327341	      0.98017057027984855200	     -0.34921628613038868671	      0.52037165435929788604	      0.10035036199775410060	     -0.04471109557220704495	      0.79700493180641540647	      0.79700493180643816604	      0.29198525573588812732	     -0.00000000000001273010	     -0.00000000000002554878	      0.67512677287312750085	     -0.06611763957959934657	      0.07054676470968732072	      1.67920745859801545663	      1.67920745859800391031	     -0.02651077630722251458	      0.00000000000000898484	     -0.00000000000001491952	      0.01007259075127523405	      0.10125134569635790838	      0.10370328769581006745	     -0.39407178346506710476	     -0.35053850434064515174	     -0.13993628429182411455	      1.60909246744564327081	      1.38236712010873796785	      0.00000000000000756808	      0.00000000000000129872	     -0.48878107221262456772	     -0.19935308672964216492	      0.02104536750524035535	      1.61418380263046246093	      1.34953485856572763524	     -0.00000000000000126554	     -0.00000000000000293587
      4.24199999999999999289	     -0.20681334569724968420	     -0.05150896768687969474	     -0.07252234654137695857	      0.93830040901153377586	      0.98078386746352153036	     -0.34920721424228479135	      0.50461879111606633419	      0.09762937209188118914	     -0.04451242780828038731	      0.78765623899308412348	      0.78765623899310699407	      0.29742292131128589272	     -0.00000000000001284794	     -0.00000000000002567083	      0.69411868541167309754	     -0.06391006756163757074	      0.07044212463106731825	      1.67139204892705617311	      1.67139204892704507088	     -0.02387584195638684306	      0.00000000000000903505	     -0.00000000000001506949	      0.01351978590338197977	      0.09849538090614748387	      0.11041454246575109488	     -0.38461692555052329201	     -0.35052276777387014750	     -0.13576714642499959629	      1.61465091257238602118	      1.38209623025082395387	      0.00000000000000760400	      0.00000000000000130090	     -0.49499623399493852816	     -0.20209288707683087383	      0.02216558270604404926	      1.61100214668312746724	      1.34886150136636739916	     -0.00000000000000128029	     -0.00000000000000294048
      4.24599999999999955236	     -0.21036888730456496099	     -0.04911199588714748598	     -0.07076613910936124796	      0.93806126410750867439	      0.98152998518234513270	     -0.34918884552220863515	      0.48892100430873053352	      0.09464282625371535362	     -0.04378463735658300049	      0.77701798987545500630	      0.77701798987547798792	      0.30215519329330658982	     -0.00000000000001296765	     -0.00000000000002578572	      0.71301982424279808370	     -0.06115873297677901221	      0.06995186413827632343	      1.66162724856722876510	      1.66162724856721721878	     -0.02161487921428423969	      0.00000000000000908458	     -0.00000000000001522011	      0.01815684609389676268	      0.09526692285458784881	      0.11687645668197740867	     -0.37622521189332069902	     -0.35039569385239249799	     -0.13180107168130913986	      1.62267269990410967218	      1.38174468269175032553	      0.00000000000000764239	      0.00000000000000130153	     -0.50266116135587357583	     -0.20519449266203629301	      0.02296257998707168166	      1.61103663618845405203	      1.34818310376808847550	     -0.00000000000000129656	     -0.00000000000000294270
      4.25000000000000000000	     -0.21449764915555277756	     -0.04639293001191178989	     -0.06893238866887331506	      0.93793672979211195617	      0.98241249116677742403	     -0.34915597989866720141	      0.47315069576975149479	      0.09145763867072218001	     -0.04255213284294671883	      0.76507238435143165578	      0.76507238435145463740	      0.30579857719861769372	     -0.00000000000001309017	     -0.00000000000002591594	      0.73166218567352114821	     -0.05798357116709020043	      0.06902313187634438740	      1.64998674334637995820	      1.64998674334636863392	     -0.01960054990185667798	      0.00000000000000913336	     -0.00000000000001537102	      0.02380417064378696768	      0.09159949353302826447	      0.12306401794172461273	     -0.36876253411034770613	     -0.35008053143114875594	     -0.12810625715592330320	      1.63298937270204058692	      1.38134901613800287201	      0.00000000000000767969	      0.00000000000000130325	     -0.51170219078721068673	     -0.20862681685616926708	      0.02341373222816275218	      1.61416176847197068156	      1.34750934320713811054	     -0.00000000000000131380	     -0.00000000000000294679
      4.25399999999999955946	     -0.21900958532834813308	     -0.04344394219107333699	     -0.06702116777425524974	      0.93792574575843812301	      0.98343959419846571635	     -0.34910270973407508954	      0.45712265200074586602	      0.08816374710280186489	     -0.04090375600120762373	      0.75179842232674964908	      0.75179842232677285274	      0.30793750453908103060	     -0.00000000000001320981	     -0.00000000000002605027	      0.74981795682265606207	     -0.05454525642548592457	      0.06761266689684446163	      1.63654551712030094102	      1.63654551712028961674	     -0.01768983580015026993	      0.00000000000000918126	     -0.00000000000001552157	      0.03020420927802992817	      0.08756170041327225595	      0.12895957496547158505	     -0.36207317078034451097	     -0.34951092442885045575	     -0.12474466487018988359	      1.64537161808187293310	      1.38096012323398120714	      0.00000000000000771598	      0.00000000000000130392	     -0.52199739372511011481	     -0.21234784612672380488	      0.02348463397186396906	      1.62016625927000834650	      1.34684639187057308973	     -0.00000000000000133158	     -0.00000000000000295145
      4.25800000000000000711	     -0.22367174938076331281	     -0.04037853287174569122	     -0.06503109676847756981	      0.93802588227223082651	      0.98462272337222955798	     -0.34902310487385390658	      0.44061633621705131869	      0.08486102849820353899	     -0.03898140282940300988	      0.73718584483211213598	      0.73718584483213533964	      0.30816139029063566168	     -0.00000000000001333166	     -0.00000000000002619452	      0.76721581800432392395	     -0.05102455267300076702	      0.06569239874034850379	      1.62137864215019811276	      1.62137864215018656644	     -0.01573786461681454807	      0.00000000000000922832	     -0.00000000000001567253	      0.03703924582804215410	      0.08324598799049301445	      0.13455124651051872386	     -0.35599159782978145872	     -0.34863658353923149269	     -0.12176499511986228763	      1.65954442455369344245	      1.38063887255665562748	      0.00000000000000775313	      0.00000000000000130364	     -0.53338371654225102958	     -0.21630712935565496458	      0.02312965976427441839	      1.62876308454785201363	      1.34619879965940714150	     -0.00000000000000134792	     -0.00000000000000295544
      4.26199999999999956657	     -0.22822721788540978327	     -0.03731659400829635126	     -0.06295877107179492782	      0.93823318117842202657	      0.98597463232223958585	     -0.34891185063835511437	      0.42340229363822529107	      0.08164546229647792752	     -0.03696385339921147428	      0.72124783090926281037	      0.72124783090928623608	      0.30610026361901054859	     -0.00000000000001345495	     -0.00000000000002634257	      0.78356293630808415696	     -0.04760029784470432013	      0.06325250130720996844	      1.60456001484281340908	      1.60456001484280186276	     -0.01361250460863203983	      0.00000000000000927373	     -0.00000000000001582456	      0.04395600919836881865	      0.07875472082535454887	      0.13983110870343484766	     -0.35035496547767552844	     -0.34742715255563488830	     -0.11919655780567106618	      1.67520543809258026791	      1.38045072468361507134	      0.00000000000000779214	      0.00000000000000130174	     -0.54566765948100903749	     -0.22044936027669770340	      0.02229440575174380240	      1.63960484259119243511	      1.34557125969332425086	     -0.00000000000000136354	     -0.00000000000000296009
      4.26600000000000001421	     -0.23241744739367239947	     -0.03436951308460369642	     -0.06079839090089409620	      0.93854208262826621656	      0.98750723900862991123	     -0.34876482048449491957	      0.40526989387327178038	      0.07859674583309192442	     -0.03504766652529447274	      0.70403079741615615106	      0.70403079741617957676	      0.30145517900706814141	     -0.00000000000001358598	     -0.00000000000002650046	      0.79857032393075999543	     -0.04442896504215766013	      0.06030167043638531149	      1.58616095965613213004	      1.58616095965612036167	     -0.01120763695925621091	      0.00000000000000931871	     -0.00000000000001597645	      0.05059486443858161875	      0.07418601549838110820	      0.14479336698212422196	     -0.34501514524671189621	     -0.34587414459372672892	     -0.11704463148121146965	      1.69204508319627189294	      1.38045985284350192224	      0.00000000000000783138	      0.00000000000000130029	     -0.55863873633287264298	     -0.22471849102047106173	      0.02091996061210091643	      1.65230302419563823690	      1.34496998473932882767	     -0.00000000000000137905	     -0.00000000000000296443
      4.26999999999999957367	     -0.23600589622771042664	     -0.03162752170577044775	     -0.05854151049214612046	      0.93894550145728017387	      0.98922944529573908490	     -0.34857955829524589486	      0.38605351052093245245	      0.07576933516995794371	     -0.03342727924852855609	      0.68561986178379508150	      0.68561986178381861823	      0.29402034588695957762	     -0.00000000000001372280	     -0.00000000000002666184	      0.81197894140956738962	     -0.04162846680423173962	      0.05686469931878166545	      1.56624869845775949173	      1.56624869845774750132	     -0.00845293681671050595	      0.00000000000000936371	     -0.00000000000001612875	      0.05662093455072073067	      0.06962174115729344304	      0.14943271375102881726	     -0.33984949412227938303	     -0.34399097887429758158	     -0.11528778172466835894	      1.70976685120858729050	      1.38072334233012283811	      0.00000000000000786952	      0.00000000000000129986	     -0.57208458538165563034	     -0.22906176413996831576	      0.01894874710006432331	      1.66644945909580588506	      1.34440346828287848879	     -0.00000000000000139398	     -0.00000000000000297026
      4.27400000000000002132	     -0.23880069176981791323	     -0.02915069368580413406	     -0.05617709507174478006	      0.93943507323528652186	      0.99114515528174218506	     -0.34835562174545264824	      0.36565504813962113051	      0.07318787707821988731	     -0.03227637728400318401	      0.66614000830700936806	      0.66614000830703290479	      0.28369564007963904428	     -0.00000000000001385899	     -0.00000000000002680825	      0.82358421629216793658	     -0.03926790679918473054	      0.05297756130161574567	      1.54488493557842776482	      1.54488493557841577442	     -0.00531886641147663944	      0.00000000000000940941	     -0.00000000000001628156	      0.06175436849573236880	      0.06511917996142274623	      0.15374321514229941088	     -0.33476946447292882381	     -0.34181125770376219464	     -0.11387758014475801716	      1.72810593034054349459	      1.38128598402970226289	      0.00000000000000790646	      0.00000000000000129902	     -0.58580627246539618280	     -0.23343311561031676593	      0.01633132310790640779	      1.68163823006653245784	      1.34388254391115413711	     -0.00000000000000140880	     -0.00000000000000297641
      4.27799999999999958078	     -0.24067412464233917113	     -0.02696423354198399305	     -0.05369228258343777815	      0.94000152855455376688	      0.99325167621864218770	     -0.34809472514392053588	      0.34406137717345830485	      0.07084704367894276156	     -0.03173249155512272712	      0.64575426959950099626	      0.64575426959952453299	      0.27049011422934948756	     -0.00000000000001400116	     -0.00000000000002696594	      0.83325685206304755948	     -0.03736404200207901066	      0.04868033289286364390	      1.52212500745884060649	      1.52212500745882883812	     -0.00181645742385135966	      0.00000000000000945489	     -0.00000000000001643536	      0.06579678663512332493	      0.06070693150761621165	      0.15771818254363165202	     -0.32972612754145524949	     -0.33938552670491295427	     -0.11274111690611537950	      1.74684413328712984104	      1.38217611342182289391	      0.00000000000000794299	      0.00000000000000129743	     -0.59963203876634174616	     -0.23779551525142567092	      0.01303319539055895586	      1.69748636639670613668	      1.34341979551604739918	     -0.00000000000000142337	     -0.00000000000000298224
      4.28200000000000002842	     -0.24157695683903765427	     -0.02505833899717506766	     -0.05107404126561885388	      0.94063513490340178169	      0.99553865461215851340	     -0.34780064048934428156	      0.32135529021464381838	      0.06871536761618492195	     -0.03188628802293910075	      0.62466000062571802598	      0.62466000062574167373	      0.25451744897122274836	     -0.00000000000001414858	     -0.00000000000002712992	      0.84095790302926520798	     -0.03588446700382287580	      0.04400874200367660416	      1.49801783906754981679	      1.49801783906753804843	      0.00200787123448694337	      0.00000000000000950094	     -0.00000000000001658980	      0.06865109824015661055	      0.05638520985029373683	      0.16135122744962593355	     -0.32471204679971682472	     -0.33677683773555489033	     -0.11178637020687426373	      1.76581949086695999540	      1.38340285674765173241	      0.00000000000000797963	      0.00000000000000129544	     -0.61342775609413680016	     -0.24212201366902411093	      0.00904073971847006892	      1.71365169793718852276	      1.34302843682645667300	     -0.00000000000000143817	     -0.00000000000000298725
      4.28599999999999958789	     -0.24154577566624307883	     -0.02339247788993152263	     -0.04831138960692954454	      0.94132614886317400593	      0.99798767686946576738	     -0.34747888142657967769	      0.29771834815965192433	      0.06674227692107129184	     -0.03277608207558376646	      0.60308325685666530624	      0.60308325685668928706	      0.23598391798975676403	     -0.00000000000001428855	     -0.00000000000002727623	      0.84674613049706670687	     -0.03475636885401146153	      0.03898597391429212133	      1.47260652345903642058	      1.47260652345902465221	      0.00608125974432418767	      0.00000000000000954969	     -0.00000000000001674356	      0.07033218402921939671	      0.05213019792886042225	      0.16463814451097830149	     -0.31975940645984229915	     -0.33405558031521837004	     -0.11090981909599006983	      1.78492975361226968722	      1.38495504173526140512	      0.00000000000000801548	      0.00000000000000129332	     -0.62710270794767375424	     -0.24639548531918811780	      0.00436554300720488030	      1.72984632870458732157	      1.34272083647900131176	     -0.00000000000000145317	     -0.00000000000000299269
      4.29000000000000003553	     -0.24070199781494874824	     -0.02190356461418954681	     -0.04539762302273790684	      0.94206522417962967886	      1.00057263052404432635	     -0.34713623954568639807	      0.27342421239389907983	      0.06486731591512881479	     -0.03438761693242592399	      0.58127092730624918548	      0.58127092730627338835	      0.21516986278781269348	     -0.00000000000001442574	     -0.00000000000002741140	      0.85077599233213263563	     -0.03387917430341205044	      0.03361657907021165653	      1.44592916301234786225	      1.44592916301233609389	      0.01031544632585877121	      0.00000000000000960061	     -0.00000000000001689649	      0.07096646355509479698	      0.04790181784705791618	      0.16757907492802476268	     -0.31493448968240234098	     -0.33129409807028042945	     -0.11000535491706629754	      1.80412960591662763221	      1.38680191374956485184	      0.00000000000000805185	      0.00000000000000129136	     -0.64060980218290286548	     -0.25060716455006426528	     -0.00095339425166736369	      1.74584444490403312145	      1.34250690953132689742	     -0.00000000000000146820	     -0.00000000000000299779
      4.29399999999999959499	     -0.23924225791113959416	     -0.02051691308895260690	     -0.04233212809406640409	      0.94284372582506814631	      1.00326082211493350371	     -0.34678025542363816180	      0.24882248932326700430	      0.06303024004227818222	     -0.03665881161904051971	      0.55948085817591775015	      0.55948085817594206404	      0.19240629655517937913	     -0.00000000000001456485	     -0.00000000000002753846	      0.85328598278699341328	     -0.03313913260680260986	      0.02788371764648783779	      1.41801975470481544939	      1.41801975470480345898	      0.01461821483634971955	      0.00000000000000965027	     -0.00000000000001704897	      0.07077993238130489417	      0.04365377002064237122	      0.17018050231500886360	     -0.31032887445892426426	     -0.32856159736986834119	     -0.10897344428284480577	      1.82342219853326104051	      1.38889559291959097109	      0.00000000000000808787	      0.00000000000000128936	     -0.65394037535843685394	     -0.25475414052225558992	     -0.00684998074298604018	      1.76148408223543873063	      1.34239260199035981280	     -0.00000000000000148383	     -0.00000000000000300288
      4.29800000000000004263	     -0.23743020398530167991	     -0.01915964784294665879	     -0.03912999452380033077	      0.94365226021800274747	      1.00601251668340907486	     -0.34641869834796495953	      0.22428876964074145883	      0.06118300639910984051	     -0.03945969230293253777	      0.53794147646944368013	      0.53794147646946821606	      0.16813195415421891554	     -0.00000000000001470626	     -0.00000000000002766030	      0.85463872353518477443	     -0.03242696252919059774	      0.02177771873555039983	      1.38898277595737185131	      1.38898277595735986090	      0.01890826636863926144	      0.00000000000000970017	     -0.00000000000001720140	      0.07009195306970594785	      0.03934956994841459776	      0.17247607409560630765	     -0.30602267128826565745	     -0.32591164529294597285	     -0.10774592226249049554	      1.84283546982984813845	      1.39116660979159512124	      0.00000000000000812441	      0.00000000000000128747	     -0.66712283394054472385	     -0.25884013609480394091	     -0.01320854464183672701	      1.77669496595515630233	      1.34237258442323192931	     -0.00000000000000149968	     -0.00000000000000300770
