Run_30002_cycle2_RRA_q_uniform250_rad
version=1
nRows=282
nColumns=40
inDegrees=no
endheader
time	pelvis_tilt	pelvis_list	pelvis_rotation	pelvis_tx	pelvis_ty	pelvis_tz	hip_flexion_r	hip_adduction_r	hip_rotation_r	knee_angle_r	knee_angle_r_beta	ankle_angle_r	subtalar_angle_r	mtp_angle_r	hip_flexion_l	hip_adduction_l	hip_rotation_l	knee_angle_l	knee_angle_l_beta	ankle_angle_l	subtalar_angle_l	mtp_angle_l	lumbar_extension	lumbar_bending	lumbar_rotation	arm_flex_r	arm_add_r	arm_rot_r	elbow_flex_r	pro_sup_r	wrist_flex_r	wrist_dev_r	arm_flex_l	arm_add_l	arm_rot_l	elbow_flex_l	pro_sup_l	wrist_flex_l	wrist_dev_l
      1.03200000000000002842	     -0.27745019359452272045	      0.02894536977093711827	      0.04604260292901823926	      0.98508749957736063685	      0.98408686913735665680	     -0.35471988149647132316	      0.69446267215090851099	     -0.09196143780303074611	      0.04683887092308280237	      1.64693913749539788682	      1.64693913749539788682	     -0.00606626114261860083	      0.00000000000000000000	      0.00000000000000000000	      0.43441987922516051013	      0.14262888951232602364	      0.00189583449036196858	      0.73297536086215220319	      0.73297536086215220319	      0.30444976332428497212	      0.00000000000000000000	      0.00000000000000000000	      0.07391978921302698458	     -0.05998659061216950888	     -0.09242145631077872125	     -0.55816086231536699014	     -0.35197485693596097800	     -0.07990972349059662083	      1.52598219520833389140	      1.47515130208620903751	      0.00000000000000000000	      0.00000000000000000000	     -0.41779696569274216156	     -0.21176930197725815641	     -0.18644474930945093005	      1.85863433290517332530	      1.34025814426852840633	      0.00000000000000000000	      0.00000000000000000000
      1.03600000000000003197	     -0.28056559006382858490	      0.02711602411137477991	      0.04120129205055346466	      0.98566829004066769393	      0.98621517260289670581	     -0.35461760772203432257	      0.71127598960437365960	     -0.08873204567889045324	      0.04820547688564028738	      1.63353693809328848197	      1.63353693809328848197	     -0.00143558018500545854	      0.00000000000000000039	     -0.00000000000000000002	      0.41497787286629322923	      0.13899580633710581501	      0.00217953110820415458	      0.71446936610536115886	      0.71446936610536115886	      0.29669737618251468270	     -0.00000000000000001076	     -0.00000000000000000489	      0.08050436869294952391	     -0.05597128406578293774	     -0.09631190357920832446	     -0.57045725501580313299	     -0.35579823747004546419	     -0.08232358901496326931	      1.53837975485565836564	      1.47444336257824715197	     -0.00000000000000000034	      0.00000000000000000046	     -0.42175179900201875682	     -0.20974336157943565540	     -0.18923957917876982338	      1.87565614198609864616	      1.33995002431216070349	     -0.00000000000000000008	      0.00000000000000000083
      1.04000000000000003553	     -0.28357198483315165793	      0.02517565285154384561	      0.03630638069501962439	      0.98634469419448034255	      0.98848895005910941691	     -0.35448971670528217626	      0.72711238525537025268	     -0.08531187275236602752	      0.04883377941891746399	      1.61854570138297515491	      1.61854570138297515491	      0.00312501738148165085	      0.00000000000000000083	     -0.00000000000000000010	      0.39501122374073088794	      0.13516606212676413046	      0.00226263151897900189	      0.69481333172976966761	      0.69481333172976966761	      0.28649426681461503952	     -0.00000000000000004367	     -0.00000000000000005241	      0.08715402196945437607	     -0.05177756693448792163	     -0.10014269088527862073	     -0.58280587556326046705	     -0.35947528149628132921	     -0.08491249747661472336	      1.55135829140972059115	      1.47369747049569221886	     -0.00000000000000000094	      0.00000000000000000085	     -0.42622666122019819968	     -0.20768605049972060916	     -0.19206769717378699425	      1.89309117963002648821	      1.33953698079821803546	     -0.00000000000000000033	      0.00000000000000000265
      1.04400000000000003908	     -0.28648129968287150415	      0.02317815302408192737	      0.03137117807707363870	      0.98710687513899109113	      0.99089339603167181370	     -0.35433626607440948941	      0.74199883645413300393	     -0.08179324478486080241	      0.04871744044875826740	      1.60206951454808521618	      1.60206951454808521618	      0.00768421189703327040	      0.00000000000000000084	     -0.00000000000000000001	      0.37470951564258686561	      0.13118746822922652817	      0.00200566806876330272	      0.67431379868546348355	      0.67431379868546337253	      0.27384696150198212239	     -0.00000000000000008701	     -0.00000000000000011982	      0.09385035318590691233	     -0.04747484165667148481	     -0.10387164070403342997	     -0.59518924820006691156	     -0.36295561590438712996	     -0.08769116737284571306	      1.56468666961131241955	      1.47291328027234502684	     -0.00000000000000000201	      0.00000000000000000034	     -0.43111046359546345563	     -0.20565695536894867956	     -0.19486901542502016449	      1.91072291239135672036	      1.33902223406679987683	     -0.00000000000000000037	      0.00000000000000000478
      1.04800000000000004263	     -0.28930018282687208764	      0.02117981579579655133	      0.02641865600037294690	      0.98794228955950813553	      0.99341374299803142378	     -0.35415914897598965716	      0.75595853101738186286	     -0.07827304974168149132	      0.04786077105275193116	      1.58419903011219842526	      1.58419903011219842526	      0.01229340051708906374	      0.00000000000000000092	     -0.00000000000000000068	      0.35427177134972748229	      0.12712050905867924855	      0.00130038155240374512	      0.65330914303600295945	      0.65330914303600295945	      0.25880843580662582504	     -0.00000000000000012944	     -0.00000000000000017711	      0.10056066007061888190	     -0.04313428038450724256	     -0.10746023457985844074	     -0.60759300880933442279	     -0.36619983474631689901	     -0.09067739057036755534	      1.57816348318783972182	      1.47208642612986140286	     -0.00000000000000000287	     -0.00000000000000000100	     -0.43629595373828616856	     -0.20371307831825549717	     -0.19758855052230303584	      1.92838426530378792556	      1.33841378471097960379	     -0.00000000000000000008	      0.00000000000000000610
      1.05200000000000004619	     -0.29202784227009948026	      0.01923327267049656716	      0.02147783052331222672	      0.98883672560213742297	      0.99603583693851149850	     -0.35396177719121829641	      0.76900605502910313049	     -0.07484329368000579297	      0.04627950327251516283	      1.56500420193120914902	      1.56500420193120937107	      0.01697984548594086082	      0.00000000000000000065	     -0.00000000000000000176	      0.33389192453492522183	      0.12302961638046130965	      0.00007621788051288682	      0.63214454258229146877	      0.63214454258229124672	      0.24147121813874053431	     -0.00000000000000017476	     -0.00000000000000025958	      0.10723864200440937078	     -0.03882152570709258149	     -0.11087420545701126562	     -0.62000280842141075599	     -0.36918000679818280263	     -0.09388921460222500459	      1.59161799517913715718	      1.47121010021915976651	     -0.00000000000000000306	     -0.00000000000000000122	     -0.44168294602658336734	     -0.20190608290292610949	     -0.20017657920764461710	      1.94595672681233522461	      1.33772391029250914407	      0.00000000000000000027	      0.00000000000000000632
      1.05600000000000004974	     -0.29465578415956161784	      0.01738170462201140548	      0.01657963580892405156	      0.98977552954955472231	      0.99874646666267030692	     -0.35374861726388129313	      0.78114503102128629575	     -0.07158198050712086258	      0.04399978884292685133	      1.54452957113791344845	      1.54452957113791322641	      0.02174171411034093310	      0.00000000000000000096	     -0.00000000000000000341	      0.31374554481904387560	      0.11897429268833560612	     -0.00169760747167275496	      0.61114594495781027206	      0.61114594495781005001	      0.22195892788001247986	     -0.00000000000000023763	     -0.00000000000000035466	      0.11382794125879774905	     -0.03458982718744364054	     -0.11408392624978484775	     -0.63240239679535947825	     -0.37187928848441098584	     -0.09734191808777828414	      1.60490995014622983561	      1.47027689136503703082	     -0.00000000000000000324	     -0.00000000000000000164	     -0.44718161076887091854	     -0.20027997765631891380	     -0.20258839857283253427	      1.96336605498689875660	      1.33696852453349634970	      0.00000000000000000046	      0.00000000000000000662
      1.06000000000000005329	     -0.29716941380303890652	      0.01565391835489829755	      0.01175283947658601648	      0.99074482726968704505	      1.00153339650014561180	     -0.35352461337705354261	      0.79236829147329079781	     -0.06854533361281636705	      0.04105532193112520351	      1.52279278035785470280	      1.52279278035785470280	      0.02654570476270778911	      0.00000000000000000198	     -0.00000000000000000497	      0.29397939743409329250	      0.11500116372137741960	     -0.00401433083351290972	      0.59059659862491398208	      0.59059659862491387106	      0.20041762821163081054	     -0.00000000000000029130	     -0.00000000000000046329	      0.12026785192656969103	     -0.03047439672563888313	     -0.11706460918864995679	     -0.64477296260992100763	     -0.37429065919914644711	     -0.10104534176202258078	      1.61792852258005037669	      1.46928052474051673570	     -0.00000000000000000333	     -0.00000000000000000204	     -0.45271553468248881824	     -0.19886950576539730307	     -0.20478375070639698308	      1.98057534920802846834	      1.33616644842315879238	      0.00000000000000000064	      0.00000000000000000729
      1.06400000000000005684	     -0.29955097403330316341	      0.01406084917707011751	      0.00702052147306731541	      0.99173257875117415416	      1.00438514322613947627	     -0.35329455383643021404	      0.80266008082568729431	     -0.06576212049041874064	      0.03748316660458111960	      1.49978639548091852163	      1.49978639548091829958	      0.03132771505440015009	      0.00000000000000000490	     -0.00000000000000000650	      0.27470459125303253733	      0.11113789338416821262	     -0.00683559881942923803	      0.57071876125370579746	      0.57071876125370568644	      0.17700819427913863646	     -0.00000000000000035683	     -0.00000000000000056536	      0.12650007110979982761	     -0.02648865114108279323	     -0.11979640517517028964	     -0.65709356267099328086	     -0.37641493214665311395	     -0.10500186042828284216	      1.63059051542319011219	      1.46821724148939880550	     -0.00000000000000000371	     -0.00000000000000000227	     -0.45822413189230942754	     -0.19769939648989520720	     -0.20672607347303609271	      1.99757618413729143292	      1.33533861382296259457	      0.00000000000000000094	      0.00000000000000000832
      1.06800000000000006040	     -0.30178288309557843583	      0.01259399602084917968	      0.00239759571153720652	      0.99272934969523152215	      1.00729061274387321490	     -0.35306246145165676165	      0.81199929215247412806	     -0.06323059654189119860	      0.03331946011734603086	      1.47548257001545235489	      1.47548257001545235489	      0.03599677771788816621	      0.00000000000000000671	     -0.00000000000000000761	      0.25599336513009329774	      0.10738974044740684510	     -0.01010030521336699287	      0.55166234198098784702	      0.55166234198098762498	      0.15190006889740928497	     -0.00000000000000042515	     -0.00000000000000067269	      0.13247500324826372298	     -0.02262288715072850731	     -0.12226456368475970005	     -0.66934227895393749730	     -0.37825830682915706493	     -0.10920502493920597464	      1.64283781491355918014	      1.46708665205730293124	     -0.00000000000000000394	     -0.00000000000000000263	     -0.46366387231488109810	     -0.19678452166789953126	     -0.20838183531324597220	      2.01437848044692380256	      1.33450720024076918691	      0.00000000000000000120	      0.00000000000000000942
      1.07200000000000006395	     -0.30385070876242548099	      0.01122609688412475916	     -0.00211029993938164880	      0.99372873887159174355	      1.01023870793273062851	     -0.35283108998840773118	      0.82036301253837429215	     -0.06091841052283725189	      0.02859583408683310374	      1.44984003626155710798	      1.44984003626155710798	      0.04044216092936012141	      0.00000000000000000801	     -0.00000000000000000867	      0.23787940331990722886	      0.10373922113708761161	     -0.01373509397584126747	      0.53350140453790362294	      0.53350140453790351192	      0.12526664435280229770	     -0.00000000000000050740	     -0.00000000000000077388	      0.13815654335933630348	     -0.01884568172343868697	     -0.12445975580926375847	     -0.68149774090523662640	     -0.37982976009747310142	     -0.11363889057414401640	      1.65463426946653391347	      1.46589196444420211130	     -0.00000000000000000432	     -0.00000000000000000305	     -0.46900806240327713725	     -0.19613089806271538640	     -0.20972020610065733592	      2.03100001360387194538	      1.33369473128054005784	      0.00000000000000000131	      0.00000000000000001070
      1.07600000000000006750	     -0.30574559324318884013	      0.00991411732977100744	     -0.00650642827665874786	      0.99472744726808892679	      1.01321796108702666395	     -0.35260159212402275575	      0.82773038582607760816	     -0.05876577354714584978	      0.02333656811728052061	      1.42281305556263282242	      1.42281305556263260037	      0.04454307673504040443	      0.00000000000000000920	     -0.00000000000000000987	      0.22036155161075116071	      0.10014902284136238675	     -0.01766457163458593979	      0.51623839394687665028	      0.51623839394687653925	      0.09728262518278679716	     -0.00000000000000058215	     -0.00000000000000088505	      0.14352514758041212684	     -0.01510805991119681599	     -0.12637856342951039879	     -0.69354068968968407560	     -0.38113856371821908109	     -0.11827809842547812313	      1.66596245158029043765	      1.46463960731324971398	     -0.00000000000000000465	     -0.00000000000000000370	     -0.47424540532930131720	     -0.19573734993823679873	     -0.21071330092468373851	      2.04745687050769298310	      1.33292320873393688174	      0.00000000000000000119	      0.00000000000000001217
      1.08000000000000007105	     -0.30746613368523750820	      0.00860440795171933323	     -0.01080115363145813315	      0.99572499840882067179	      1.01621621271000672770	     -0.35237340679361051077	      0.83408693907617703633	     -0.05669194562896050227	      0.01755627969840851954	      1.39436187733909244812	      1.39436187733909244812	      0.04818016468166692878	      0.00000000000000001060	     -0.00000000000000001094	      0.20341062118893216137	      0.09656799571783766800	     -0.02181924067430747807	      0.49981526427436789861	      0.49981526427436778759	      0.06812333752807517295	     -0.00000000000000065558	     -0.00000000000000100500	      0.14857928125376435036	     -0.01135019230436791655	     -0.12802407626059902901	     -0.70545528007649327407	     -0.38219220473714504704	     -0.12308875590932726041	      1.67682076048826700365	      1.46333832775649796965	     -0.00000000000000000486	     -0.00000000000000000453	     -0.47937769789862316738	     -0.19559757547895278984	     -0.21133715274070341561	      2.06375614377767879759	      1.33221337391578642517	      0.00000000000000000109	      0.00000000000000001361
      1.08400000000000007461	     -0.30901933005666076815	      0.00723951626824906932	     -0.01500906925837916517	      0.99672315823657864353	      1.01922039652403362275	     -0.35214437844487272988	      0.83942877394752968279	     -0.05460431430355121296	      0.01125877802868156807	      1.36446356396453993831	      1.36446356396453971627	      0.05124752077752248169	      0.00000000000000001250	     -0.00000000000000001213	      0.18697832871602382276	      0.09293945341121397086	     -0.02614004179868776798	      0.48413007875527230839	      0.48413007875527219737	      0.03796524650950631324	     -0.00000000000000072231	     -0.00000000000000113940	      0.15333492489612979282	     -0.00750990750721846918	     -0.12940640526736635341	     -0.71722966942052124306	     -0.38299488571122397573	     -0.12803002104094687863	      1.68722076867398751432	      1.46199791748141594283	     -0.00000000000000000492	     -0.00000000000000000538	     -0.48441679358230688157	     -0.19570234077157905306	     -0.21157332627306152384	      2.07989139171553505392	      1.33158409985292047750	      0.00000000000000000097	      0.00000000000000001516
      1.08800000000000007816	     -0.31041987304930623859	      0.00576579209305332421	     -0.01914564946650913410	      0.99772513824571884555	      1.02221653125374878357	     -0.35191107942323784918	      0.84376536905319765580	     -0.05240864907834956454	      0.00443847657401375429	      1.33312140534087286703	      1.33312140534087264498	      0.05366369685729879130	      0.00000000000000001401	     -0.00000000000000001343	      0.17100688767567162607	      0.08921050931069254841	     -0.03057922318853536353	      0.46905720821692448164	      0.46905720821692437061	      0.00698663323868343143	     -0.00000000000000078823	     -0.00000000000000127895	      0.15782247322017142754	     -0.00353191261142204614	     -0.13054278668685678766	     -0.72885528882729622158	     -0.38354670459026973806	     -0.13305617940561964563	      1.69718423972544663059	      1.46062779101984663299	     -0.00000000000000000500	     -0.00000000000000000611	     -0.48938081921039294775	     -0.19604151845163300671	     -0.21141087827068794081	      2.09584068995175565320	      1.33105183114818648171	      0.00000000000000000075	      0.00000000000000001680
      1.09200000000000008171	     -0.31168745488556914847	      0.00414087574022605539	     -0.02322396955390353818	      0.99873467675724747483	      1.02518997172565229370	     -0.35166928375874351165	      0.84712009520477660196	     -0.05001911781731226830	     -0.00291472387878851389	      1.30037136656038532223	      1.30037136656038554428	      0.05538032112929901912	      0.00000000000000001599	     -0.00000000000000001479	      0.15543795715911576383	      0.08534122025260146294	     -0.03509783392241992706	      0.45446904961946671397	      0.45446904961946654744	     -0.02463232745291217898	     -0.00000000000000085080	     -0.00000000000000141600	      0.16208088125938238666	      0.00062335894869462337	     -0.13145707145939170002	     -0.74032456091414744481	     -0.38384358668328455444	     -0.13811896126897060810	      1.70673951630413145431	      1.45923563554763746630	     -0.00000000000000000533	     -0.00000000000000000651	     -0.49428988181690508563	     -0.19660574171545935895	     -0.21084834596729262746	      2.11156698056023195420	      1.33063001222796994938	      0.00000000000000000066	      0.00000000000000001858
      1.09600000000000008527	     -0.31284264346188350725	      0.00234025774218484276	     -0.02725182088660559401	      0.99975511907473701978	      1.02812587362203688990	     -0.35141452044933924048	      0.84952845852928027259	     -0.04736692571246315514	     -0.01080736684280140386	      1.26628460572398826578	      1.26628460572398826578	      0.05638739551626339302	      0.00000000000000001815	     -0.00000000000000001594	      0.14022017467214512032	      0.08131252500144042772	     -0.03966079021977585856	      0.44025684965795031101	      0.44025684965795008896	     -0.05671013937168171287	     -0.00000000000000091006	     -0.00000000000000155668	      0.16615006411162094868	      0.00497213197748056900	     -0.13217870257427738467	     -0.75162762098927893284	     -0.38387794278994885611	     -0.14316975548275392982	      1.71591760597414499934	      1.45782634483557971272	     -0.00000000000000000596	     -0.00000000000000000687	     -0.49916196746087421188	     -0.19738753912498768761	     -0.20989546022775981693	      2.12702044537654577638	      1.33032851599146151322	      0.00000000000000000045	      0.00000000000000002050
      1.10000000000000008882	     -0.31390221041789262424	      0.00036221078060951720	     -0.03122946154186861598	      1.00078861161836796256	      1.03100976925813925256	     -0.35114262663824907795	      0.85103450084646892204	     -0.04440665639714283519	     -0.01923211773828891955	      1.23096554880072517335	      1.23096554880072517335	      0.05671461815161885772	      0.00000000000000002000	     -0.00000000000000001715	      0.12531476643853345365	      0.07713211012587642412	     -0.04423067441216328721	      0.42634827318760765147	      0.42634827318760742942	     -0.08906494035507717122	     -0.00000000000000096678	     -0.00000000000000170750	      0.17006296763295677965	      0.00950164418716620968	     -0.13274138643991029163	     -0.76274888947084340529	     -0.38363995087343683021	     -0.14816138932598268974	      1.72474850560123926790	      1.45640142217149048953	     -0.00000000000000000664	     -0.00000000000000000743	     -0.50400977410490144237	     -0.19838186563058601841	     -0.20857428654942969382	      2.14214258385026701248	      1.33015310899708216752	      0.00000000000000000005	      0.00000000000000002255
      1.10400000000000009237	     -0.31487465684231985552	     -0.00176948655489938297	     -0.03514830854351602696	      1.00183549967476004383	      1.03382815405462125113	     -0.35085023334542259077	      0.85168590702462099173	     -0.04111972163758067372	     -0.02815658529155677312	      1.19454570503652690583	      1.19454570503652690583	      0.05642817490884376175	      0.00000000000000002276	     -0.00000000000000001917	      0.11069897748041508667	      0.07283747407890193981	     -0.04876124175382737930	      0.41272014989572575194	      0.41272014989572547439	     -0.12151573229970612233	     -0.00000000000000103187	     -0.00000000000000186050	      0.17383847502638133387	      0.01416718548634094549	     -0.13318146158492188968	     -0.77366400970736048937	     -0.38311928690995794566	     -0.15304945013823509359	      1.73325819843658379682	      1.45495893524272212893	     -0.00000000000000000759	     -0.00000000000000000811	     -0.50883886115992049692	     -0.19958597464944574651	     -0.20691951156570412285	      2.15687156659124479319	      1.33010497892712509227	     -0.00000000000000000058	      0.00000000000000002500
      1.10800000000000009592	     -0.31575653243155743510	     -0.00400550007290383526	     -0.03899092778867766645	      1.00289399975109816410	      1.03656900155094966465	     -0.35053513006912773164	      0.85152847414396359849	     -0.03751464337228518214	     -0.03751305720172620761	      1.15717404425375036681	      1.15717404425375014476	      0.05562255246332619557	      0.00000000000000002588	     -0.00000000000000002172	      0.09636731216759188146	      0.06849558908738577478	     -0.05319143427453453671	      0.39940561145529357434	      0.39940561145529335230	     -0.15388375755744768125	     -0.00000000000000110134	     -0.00000000000000202235	      0.17747607149134550508	      0.01889249688103216210	     -0.13353578472981572633	     -0.78433736063405690153	     -0.38230706289749571969	     -0.15779341132645657853	      1.74146665166363523447	      1.45349400894768643333	     -0.00000000000000000886	     -0.00000000000000000876	     -0.51364717078656763061	     -0.20099861947685337960	     -0.20497761275614953536	      2.17114834459440331216	      1.33018034338119339743	     -0.00000000000000000140	      0.00000000000000002800
      1.11200000000000009948	     -0.31653011902818162238	     -0.00627374698942756090	     -0.04273245534407268953	      1.00396018489961713627	      1.03922214599479079133	     -0.35019646759689559978	      0.85060075128232404129	     -0.03362420632877184679	     -0.04719071093165649877	      1.11900519528934982993	      1.11900519528935005198	      0.05440789069276896761	      0.00000000000000002853	     -0.00000000000000002633	      0.08233086284196390603	      0.06419893440549416519	     -0.05744074838070709066	      0.38649539475565680702	      0.38649539475565658497	     -0.18599355078963358823	     -0.00000000000000116882	     -0.00000000000000218389	      0.18095304170562681589	      0.02357381242866784729	     -0.13383913980572942348	     -0.79472038281840085006	     -0.38119774936330452775	     -0.16235769387041676382	      1.74938690773317184757	      1.45199978648090621824	     -0.00000000000000001097	     -0.00000000000000000943	     -0.51842579401906951908	     -0.20261869399438989237	     -0.20280475895334096337	      2.18492275139247693616	      1.33037018546402463492	     -0.00000000000000000202	      0.00000000000000003099
      1.11600000000000010303	     -0.31716307499780854728	     -0.00848481251028113462	     -0.04634313356316460686	      1.00502824961378878221	      1.04177946949839461688	     -0.34983478443817278558	      0.84892985325281544728	     -0.02949992174679662987	     -0.05703141384067422770	      1.08018731839166570730	      1.08018731839166548525	      0.05289509301593467439	      0.00000000000000003072	     -0.00000000000000003228	      0.06861538457125747337	      0.06005828915072464885	     -0.06140710234831067010	      0.37413373209929196017	      0.37413373209929173813	     -0.21767262174772228356	     -0.00000000000000123766	     -0.00000000000000234105	      0.18422475941025970303	      0.02808719942226426194	     -0.13412166097472172366	     -0.80475112460783604362	     -0.37979092902472566529	     -0.16671241576782577787	      1.75702493233845835618	      1.45046871052090731169	     -0.00000000000000001375	     -0.00000000000000001002	     -0.52316059734313924423	     -0.20444362059626636219	     -0.20046346053145233657	      2.19815830541939760678	      1.33066023865308191709	     -0.00000000000000000242	      0.00000000000000003437
      1.12000000000000010658	     -0.31761049966578080994	     -0.01053947947201418905	     -0.04979146934424832222	      1.00609098589941181601	      1.04423484777932062961	     -0.34945185880865586858	      0.84652938357508911160	     -0.02520451883529687548	     -0.06682991352480867342	      1.04085162698015532001	      1.04085162698015509797	      0.05118142231021127059	      0.00000000000000003346	     -0.00000000000000003914	      0.05525886046558051851	      0.05619303194434976945	     -0.06496824881660541451	      0.36250962941310216348	      0.36250962941310188592	     -0.24874887274453730268	     -0.00000000000000130488	     -0.00000000000000249368	      0.18722836759279146146	      0.03229847625357537555	     -0.13440686064163873126	     -0.81435542204326805127	     -0.37809273360405681874	     -0.17083350054930798723	      1.76437980610967470874	      1.44889394655780234800	     -0.00000000000000001682	     -0.00000000000000001049	     -0.52783425315890586393	     -0.20646786687568616236	     -0.19801813402595191960	      2.21083442195139623365	      1.33103134831147218442	     -0.00000000000000000316	      0.00000000000000003826
      1.12400000000000011013	     -0.31781939203347064904	     -0.01233765409742039812	     -0.05304762997952675724	      1.00714039517614661889	      1.04658385563421640896	     -0.34905040498000899918	      0.84339991931840785355	     -0.02080346733157718842	     -0.07633898131984502566	      1.00110510382989059686	      1.00110510382989037481	      0.04933848150069147787	      0.00000000000000003427	     -0.00000000000000004448	      0.04230909432410585869	      0.05271998410050352663	     -0.06798706253770464558	      0.35184480477390767117	      0.35184480477390744912	     -0.27904580767454534307	     -0.00000000000000137286	     -0.00000000000000265060	      0.18988957238750411860	      0.03607473475886608522	     -0.13471045630013850358	     -0.82345004727931681021	     -0.37611673361319708508	     -0.17470222202196886152	      1.77144439402503883763	      1.44727075506526858817	     -0.00000000000000001972	     -0.00000000000000001098	     -0.53242834935629068660	     -0.20868188812588919778	     -0.19552998390013973107	      2.22294586052188902769	      1.33146023037847172077	     -0.00000000000000000446	      0.00000000000000004269
      1.12800000000000011369	     -0.31773500111961883174	     -0.01378777724908356213	     -0.05608679084410053695	      1.00816836865817260893	      1.04882327070977798833	     -0.34863365623546860306	      0.83953207913725202971	     -0.01635673792161415618	     -0.08527984866011123488	      0.96102751471831227015	      0.96102751471831204810	      0.04740367263150505051	      0.00000000000000003279	     -0.00000000000000004872	      0.02982169346111282829	      0.04974205795676095443	     -0.07032037796417781039	      0.34237996721720698190	      0.34237996721720681537	     -0.30837649694809299294	     -0.00000000000000144159	     -0.00000000000000280948	      0.19213176432450404518	      0.03929631297149151908	     -0.13503982279474252559	     -0.83194801983623745123	     -0.37388401317142555547	     -0.17830464441749638294	      1.77820712392608548669	      1.44559760342538323741	     -0.00000000000000002261	     -0.00000000000000001131	     -0.53692542424488920449	     -0.21107167582393851490	     -0.19305181301458709808	      2.23450028911892939476	      1.33192055286533728164	     -0.00000000000000000592	      0.00000000000000004699
      1.13200000000000011724	     -0.31730817353437479333	     -0.01481583279023719786	     -0.05889211398887304882	      1.00916737719245896976	      1.05095044419726724172	     -0.34820490183266422646	      0.83491183196298335289	     -0.01191183567339452673	     -0.09335763234094665575	      0.92067336211053663053	      0.92067336211053629746	      0.04537594899262283737	      0.00000000000000002943	     -0.00000000000000005257	      0.01785850819357542862	      0.04733790250031490870	     -0.07183044809422549359	      0.33436088718349582516	      0.33436088718349554760	     -0.33653747051676763391	     -0.00000000000000151158	     -0.00000000000000297354	      0.19388626948565626518	      0.04186813387031046441	     -0.13539392074450037895	     -0.83976571246763409562	     -0.37142236174077769562	     -0.18163127249742896940	      1.78465511778124530373	      1.44387685692507017343	     -0.00000000000000002475	     -0.00000000000000001132	     -0.54131071073172043473	     -0.21361895157567303838	     -0.19062335782415348873	      2.24551465980283726509	      1.33238426576155588599	     -0.00000000000000000729	      0.00000000000000005111
      1.13600000000000012079	     -0.31650234973017277174	     -0.01537321568437791629	     -0.06145703041499971098	      1.01013106096288929336	      1.05296266823687534320	     -0.34776706763017861679	      0.82952716610280330389	     -0.00749868595318599167	     -0.10028035642863909749	      0.88007876412375052322	      0.88007876412375019015	      0.04321669533944950264	      0.00000000000000002409	     -0.00000000000000005608	      0.00648608923617948353	      0.04555354937295459650	     -0.07239726751909593416	      0.32802518727839424795	      0.32802518727839402590	     -0.36330405356894523994	     -0.00000000000000158079	     -0.00000000000000314109	      0.19510184963382923296	      0.04372954372540557161	     -0.13576372469448141911	     -0.84683051820936428022	     -0.36876485315476137394	     -0.18467679137536252565	      1.79077792396126289631	      1.44211498699725870765	     -0.00000000000000002685	     -0.00000000000000001115	     -0.54557297758831302392	     -0.21630187863563729578	     -0.18826763625926237755	      2.25601025191162340988	      1.33282314575858240602	     -0.00000000000000000880	      0.00000000000000005550
      1.14000000000000012434	     -0.31529880784752090106	     -0.01544277127499213767	     -0.06378651300347362718	      1.01105462350974084629	      1.05485665736998623920	     -0.34732243150170821755	      0.82337506985563846396	     -0.00312674262180721212	     -0.10577967560964947336	      0.83927280372845425305	      0.83927280372845403100	      0.04085634727213811879	      0.00000000000000001708	     -0.00000000000000005942	     -0.00422636606745477143	      0.04439691682216643370	     -0.07192984623591384963	      0.32359057498450227719	      0.32359057498450211066	     -0.38842875376073265903	     -0.00000000000000164880	     -0.00000000000000331079	      0.19575151625955863888	      0.04486186250879811016	     -0.13613320864378747332	     -0.85308752330174175693	     -0.36594822649437191986	     -0.18743965405907003774	      1.79657077421108191118	      1.44032229159351743419	     -0.00000000000000002908	     -0.00000000000000001084	     -0.54970388614468346233	     -0.21909607962382229851	     -0.18598871211800158121	      2.26600610103998212352	      1.33321052405668627472	     -0.00000000000000001070	      0.00000000000000006036
      1.14400000000000012790	     -0.31369955419082617976	     -0.01504225637363540945	     -0.06589722102776364443	      1.01193499029742750572	      1.05662819017705533753	     -0.34687251822230985576	      0.81646821513954070948	      0.00121538231227660593	     -0.10963129481681843647	      0.79829229496865983240	      0.79829229496865949933	      0.03820677003596923554	      0.00000000000000001097	     -0.00000000000000006282	     -0.01420933232686686677	      0.04383575079865352497	     -0.07037546532892580142	      0.32124554121208220847	      0.32124554121208198643	     -0.41164363287670263647	     -0.00000000000000171616	     -0.00000000000000347963	      0.19583589521075916995	      0.04529276201563076087	     -0.13648069565027901029	     -0.85850425226272675250	     -0.36301133833659515737	     -0.18992153375448850294	      1.80203673860302293619	      1.43851216572204876343	     -0.00000000000000003130	     -0.00000000000000001004	     -0.55369609454505475110	     -0.22197579445103624018	     -0.18377115570759294805	      2.27551155143652206192	      1.33352308305515609987	     -0.00000000000000001288	      0.00000000000000006512
      1.14800000000000013145	     -0.31172807190082640894	     -0.01422446626307854317	     -0.06781661135910868610	      1.01277070774682576015	      1.05827191334846326676	     -0.34641816890641258242	      0.80884111376181422326	      0.00555757906671445166	     -0.11167302200529417855	      0.75719831383969382621	      0.75719831383969360417	      0.03517888575717374039	      0.00000000000000000469	     -0.00000000000000006619	     -0.02339459226135836775	      0.04379929141861323844	     -0.06772683707059667935	      0.32114383370583410304	      0.32114383370583388100	     -0.43266669132365748185	     -0.00000000000000178356	     -0.00000000000000364755	      0.19538346875374515421	      0.04509654745704921169	     -0.13678016301560244616	     -0.86307329290907996988	     -0.35999377573871155223	     -0.19212689127637963549	      1.80718759466230061150	      1.43669999746908860772	     -0.00000000000000003318	     -0.00000000000000000936	     -0.55754102660776028166	     -0.22491509039388504765	     -0.18158134905562325900	      2.28451960757753047560	      1.33374253046040136539	     -0.00000000000000001517	      0.00000000000000006890
      1.15200000000000013500	     -0.30942798062867660214	     -0.01307366814577210108	     -0.06958115734763080373	      1.01356162522405535142	      1.05978131592055224708	     -0.34595976592113808490	      0.80055521458747247454	      0.00994333521459049227	     -0.11181858274073393222	      0.71609252758618080481	      0.71609252758618058277	      0.03170390397660093063	     -0.00000000000000000172	     -0.00000000000000006988	     -0.03171580400028671531	      0.04418366528071708543	     -0.06402686977176029470	      0.32340324222568245238	      0.32340324222568223034	     -0.45121220209726414785	     -0.00000000000000185195	     -0.00000000000000381349	      0.19444793407969626631	      0.04438989744537362447	     -0.13700219190324594565	     -0.86681262341596621024	     -0.35693472565412420749	     -0.19406284991014444152	      1.81204349047088908442	      1.43490180682694945524	     -0.00000000000000003462	     -0.00000000000000000870	     -0.56122708906040530419	     -0.22788897827604873148	     -0.17937063914829154410	      2.29300253890515826072	      1.33385695882246690935	     -0.00000000000000001745	      0.00000000000000007250
      1.15600000000000013856	     -0.30685919324873800473	     -0.01169874676081746404	     -0.07123395485441889885	      1.01430841270576088675	      1.06114893847881197608	     -0.34549759318882800052	      0.79170148427362807553	      0.01442304311851131879	     -0.11006558369488780857	      0.67513066886245931553	      0.67513066886245920450	      0.02775446037172506208	     -0.00000000000000000790	     -0.00000000000000007245	     -0.03910901914106140048	      0.04486045839642106847	     -0.05936995409441949562	      0.32810762708837154511	      0.32810762708837132307	     -0.46700561173590421360	     -0.00000000000000192081	     -0.00000000000000398098	      0.19310226596283938671	      0.04332359115010497863	     -0.13711443399681197408	     -0.86976338935311980904	     -0.35387217778193824635	     -0.19573935725393537544	      1.81663176310089946597	      1.43313281570944583976	     -0.00000000000000003575	     -0.00000000000000000843	     -0.56473845331433980554	     -0.23087418527140610158	     -0.17708009872320817912	      2.30091037451646851508	      1.33386172988146700646	     -0.00000000000000002020	      0.00000000000000007625
      1.16000000000000014211	     -0.30409120976595649388	     -0.01022384060895813185	     -0.07282207275516754119	      1.01501195625191065197	      1.06236688040550042444	     -0.34503228834024363136	      0.78239889473408219533	      0.01904651698227764409	     -0.10649638666112808127	      0.63453051846153030180	      0.63453051846153007975	      0.02336153653825500526	     -0.00000000000000001433	     -0.00000000000000007491	     -0.04551456851915951229	      0.04568763956332445170	     -0.05389886713011630970	      0.33531034851975072275	      0.33531034851975050071	     -0.47980671465610519322	     -0.00000000000000198945	     -0.00000000000000414943	      0.19142904428797627436	      0.04207115075289180606	     -0.13708158772948492166	     -0.87198509100695087426	     -0.35084240941595357111	     -0.19716949517353637988	      1.82098527928865294712	      1.43140617081227072838	     -0.00000000000000003620	     -0.00000000000000000777	     -0.56805416890928528417	     -0.23384940373408422132	     -0.17464650116337185337	      2.30817242912537423649	      1.33375975135371116487	     -0.00000000000000002277	      0.00000000000000007931
      1.16399999999999992362	     -0.30119467158266477469	     -0.00877689194744635422	     -0.07439375178585101722	      1.01567256943893680088	      1.06342718818506831724	     -0.34456537580175605751	      0.77278819134668186308	      0.02385538055395262577	     -0.10127159504203397944	      0.59457296677780979710	      0.59457296677780968608	      0.01862448705640372751	     -0.00000000000000002090	     -0.00000000000000007703	     -0.05088056426145790706	      0.04652202692503606962	     -0.04779711956361840791	      0.34503847544932636504	      0.34503847544932614300	     -0.48944624106090495186	     -0.00000000000000205846	     -0.00000000000000431777	      0.18950755853663245332	      0.04081521153353585840	     -0.13686513597233088135	     -0.87354818613305185160	     -0.34787964219658656928	     -0.19836965354644628401	      1.82513995461566547185	      1.42973203099606838151	     -0.00000000000000003668	     -0.00000000000000000692	     -0.57114696694565525448	     -0.23679501026309771050	     -0.17200884120187845405	      2.31470107078268583223	      1.33356110851827214248	     -0.00000000000000002558	      0.00000000000000008202
      1.16799999999999992717	     -0.29823206812051034076	     -0.00747879674902402619	     -0.07599582631194030935	      1.01628936558471361096	      1.06432229179608794922	     -0.34409965188521379753	      0.76302166539530991152	      0.02887826374043449273	     -0.09461706488023921557	      0.55559477565446169223	      0.55559477565446158120	      0.01371261500566886560	     -0.00000000000000002749	     -0.00000000000000007830	     -0.05516865857541677215	      0.04722959522045015734	     -0.04127930546190684141	      0.35729370254072090329	      0.35729370254072068125	     -0.49585676897302799482	     -0.00000000000000212754	     -0.00000000000000448737	      0.18739999309099358848	      0.03973439839665104251	     -0.13642300369234885982	     -0.87452511548172184863	     -0.34501639058583122299	     -0.19935959140700182379	      1.82913181794851653628	      1.42811703688485081010	     -0.00000000000000003743	     -0.00000000000000000604	     -0.57398316211637157025	     -0.23969214283451362180	     -0.16911471193138641333	      2.32039783383124298410	      1.33328202012859375891	     -0.00000000000000002892	      0.00000000000000008454
      1.17199999999999993072	     -0.29524711621646715365	     -0.00643465352835024922	     -0.07767011691691148856	      1.01686053828696376655	      1.06504783976496075759	     -0.34363936432239222674	      0.75325505583116070252	      0.03412467111522059920	     -0.08680686772072296331	      0.51797367764621882191	      0.51797367764621859987	      0.00885768002587172115	     -0.00000000000000003432	     -0.00000000000000007895	     -0.05835375858843350194	      0.04769943845822989525	     -0.03456680965640480246	      0.37206791038521730419	      0.37206791038521708215	     -0.49895574875849912910	     -0.00000000000000219650	     -0.00000000000000465909	      0.18514353307751066358	      0.03898903263815249598	     -0.13571085355278364459	     -0.87498512185338106484	     -0.34228385536306010772	     -0.20016288304762580585	      1.83299572072805894152	      1.42656404843829820450	     -0.00000000000000003822	     -0.00000000000000000538	     -0.57652821338627080472	     -0.24252160949735160345	     -0.16592616805110652067	      2.32516401933621441600	      1.33294328540862028198	     -0.00000000000000003282	      0.00000000000000008694
      1.17599999999999993427	     -0.29225827600907766657	     -0.00572297586545323332	     -0.07945215915775634408	      1.01738259799215335910	      1.06560218044426235906	     -0.34319011863480347602	      0.74363147229380810455	      0.03958181491540777724	     -0.07814011083561847593	      0.48210713186028469890	      0.48210713186028447685	      0.00433743755056481810	     -0.00000000000000004114	     -0.00000000000000007971	     -0.06043085417516321639	      0.04785163702470614927	     -0.02788680432170346710	      0.38933207581645012940	      0.38933207581644990736	     -0.49884780379832566188	     -0.00000000000000226579	     -0.00000000000000483174	      0.18273896357341370966	      0.03870710322977546219	     -0.13468196503718962709	     -0.87498568735500170668	     -0.33971047090310924066	     -0.20080536978019034033	      1.83675968888111329491	      1.42507309497868073223	     -0.00000000000000003931	     -0.00000000000000000493	     -0.57874644847841305584	     -0.24526371897251880716	     -0.16242375061539141012	      2.32890697772201260562	      1.33256824357697500893	     -0.00000000000000003684	      0.00000000000000008950
      1.17999999999999993783	     -0.28925580998164363011	     -0.00539000710962674739	     -0.08136891812087984621	      1.01785037701834779611	      1.06598651677037636887	     -0.34275864510568859744	      0.73426951579425514538	      0.04521379024358919418	     -0.06891977755123117333	      0.44838639103331584534	      0.44838639103331562330	      0.00045015574625473362	     -0.00000000000000004775	     -0.00000000000000008007	     -0.06141617328111961815	      0.04764284764804294775	     -0.02145312091284187067	      0.40904300753005934377	      0.40904300753005917723	     -0.49575670770330126924	     -0.00000000000000233522	     -0.00000000000000500382	      0.18014765013071357136	      0.03897488116951367682	     -0.13328965647840232411	     -0.87456796759261112850	     -0.33732112179124018603	     -0.20131424347534268571	      1.84044231226371590715	      1.42364214216102258348	     -0.00000000000000004184	     -0.00000000000000000451	     -0.58060439551422238225	     -0.24789767760399386565	     -0.15860860049428815444	      2.33154872617067843166	      1.33218057263821654246	     -0.00000000000000004063	      0.00000000000000009330
      1.18399999999999994138	     -0.28620153830045474974	     -0.00544663993553657494	     -0.08343744720142699800	      1.01825745755952423721	      1.06620495765573619629	     -0.34235225908958172303	      0.72525264359421326432	      0.05096244009194438734	     -0.05943267524990651640	      0.41716836343828728184	      0.41716836343828705980	     -0.00251759210252075786	     -0.00000000000000005416	     -0.00000000000000008063	     -0.06134747473269298867	      0.04706843919186495112	     -0.01545404988212282192	      0.43114334059302200641	      0.43114334059302178437	     -0.49002289820282346477	     -0.00000000000000240533	     -0.00000000000000517622	      0.17729338896933538594	      0.03983023300687819901	     -0.13148991589185077267	     -0.87375433275643865638	     -0.33513588492873580549	     -0.20171667184409158846	      1.84405109143773060509	      1.42226829309006630453	     -0.00000000000000004579	     -0.00000000000000000390	     -0.58207515329536585469	     -0.25040148442202564416	     -0.15450265252029271590	      2.33303369698724383241	      1.33180206345183660410	     -0.00000000000000004517	      0.00000000000000009753
      1.18799999999999994493	     -0.28303214410640592513	     -0.00586907787784400007	     -0.08566389197262458399	      1.01859686329388865467	      1.06626418639371212116	     -0.34197817149306186657	      0.71662166515739023076	      0.05675033633881035322	     -0.04993334263282844104	      0.38874868573029358609	      0.38874868573029336405	     -0.00432631768246469033	     -0.00000000000000006055	     -0.00000000000000008060	     -0.06028276753380713143	      0.04616059269738322784	     -0.01004240876038597213	      0.45555997781318324780	      0.45555997781318297024	     -0.48209075231807096973	     -0.00000000000000247568	     -0.00000000000000534915	      0.17406941848728410549	      0.04126041016944808487	     -0.12924495997719531726	     -0.87254830361166513253	     -0.33316884563775273076	     -0.20203807069621057546	      1.84758210182494364560	      1.42094906519603902950	     -0.00000000000000004980	     -0.00000000000000000332	     -0.58314273448821418722	     -0.25275222943083969218	     -0.15014684019456225883	      2.33333442109438493617	      1.33145068308131686585	     -0.00000000000000004978	      0.00000000000000010083
      1.19199999999999994849	     -0.27966578953487647441	     -0.00660326315356622468	     -0.08804271608036276509	      1.01886195240952104335	      1.06617278813947446992	     -0.34164275778395775118	      0.70837147705202929693	      0.06248573215046700907	     -0.04063354412641118768	      0.36333908857077046317	      0.36333908857077024113	     -0.00481830933315715963	     -0.00000000000000006731	     -0.00000000000000008046	     -0.05829741580899348158	      0.04498238270001257699	     -0.00532849446896505822	      0.48220128491227987055	      0.48220128491227959300	     -0.47248570027739678068	     -0.00000000000000254584	     -0.00000000000000552259	      0.17035009396795602887	      0.04320475336793763027	     -0.12652762235079306752	     -0.87093681991154070499	     -0.33142731987313667208	     -0.20230005174610363183	      1.85102086819623745662	      1.41968356605779000290	     -0.00000000000000005406	     -0.00000000000000000256	     -0.58380573253044443227	     -0.25492679062176354376	     -0.14559750366514803699	      2.33245430123343933104	      1.33113916118750208462	     -0.00000000000000005522	      0.00000000000000010383
      1.19599999999999995204	     -0.27601156765252876646	     -0.00757227459721501826	     -0.09055620812347969784	      1.01904742340231724285	      1.06594030670047645870	     -0.34135087601758179465	      0.70045277338471378936	      0.06806887128262927023	     -0.03169819954586473171	      0.34105160486091129490	      0.34105160486091112837	     -0.00394735469298642620	     -0.00000000000000007324	     -0.00000000000000007899	     -0.05547940842940287526	      0.04361856354768292587	     -0.00137658136848045317	      0.51095412004145712714	      0.51095412004145690510	     -0.46178213007221308173	     -0.00000000000000261591	     -0.00000000000000569644	      0.16600639420928645085	      0.04556177578267265466	     -0.12332596333026320246	     -0.86889451614675039526	     -0.32991161629268117572	     -0.20251826436927625186	      1.85434411438745838652	      1.41847343850619656003	     -0.00000000000000005861	     -0.00000000000000000181	     -0.58408006011966284721	     -0.25690286921455152136	     -0.14092141342512987112	      2.33042727281718065058	      1.33087420806037992627	     -0.00000000000000006139	      0.00000000000000010798
      1.19999999999999995559	     -0.27198111992024076589	     -0.00868556698257324893	     -0.09317437662345683103	      1.01915032297715857368	      1.06557611766034443512	     -0.34110532178902247535	      0.69277910310502333058	      0.07339884657927724099	     -0.02324795126824321517	      0.32189172202751137331	      0.32189172202751115126	     -0.00179943899275826252	     -0.00000000000000007868	     -0.00000000000000007703	     -0.05192262704264771073	      0.04216408906636519294	      0.00179455511140207287	      0.54168199257115046130	      0.54168199257115012824	     -0.45056388905845701220	     -0.00000000000000268591	     -0.00000000000000587031	      0.16092409587832820494	      0.04819969275490092186	     -0.11964734354968946384	     -0.86638950842791051521	     -0.32861542182315162108	     -0.20270043602075055178	      1.85752200034049819166	      1.41732345790551272913	     -0.00000000000000006458	     -0.00000000000000000109	     -0.58400064068457757660	     -0.25866026570819872221	     -0.13618991340987871008	      2.32731451615156759161	      1.33065641882983087818	     -0.00000000000000006776	      0.00000000000000011249
      1.20399999999999995914	     -0.26750134423749066803	     -0.00984920621667254373	     -0.09585530566921564299	      1.01917090467130488918	      1.06508823081646442077	     -0.34090650261277449795	      0.68523907937448624850	      0.07838060230235553705	     -0.01536768762611308986	      0.30576199038762857940	      0.30576199038762835736	      0.00139900452557424008	     -0.00000000000000008396	     -0.00000000000000007453	     -0.04771844551925348565	      0.04071124727554750744	      0.00420740177802563734	      0.57422514026177151614	      0.57422514026177129409	     -0.43938081247463528500	     -0.00000000000000275563	     -0.00000000000000604438	      0.15502267252055518254	      0.05096971133609003168	     -0.11552142228140116487	     -0.86338993877884528949	     -0.32752702051689208673	     -0.20284489256687102121	      1.86052069882522053135	      1.41624162090716310125	     -0.00000000000000007251	     -0.00000000000000000018	     -0.58362172089745556480	     -0.26018226004263517170	     -0.13147269021347157691	      2.32319866814547948408	      1.33048091545133528868	     -0.00000000000000007464	      0.00000000000000011835
      1.20799999999999996270	     -0.26252672774444635317	     -0.01097655041945983651	     -0.09854601650818368974	      1.01911315528402535158	      1.06448216305813092575	     -0.34075239904345694386	      0.67771296593507823758	      0.08293201974641295493	     -0.00811953314746607403	      0.29247694973453569611	      0.29247694973453547407	      0.00528802068764815895	     -0.00000000000000008873	     -0.00000000000000007187	     -0.04294649857505109664	      0.03933620032530887878	      0.00591883930725544197	      0.60840280416462555468	      0.60840280416462533264	     -0.42870619408509302861	     -0.00000000000000282505	     -0.00000000000000621910	      0.14827224596402543977	      0.05372157396736089441	     -0.11100175056935374096	     -0.85987030720064672185	     -0.32663162548130630913	     -0.20293980004699760378	      1.86330539072886591789	      1.41523853572472657625	     -0.00000000000000008112	      0.00000000000000000064	     -0.58301526251006308144	     -0.26145694331903640562	     -0.12683168948842535317	      2.31817621152406294627	      1.33033876640777459777	     -0.00000000000000008121	      0.00000000000000012466
      1.21199999999999996625	     -0.25704983852935125999	     -0.01199860350788286949	     -0.10118388225950908366	      1.01898485990907783361	      1.06376000680276483479	     -0.34063884355326462527	      0.67009219159626731699	      0.08699077055686048332	     -0.00155825906749157070	      0.28178876728375751304	      0.28178876728375734650	      0.00939717377012074667	     -0.00000000000000009421	     -0.00000000000000006932	     -0.03766566914725710813	      0.03808608022961210149	      0.00701175567419030660	      0.64401768093160749462	      0.64401768093160727258	     -0.41889976185461125224	     -0.00000000000000289443	     -0.00000000000000639411	      0.14070613489455718881	      0.05632034314161687982	     -0.10616561770050510216	     -0.85581665604612155995	     -0.32591485974079925647	     -0.20296333069374367097	      1.86584355506486310183	      1.41432606515900416433	     -0.00000000000000008881	      0.00000000000000000193	     -0.58226710564241801471	     -0.26247830461061644192	     -0.12231573881003225679	      2.31234882326286816934	      1.33021910084401828733	     -0.00000000000000008850	      0.00000000000000012990
      1.21599999999999996980	     -0.25110862498763891759	     -0.01287272359799230409	     -0.10369873033348582514	      1.01879719073744867686	      1.06291979541261882858	     -0.34056007018559952826	      0.66229935532371042584	      0.09052018738470360426	      0.00425362312600607601	      0.27342044052246711194	      0.27342044052246688990	      0.01318294301841606807	     -0.00000000000000010015	     -0.00000000000000006737	     -0.03190651305010208660	      0.03696840393319280466	      0.00758598265201587251	      0.68086212449545269187	      0.68086212449545258085	     -0.41017974434802956241	     -0.00000000000000296381	     -0.00000000000000656921	      0.13242722760036459984	      0.05866238829678484257	     -0.10111164465569627557	     -0.85122989539968207939	     -0.32536687389497603862	     -0.20288491366108477032	      1.86810790222192046883	      1.41351545200229233856	     -0.00000000000000009688	      0.00000000000000000355	     -0.58147107217122095957	     -0.26324679568603270852	     -0.11795650090329865001	      2.30581464985037420945	      1.33011158675239493654	     -0.00000000000000009638	      0.00000000000000013581
      1.21999999999999997335	     -0.24478934697737755877	     -0.01358834114828030848	     -0.10601577830430977678	      1.01856386183562119818	      1.06195525002743473841	     -0.34050945385205105831	      0.65430597412354296605	      0.09351322385542344684	      0.00923396024874125268	      0.26710231440317327989	      0.26710231440317305784	      0.01607718946557833498	     -0.00000000000000010639	     -0.00000000000000006758	     -0.02566627421237875281	      0.03594466308066460170	      0.00774930640058430452	      0.71872553983358544727	      0.71872553983358511420	     -0.40260683866939384057	     -0.00000000000000303330	     -0.00000000000000674453	      0.12360696459556837212	      0.06068825638741125877	     -0.09595470774730492647	     -0.84612684215766276186	     -0.32498628192778677981	     -0.20266763865823977930	      1.87007820057899687427	      1.41281526456631589816	     -0.00000000000000010593	      0.00000000000000000546	     -0.58072143450587132563	     -0.26376917799013338550	     -0.11376631799778047505	      2.29866049766094393547	      1.33000885392861389889	     -0.00000000000000010466	      0.00000000000000014315
      1.22399999999999997691	     -0.23822455688676844043	     -0.01416903990694315385	     -0.10805940033989973326	      1.01829992966891058614	      1.06085594962253826345	     -0.34048035610703919485	      0.64614568866629340516	      0.09599392177079768551	      0.01327439717665845897	      0.26260765302792637987	      0.26260765302792615783	      0.01754222480505037915	     -0.00000000000000011246	     -0.00000000000000006845	     -0.01890710451178069865	      0.03492914888400761725	      0.00760923902001618083	      0.75740254757627134552	      0.75740254757627112348	     -0.39608183313838168926	     -0.00000000000000310293	     -0.00000000000000692003	      0.11447670200555734588	      0.06239085679817957253	     -0.09081835657639154846	     -0.84053891334188379769	     -0.32478318608012013424	     -0.20227164215930454327	      1.87174185578831342447	      1.41222942802717854605	     -0.00000000000000011498	      0.00000000000000000779	     -0.58010449721027013137	     -0.26405772378898295649	     -0.10973812679577080176	      2.29095570350721988717	      1.32990853448637502687	     -0.00000000000000011338	      0.00000000000000015076
      1.22799999999999998046	     -0.23158611513481086597	     -0.01467102178881280784	     -0.10975757726861923302	      1.01802035330527762547	      1.05960790423498907309	     -0.34046698136767655773	      0.63792112919301291463	      0.09801619137385761404	      0.01624052332189494796	      0.25978304654119932504	      0.25978304654119910300	      0.01712680878254805097	     -0.00000000000000011825	     -0.00000000000000006990	     -0.01155757388954152705	      0.03379323275670006316	      0.00726615329530174835	      0.79670159325701328523	      0.79670159325701306319	     -0.39035767235570933975	     -0.00000000000000317267	     -0.00000000000000709587	      0.10531216626226166944	      0.06381815851635501413	     -0.08582545156247368967	     -0.83450876943776663985	     -0.32478066113402637161	     -0.20165808779605634560	      1.87309364879081052813	      1.41175553124688168971	     -0.00000000000000012414	      0.00000000000000001016	     -0.57969027110364779176	     -0.26412905856284446537	     -0.10584724459854692735	      2.28274821367704783270	      1.32981468898860244465	     -0.00000000000000012229	      0.00000000000000015833
      1.23199999999999998401	     -0.22507346711695791486	     -0.01517817855333507444	     -0.11104660222730465546	      1.01773843734882385448	      1.05819451677551579216	     -0.34046515338652827420	      0.62980284647964901446	      0.09965974230898509700	      0.01798072406203893303	      0.25856944735960096793	      0.25856944735960074588	      0.01452187776385036738	     -0.00000000000000012364	     -0.00000000000000007190	     -0.00351763754625594120	      0.03237496487395917499	      0.00680858026381967515	      0.83645324641820373301	      0.83645324641820339995	     -0.38506561323866889124	     -0.00000000000000324257	     -0.00000000000000727215	      0.09641206517108709406	      0.06506991284208071824	     -0.08108812783932958790	     -0.82808561204017649970	     -0.32501407010800931197	     -0.20079327993105020034	      1.87413496540485668973	      1.41138359708323335440	     -0.00000000000000013346	      0.00000000000000001238	     -0.57952502141135930902	     -0.26400303309259154361	     -0.10205473187811334168	      2.27406324727361397464	      1.32973840205376969692	     -0.00000000000000013126	      0.00000000000000016604
      1.23599999999999998757	     -0.21890188281485381538	     -0.01579473796212644415	     -0.11187805084074337048	      1.01746333492635421258	      1.05659912548520207309	     -0.34047308452787222732	      0.62202304512548656223	      0.10102419928407922745	      0.01832517413194360845	      0.25901548602963958556	      0.25901548602963936352	      0.00951148682729251876	     -0.00000000000000012889	     -0.00000000000000007497	      0.00533408497371669257	      0.03049084182052462857	      0.00630893506910822945	      0.87651752644582447971	      0.87651752644582425766	     -0.37975346282483385396	     -0.00000000000000331234	     -0.00000000000000744882	      0.08807305969990074368	      0.06629099825534331969	     -0.07669645701725598397	     -0.82132266475836368524	     -0.32552825383785000124	     -0.19965274951441794316	      1.87487220219775618801	      1.41109533492394900733	     -0.00000000000000014239	      0.00000000000000001458	     -0.57962296386733924702	     -0.26370212799043518670	     -0.09831126364126144268	      2.26490425030638586890	      1.32969798100177349909	     -0.00000000000000014022	      0.00000000000000017331
      1.23999999999999999112	     -0.21327977671418915651	     -0.01663478276711767567	     -0.11221848933150120609	      1.01719956761529140010	      1.05480582051852511682	     -0.34049159236075005053	      0.61485316360349462350	      0.10222181228786328400	      0.01714176796890980875	      0.26127136044749288413	      0.26127136044749266208	      0.00225816124690189418	     -0.00000000000000013421	     -0.00000000000000007930	      0.01512612888838472079	      0.02795645661300567505	      0.00582703814374029450	      0.91678583845909278338	      0.91678583845909233929	     -0.37393221109498708810	     -0.00000000000000338224	     -0.00000000000000762621	      0.08056115709384550905	      0.06765414836087686734	     -0.07271250562729167366	     -0.81426742244703798068	     -0.32637352078463044425	     -0.19822431310223911916	      1.87531632154517402533	      1.41086469428532534920	     -0.00000000000000015142	      0.00000000000000001678	     -0.57996758636246481533	     -0.26325029052133236407	     -0.09456378474159644887	      2.25525778980520685835	      1.32971653723586280549	     -0.00000000000000014912	      0.00000000000000018094
      1.24399999999999999467	     -0.20839278893980897611	     -0.01781415147975265456	     -0.11205791045364263403	      1.01694584853821146098	      1.05280090915527457796	     -0.34052381672476500496	      0.60858978787556972101	      0.10336749146105195241	      0.01432147054659871702	      0.26557599511334489817	      0.26557599511334467612	     -0.00695943991451217474	     -0.00000000000000013940	     -0.00000000000000008432	      0.02598636178729823651	      0.02460251636408821926	      0.00540746517675168899	      0.95718077531612510978	      0.95718077531612477671	     -0.36712723736430069588	     -0.00000000000000345200	     -0.00000000000000780451	      0.07408960254119474620	      0.06934690948797078702	     -0.06915953822828005415	     -0.80695716757408175734	     -0.32759855378077179511	     -0.19651109088322948892	      1.87547870789917792145	      1.41065856866537697734	     -0.00000000000000016062	      0.00000000000000001904	     -0.58050779509706529335	     -0.26267012812341899997	     -0.09075931121649374878	      2.24509582837784105180	      1.32982115441199710837	     -0.00000000000000015799	      0.00000000000000018923
      1.24799999999999999822	     -0.20438591565496663782	     -0.01943853857252184764	     -0.11141099718366814786	      1.01669433927680019636	      1.05057541318289504595	     -0.34057482420359402875	      0.60352512055434703875	      0.10456879342629590846	      0.00981339884218075491	      0.27222913373629675782	      0.27222913373629653577	     -0.01765328044378101924	     -0.00000000000000014449	     -0.00000000000000008957	      0.03802651182090314302	      0.02029301399366740394	      0.00508440180523365808	      0.99765129716104916646	      0.99765129716104883340	     -0.35892740362082564687	     -0.00000000000000352127	     -0.00000000000000798257	      0.06879597387322444746	      0.07155160732695767245	     -0.06602023277974428117	     -0.79941900361935824826	     -0.32924058403468742240	     -0.19453210826939160150	      1.87536787465045207135	      1.41043891344109550978	     -0.00000000000000016988	      0.00000000000000002145	     -0.58115734842371158386	     -0.26198369564572993040	     -0.08684996867993723113	      2.23438255527235751785	      1.33003974554467152558	     -0.00000000000000016683	      0.00000000000000019762
      1.25200000000000000178	     -0.20134864986216416405	     -0.02159285535187047481	     -0.11031800746655069656	      1.01643091853548983572	      1.04812699292636568593	     -0.34065078941936011159	      0.59991867310529811697	      0.10591662420138775458	      0.00364393121889903604	      0.28155364237043856157	      0.28155364237043833953	     -0.02916453167937487628	     -0.00000000000000015012	     -0.00000000000000009627	      0.05132948937910624537	      0.01494148473991389371	      0.00488522476166351229	      1.03816488158237518746	      1.03816488158237474337	     -0.34902716017766466372	     -0.00000000000000359073	     -0.00000000000000816105	      0.06472765305243123601	      0.07442621441115558623	     -0.06323617581985500891	     -0.79166812399963948366	     -0.33131723711503713314	     -0.19232181581612331489	      1.87498582081084741446	      1.41016551037999082752	     -0.00000000000000017881	      0.00000000000000002353	     -0.58179907399898977971	     -0.26121136047330795193	     -0.08279685821785859323	      2.22307983046084389755	      1.33039799208400211228	     -0.00000000000000017549	      0.00000000000000020504
      1.25600000000000000533	     -0.19930437065106368366	     -0.02433185971507283510	     -0.10884338380506973498	      1.01613630147197797626	      1.04546157236156367354	     -0.34075798308832982997	      0.59796982448444324643	      0.10747797328331655520	     -0.00406859187869848017	      0.29385218272451718580	      0.29385218272451696375	     -0.04071122554344560468	     -0.00000000000000015573	     -0.00000000000000010389	      0.06593862421579305133	      0.00852352372256580046	      0.00483428114456936099	      1.07869728223667493694	      1.07869728223667449285	     -0.33725785212604608709	     -0.00000000000000366069	     -0.00000000000000834036	      0.06183555999476092468	      0.07808711180627903037	     -0.06071092868030210365	     -0.78370622396625833073	     -0.33382038144363423982	     -0.18992810602164891809	      1.87432471266954525646	      1.40979919345771653738	     -0.00000000000000018748	      0.00000000000000002585	     -0.58229287708147958735	     -0.26037033685486454804	     -0.07857271957817241193	      2.21115169004199785263	      1.33091624857507229152	     -0.00000000000000018435	      0.00000000000000021204
      1.26000000000000000888	     -0.19820567765797023063	     -0.02767331138620372083	     -0.10707201781199457424	      1.01578788704098177398	      1.04259444972924808503	     -0.34090175467829497702	      0.59779460317869148600	      0.10929191746835062449	     -0.01310690788905415245	      0.30936351959571956050	      0.30936351959571933845	     -0.05144719148129648506	     -0.00000000000000016110	     -0.00000000000000011274	      0.08185016291956710710	      0.00108364859679697403	      0.00495627914289598764	      1.11922091674569568198	      1.11922091674569523789	     -0.32360552078577198287	     -0.00000000000000373134	     -0.00000000000000852080	      0.05997702065048426956	      0.08259615856977096937	     -0.05831645272273661140	     -0.77551947683052324667	     -0.33671344662411145654	     -0.18740900149830860832	      1.87336436956324781100	      1.40930510882707182851	     -0.00000000000000019616	      0.00000000000000002838	     -0.58248711619540771700	     -0.25947294678135018886	     -0.07416308432687958307	      2.19856706483113262252	      1.33160684554612185337	     -0.00000000000000019347	      0.00000000000000021854
      1.26400000000000001243	     -0.19793656844939908068	     -0.03159421779069683522	     -0.10510333755791817500	      1.01536207508776099573	      1.03955067335351247770	     -0.34108569006386324496	      0.59940892516165567017	      0.11136909626159074982	     -0.02315737973048646522	      0.32822308818564077670	      0.32822308818564061017	     -0.06052776958848608835	     -0.00000000000000016727	     -0.00000000000000012349	      0.09900964598430095354	     -0.00726418514372054180	      0.00527885398726340646	      1.15969302875639845851	      1.15969302875639801442	     -0.30821363646660604463	     -0.00000000000000380239	     -0.00000000000000870264	      0.05892731744572769076	      0.08795322518231217523	     -0.05590241428289342840	     -0.76707588479472732512	     -0.33993270303102501861	     -0.18482815703138169572	      1.87207068904679596599	      1.40865573611778516216	     -0.00000000000000020459	      0.00000000000000003096	     -0.58223224666866568722	     -0.25852479141182083122	     -0.06956603975776742832	      2.18530019864923374939	      1.33247211551105348981	     -0.00000000000000020275	      0.00000000000000022461
      1.26800000000000001599	     -0.19832148377671338091	     -0.03603012365892731966	     -0.10304369283927111711	      1.01483669140873034031	      1.03636452050167693351	     -0.34131108722414854606	      0.60271963645336579241	      0.11369383703016508469	     -0.03382283518551432167	      0.35043167971276800721	      0.35043167971276784067	     -0.06717752122627465572	     -0.00000000000000017253	     -0.00000000000000013389	      0.11731224856467939444	     -0.01634196287632350836	      0.00583401778574602157	      1.20004485491188117585	      1.20004485491188050972	     -0.29137028771080059064	     -0.00000000000000387273	     -0.00000000000000888509	      0.05839840453757751820	      0.09409421629472825011	     -0.05330761417451613388	     -0.75832237831570958875	     -0.34339204736047818090	     -0.18224931756520257320	      1.87039480026228455145	      1.40783353812789768789	     -0.00000000000000021276	      0.00000000000000003364	     -0.58139503212256615772	     -0.25752310147761892090	     -0.06479107574272047199	      2.17132864249994250727	      1.33350337822190168069	     -0.00000000000000021233	      0.00000000000000023068
      1.27200000000000001954	     -0.19914054569180208998	     -0.04087752116697914578	     -0.10099770708929779739	      1.01419317915924489526	      1.03307796032906051842	     -0.34157681584652077600	      0.60752430365521492561	      0.11622803939513705329	     -0.04464531301200265478	      0.37583551296604189584	      0.37583551296604167380	     -0.07075398740774531403	     -0.00000000000000017920	     -0.00000000000000014591	      0.13660716859692056957	     -0.02591828143753258096	      0.00665821663606595490	      1.24017308681716409424	      1.24017308681716365015	     -0.27348079145537645962	     -0.00000000000000394314	     -0.00000000000000906961	      0.05806302575886904127	      0.10089441721333659852	     -0.05037275404818748054	     -0.74918268957697098376	     -0.34699023531322636948	     -0.17973006806538993629	      1.86827274642962737339	      1.40683304753477433913	     -0.00000000000000022098	      0.00000000000000003629	     -0.57987136337849176648	     -0.25645578054714956995	     -0.05985738011811456150	      2.15662906370005735823	      1.33468103692081996314	     -0.00000000000000022203	      0.00000000000000023699
      1.27600000000000002309	     -0.20014941415732170893	     -0.04599974683491078048	     -0.09905945092683571263	      1.01341830695863022171	      1.02973811753764032950	     -0.34187954651159851993	      0.61352020010008623263	      0.11891634448345163311	     -0.05513639726882883785	      0.40412022629190830214	      0.40412022629190802459	     -0.07079988911411237706	     -0.00000000000000018346	     -0.00000000000000015708	      0.15670625125550252665	     -0.03572377037753871054	      0.00779094221272747314	      1.27993516146632191344	      1.27993516146632146935	     -0.25502900185793736521	     -0.00000000000000401310	     -0.00000000000000925438	      0.05758223010492545535	      0.10817715402147835835	     -0.04695362077216431312	     -0.73955735755672014076	     -0.35061927213315324803	     -0.17731564192151960668	      1.86562581214144396213	      1.40566199968263183528	     -0.00000000000000022929	      0.00000000000000003886	     -0.57759585625314591173	     -0.25530183892105051680	     -0.05479161609333486199	      2.14117173978351482688	      1.33597582955329041710	     -0.00000000000000023149	      0.00000000000000024291
      1.28000000000000002665	     -0.20110156448347107916	     -0.05123658622844935034	     -0.09730436652328802727	      1.01250527802752166018	      1.02639398650596125329	     -0.34221426780392338873	      0.62032257769081766696	      0.12169231168894030504	     -0.06481193893533827854	      0.43482042324173425518	      0.43482042324173403314	     -0.06707595912685906936	     -0.00000000000000018497	     -0.00000000000000016186	      0.17739696415398981122	     -0.04547049637020510182	      0.00927193737653067562	      1.31914972805630803521	      1.31914972805630759112	     -0.23653160625265784445	     -0.00000000000000408166	     -0.00000000000000943803	      0.05663426946768234521	      0.11572757765122596019	     -0.04293367596887290999	     -0.72932726877199183235	     -0.35417270727767230509	     -0.17503369757519010586	      1.86236181458504312936	      1.40434112843566816231	     -0.00000000000000023770	      0.00000000000000004165	     -0.57454687736678999865	     -0.25403375926560162190	     -0.04962515407312460824	      2.12491506931317841733	      1.33735117828471805623	     -0.00000000000000024118	      0.00000000000000024894
      1.28400000000000003020	     -0.20177045967315204722	     -0.05641679252759469743	     -0.09578284525323128851	      1.01145421353270892340	      1.02309293269596746079	     -0.34257494701797680525	      0.62749102965665559672	      0.12448478342989185985	     -0.07322781325493125937	      0.46734394849976684805	      0.46734394849976662600	     -0.05957100346378010197	     -0.00000000000000018582	     -0.00000000000000016548	      0.19845880388382150517	     -0.05487350557370558601	      0.01113746472652541591	      1.35760215281662421916	      1.35760215281662377507	     -0.21849034982870296773	     -0.00000000000000414982	     -0.00000000000000962084	      0.05494259608102137343	      0.12331017066479821320	     -0.03823493539715210748	     -0.71836165873969359819	     -0.35755269691119062614	     -0.17289065984249954444	      1.85837769145839248885	      1.40290259260683880527	     -0.00000000000000024611	      0.00000000000000004429	     -0.57074652661970493028	     -0.25262176928621354888	     -0.04439103543182907480	      2.10780164056812369111	      1.33876640717439898687	     -0.00000000000000025113	      0.00000000000000025495
      1.28800000000000003375	     -0.20196917738744049609	     -0.06137168685094218645	     -0.09451623578994790276	      1.01027200312089648904	      1.01987766592106865460	     -0.34295517236524192262	      0.63456135573517757908	      0.12722315632794886642	     -0.08001339524429479377	      0.50100793691765643789	      0.50100793691765610482	     -0.04849061238804362739	     -0.00000000000000018864	     -0.00000000000000016773	      0.21968107001973891101	     -0.06367161950002886428	      0.01341658451321966691	      1.39505355495241745167	      1.39505355495241656349	     -0.20134774420424078611	     -0.00000000000000421899	     -0.00000000000000980360	      0.05230018380514028786	      0.13068745870181525115	     -0.03282586530031175731	     -0.70653042443473768053	     -0.36067512999416040387	     -0.17086992992377136868	      1.85356373509777250241	      1.40138731862178000931	     -0.00000000000000025422	      0.00000000000000004718	     -0.56625597810896299844	     -0.25103939685793308367	     -0.03912124087838887015	      2.08975740674544097075	      1.34018043542090570241	     -0.00000000000000026076	      0.00000000000000026082
      1.29200000000000003730	     -0.20156581368691389722	     -0.06594805443432213976	     -0.09349573868130051091	      1.00897153918409676621	      1.01678419689806065485	     -0.34334865727779873001	      0.64107988268447391178	      0.12984093562843468384	     -0.08489980610854849785	      0.53508297633943091576	      0.53508297633943058269	     -0.03422794262312280067	     -0.00000000000000019371	     -0.00000000000000017571	      0.24088000179370949727	     -0.07164501415945327689	      0.01612803938440048393	      1.43125218190833769505	      1.43125218190833702891	     -0.18545082210733615513	     -0.00000000000000428874	     -0.00000000000000998663	      0.04858768179460060121	      0.13763775792111590524	     -0.02672521374254689663	     -0.69371944327719237133	     -0.36347281501288553063	     -0.16893221895475346583	      1.84780973799593417617	      1.39984160791132561386	     -0.00000000000000026196	      0.00000000000000005006	     -0.56116713141335861081	     -0.24926941975458136169	     -0.03384472187406049881	      2.07069513001644844863	      1.34155552856574655785	     -0.00000000000000027010	      0.00000000000000026665
      1.29600000000000004086	     -0.20049367189249084342	     -0.07001913393787673190	     -0.09268409681348935281	      1.00757047837537494495	      1.01384089162955781660	     -0.34374955943120472091	      0.64663680495565400985	      0.13227796652422846302	     -0.08774031581650749978	      0.56884062323664441596	      0.56884062323664408289	     -0.01732087971224677281	     -0.00000000000000020238	     -0.00000000000000019233	      0.26191391610463982120	     -0.07862825541071240265	      0.01927759626529314610	      1.46594682357986116905	      1.46594682357986050292	     -0.17102569928130723076	     -0.00000000000000435875	     -0.00000000000001016951	      0.04378390475553151778	      0.14397066476063452578	     -0.02000132682253642075	     -0.67984663358716423964	     -0.36589727640665026254	     -0.16701825406105730298	      1.84101314164752993818	      1.39831334589562739090	     -0.00000000000000027000	      0.00000000000000005305	     -0.55559224686911989899	     -0.24730918961732870076	     -0.02858627957258303570	      2.05052270967841376859	      1.34286072529539612930	     -0.00000000000000027910	      0.00000000000000027304
      1.30000000000000004441	     -0.19875545840980782253	     -0.07349282859336425666	     -0.09201971178173040666	      1.00608977276537925327	      1.01106841567070060428	     -0.34415264226531100400	      0.65089515477908199692	      0.13448204623251344692	     -0.08852064822039204528	      0.60159909969070735070	      0.60159909969070701763	      0.00159998346937901973	     -0.00000000000000021501	     -0.00000000000000021281	      0.28269528786675518495	     -0.08451801760450382284	      0.02285557671892270853	      1.49890201651824828133	      1.49890201651824739315	     -0.15816465463903042754	     -0.00000000000000442846	     -0.00000000000001035253	      0.03796788550943284296	      0.14953938528378901696	     -0.01276685650035956458	     -0.66487590250680861370	     -0.36791982247597637690	     -0.16505393962390718654	      1.83308904301145436655	      1.39684814152330072368	     -0.00000000000000027844	      0.00000000000000005640	     -0.54965366808169424662	     -0.24517424024287440276	     -0.02336621814501878280	      2.02915636195916793127	      1.34407457847031319709	     -0.00000000000000028844	      0.00000000000000028031
      1.30400000000000004796	     -0.19642109112474109844	     -0.07631649372444557211	     -0.09142267218766984838	      1.00455222589377735076	      1.00848026027834558604	     -0.34455334420450134392	      0.65361263907172950649	      0.13641026814692622238	     -0.08735810800889025340	      0.63276278434293775632	      0.63276278434293731223	      0.02186763077686688581	     -0.00000000000000022830	     -0.00000000000000023007	      0.30319838535834520155	     -0.08927501743997015571	      0.02683481462616810198	      1.52991333420035835466	      1.52991333420035768853	     -0.14682687174805669761	     -0.00000000000000449829	     -0.00000000000001053655	      0.03131238026363234589	      0.15424905546614009477	     -0.00516914287710788182	     -0.64882655879082351547	     -0.36953222355632309171	     -0.16295762116858233948	      1.82398152654030720754	      1.39548569179986703404	     -0.00000000000000028732	      0.00000000000000006016	     -0.54347535740981678387	     -0.24289943288567750201	     -0.01820071165756952103	      2.00653736223566170338	      1.34518686967969114399	     -0.00000000000000029795	      0.00000000000000028723
      1.30800000000000005151	     -0.19361943170779932766	     -0.07847789160393198182	     -0.09080209581482666381	      1.00298119471562685590	      1.00608361213648578314	     -0.34494781954264769341	      0.65465402586863086221	      0.13802998286469167488	     -0.08448965444332694197	      0.66185202876554916074	      0.66185202876554871665	      0.04283263667614699982	     -0.00000000000000023720	     -0.00000000000000022686	      0.32346062570377637213	     -0.09292004755441120312	      0.03116975122064527537	      1.55881972844464766759	      1.55881972844464700145	     -0.13685345567422593782	     -0.00000000000000456882	     -0.00000000000001072103	      0.02406913122599075097	      0.15806021993497970657	      0.00262297144340361372	     -0.63177689681934490196	     -0.37074687331125510958	     -0.16064869432264952676	      1.81367544901153232573	      1.39425662565756947053	     -0.00000000000000029594	      0.00000000000000006417	     -0.53717707252593449585	     -0.24053752868924521691	     -0.01310280617582923642	      1.98265002733744322150	      1.34619899559611111428	     -0.00000000000000030750	      0.00000000000000029328
      1.31200000000000005507	     -0.19052503262540390616	     -0.08000218308215104046	     -0.09006419598846729380	      1.00139939258485832774	      1.00388043415662453484	     -0.34533300593684224111	      0.65399258942590232646	      0.13931892017803076955	     -0.08024989250452715939	      0.68852094437424560258	      0.68852094437424538054	      0.06390901301392692968	     -0.00000000000000024192	     -0.00000000000000020889	      0.34357650154039293122	     -0.09552443739625859909	      0.03579732560124398305	      1.58551056498288311936	      1.58551056498288245322	     -0.12799556546601326135	     -0.00000000000000463954	     -0.00000000000001090556	      0.01654678157865775018	      0.16098689352758341342	      0.01043469245157799610	     -0.61386178404454982971	     -0.37159602454570650476	     -0.15805654565821011803	      1.80220761110590466103	      1.39318011028240751337	     -0.00000000000000030426	      0.00000000000000006795	     -0.53087123591954055168	     -0.23815562961179048695	     -0.00808395352990137414	      1.95753866059962078339	      1.34712289827597420100	     -0.00000000000000031713	      0.00000000000000030000
      1.31600000000000005862	     -0.18734169182102788920	     -0.08094518378136209003	     -0.08912047920212136376	      0.99982773533182145442	      1.00186864507155659609	     -0.34570673835042736721	      0.65170088125748781849	      0.14026396984358430187	     -0.07504129083533901678	      0.71256230723887736822	      0.71256230723887703515	      0.08460827878983076533	     -0.00000000000000024409	     -0.00000000000000018633	      0.36368460077041991907	     -0.09719605412110916831	      0.04063965980374442677	      1.60992669308539593231	      1.60992669308539526618	     -0.11995118853860962937	     -0.00000000000000471057	     -0.00000000000001109051	      0.00908372830138737437	      0.16308917901161659736	      0.01810153000831071085	     -0.59526479417256172866	     -0.37212977509831179912	     -0.15512857786367187374	      1.78967604628255005927	      1.39226261406151929911	     -0.00000000000000031259	      0.00000000000000007226	     -0.52466230444494943441	     -0.23583014642274266470	     -0.00315603273054238312	      1.93132153328161870753	      1.34797868700709688738	     -0.00000000000000032680	      0.00000000000000030680
      1.32000000000000006217	     -0.18428439504102259172	     -0.08138347381398571001	     -0.08789548172655964331	      0.99828431477134660366	      1.00004334549197149151	     -0.34606788006636857169	      0.64793218402022467739	      0.14085833431774175128	     -0.06929958481826388461	      0.73389939124669911763	      0.73389939124669878456	      0.10455931104957211231	     -0.00000000000000024997	     -0.00000000000000017531	      0.38394923882473525056	     -0.09806243787412008417	      0.04560827115434482049	      1.63205571575792629524	      1.63205571575792540706	     -0.11240498883787884699	     -0.00000000000000478146	     -0.00000000000001127544	      0.00201901573308300823	      0.16446099839821184951	      0.02548442964704185007	     -0.57620595888631598314	     -0.37241255880042473114	     -0.15183615236110159508	      1.77624621639539781448	      1.39149815590451009228	     -0.00000000000000032102	      0.00000000000000007703	     -0.51864852522477888908	     -0.23364088638274638221	      0.00166627871429872562	      1.90420039248460759573	      1.34879127265279330494	     -0.00000000000000033608	      0.00000000000000031309
      1.32400000000000006573	     -0.18156097052702166450	     -0.08140284840749485717	     -0.08633337071334937218	      0.99678367460697092639	      0.99839808435983956603	     -0.34641641830932157209	      0.64289499351308398989	      0.14109776100688223299	     -0.06345773790174698281	      0.75256599853436367820	      0.75256599853436334513	      0.12351337268440325257	     -0.00000000000000025461	     -0.00000000000000016088	      0.40453897459208904008	     -0.09825343383879064918	      0.05060918028133149643	      1.65192252442240650190	      1.65192252442240561372	     -0.10506662751329065575	     -0.00000000000000485219	     -0.00000000000001146085	     -0.00433554238024291654	      0.16521480124525148026	      0.03248200530185989948	     -0.55692711753421131338	     -0.37251802154558821822	     -0.14817792737090729194	      1.76215315905282698949	      1.39086997362731801253	     -0.00000000000000032939	      0.00000000000000008167	     -0.51292546269872596465	     -0.23166490868553282767	      0.00636328523541851258	      1.87646439467683490143	      1.34958643131149158556	     -0.00000000000000034531	      0.00000000000000031896
      1.32800000000000006928	     -0.17935499133375415459	     -0.08108739435644736482	     -0.08440262916767474199	      0.99533652602515676477	      0.99692614915596244884	     -0.34675346497783504640	      0.63682354022695319973	      0.14097751823892287759	     -0.05791212830858062655	      0.76867745763074790677	      0.76867745763074746268	      0.14133542984629798855	     -0.00000000000000026192	     -0.00000000000000015666	      0.42560475730928976068	     -0.09788635315686655680	      0.05554786112308442159	      1.66957703254424072448	      1.66957703254423983630	     -0.09770388961903848923	     -0.00000000000000492312	     -0.00000000000001164705	     -0.00971908669998508210	      0.16546625846964116424	      0.03903822494129768200	     -0.53767745205699513100	     -0.37252250757179367069	     -0.14418071082778610714	      1.74769883926691926845	      1.39035317677705050343	     -0.00000000000000033798	      0.00000000000000008556	     -0.50759000499220174873	     -0.22997091731140642534	      0.01090897409234650034	      1.84848761531411942549	      1.35038677876046642190	     -0.00000000000000035412	      0.00000000000000032528
      1.33200000000000007283	     -0.17781150568331083317	     -0.08051085050787462616	     -0.08209828270672800410	      0.99394993274969334340	      0.99562182211626193418	     -0.34708110339507841635	      0.62994747615944068908	      0.14049120428518471759	     -0.05299408052076567954	      0.78239625751479802140	      0.78239625751479757731	      0.15798389976957516456	     -0.00000000000000027140	     -0.00000000000000015755	      0.44726007214978458215	     -0.09705577673232015923	      0.06033327017721740876	      1.68508085987710076736	      1.68508085987709987918	     -0.09016752468883953986	     -0.00000000000000499449	     -0.00000000000001183472	     -0.01393917919766629251	      0.16532127714221556136	      0.04514460656225945806	     -0.51870106896545753461	     -0.37249782689440624761	     -0.13989805561513435350	      1.73324428199125302186	      1.38991792789956991605	     -0.00000000000000034827	      0.00000000000000008808	     -0.50274361482305740534	     -0.22861481496384444823	      0.01527106590326274271	      1.82071966063802781477	      1.35120813987722643290	     -0.00000000000000036299	      0.00000000000000033332
      1.33600000000000007638	     -0.17702688997238624768	     -0.07973043522443899744	     -0.07944169626335476075	      0.99262786440848127523	      0.99448150165003001977	     -0.34740205948654040435	      0.62246421692751618959	      0.13963089610814446995	     -0.04894881665300254703	      0.79389722835121978584	      0.79389722835121923072	      0.17348253674760535925	     -0.00000000000000028205	     -0.00000000000000016391	      0.46956478798526496421	     -0.09582812504366258755	      0.06488099025404378550	      1.69849410165608305512	      1.69849410165608216694	     -0.08240521416389627596	     -0.00000000000000506601	     -0.00000000000001202281	     -0.01688204158424477450	      0.16486597877323619366	      0.05083723115359632672	     -0.50022704297405085061	     -0.37250425055000380148	     -0.13540663960163801249	      1.71919646995362263020	      1.38953286582699098162	     -0.00000000000000035952	      0.00000000000000008935	     -0.49849402055451524918	     -0.22763673308471055190	      0.01941207308382082372	      1.79366942281644869972	      1.35205670612452943935	     -0.00000000000000037196	      0.00000000000000034245
      1.34000000000000007994	     -0.17704369472192157953	     -0.07878281013118590415	     -0.07647821488682046698	      0.99137200667457059389	      0.99350456072002202301	     -0.34771922190535214936	      0.61451729236094487785	      0.13838768171176293875	     -0.04592324128286264656	      0.80333716267566557256	      0.80333716267566512848	      0.18788903783374133472	     -0.00000000000000028841	     -0.00000000000000015704	      0.49251405294361172427	     -0.09424037174265556538	      0.06911574071241280426	      1.70986310152965170772	      1.70986310152965059750	     -0.07446287258179809521	     -0.00000000000000513768	     -0.00000000000001221156	     -0.01851517754609582553	      0.16415960789820246979	      0.05618948707094512801	     -0.48246152191163660383	     -0.37258477411246493372	     -0.13080052326112495686	      1.70599042505856801633	      1.38916853873855949963	     -0.00000000000000037263	      0.00000000000000008882	     -0.49495508541421245896	     -0.22705962721077596611	      0.02329072808492314850	      1.76788245763781359798	      1.35292731554828793428	     -0.00000000000000038182	      0.00000000000000035285
      1.34400000000000008349	     -0.17785066329836490828	     -0.07768241313705642748	     -0.07327293458376070434	      0.99018276304004337884	      0.99269382611316114851	     -0.34803508093092089259	      0.60618285098776591990	      0.13675259938133343951	     -0.04396309225400418796	      0.81083206737977209233	      0.81083206737977164824	      0.20126477401599654482	     -0.00000000000000029847	     -0.00000000000000015357	      0.51603338222226613485	     -0.09230268906757627123	      0.07297316385596352983	      1.71921061708339917296	      1.71921061708339828478	     -0.06647358088872017123	     -0.00000000000000520960	     -0.00000000000001240191	     -0.01888258578327608322	      0.16323086136857903328	      0.06130161231089657076	     -0.46558145561073938090	     -0.37276147525672814753	     -0.12618387782918649709	      1.69406759047426080933	      1.38880051956718375550	     -0.00000000000000038791	      0.00000000000000008817	     -0.49224495571297027796	     -0.22688934121276163602	      0.02686349824261915348	      1.74391344108201562513	      1.35380308001083382585	     -0.00000000000000039260	      0.00000000000000036453
      1.34800000000000008704	     -0.17938760355474539510	     -0.07642289302152248387	     -0.06990490054090153782	      0.98906036807124597665	      0.99205558573550023382	     -0.34835118920602187176	      0.59746533440697791040	      0.13471886029480339975	     -0.04301918214697878634	      0.81644377582311422614	      0.81644377582311389308	      0.21364994924992472547	     -0.00000000000000031127	     -0.00000000000000014752	      0.53998090472449045141	     -0.09000516677381002750	      0.07640050209285190186	      1.72653023603123312313	      1.72653023603123223495	     -0.05863635438777050485	     -0.00000000000000528178	     -0.00000000000001259107	     -0.01809333801297406327	      0.16207860968271992075	      0.06628816697537504021	     -0.44972975276761845143	     -0.37303445223565318001	     -0.12166321348340174147	      1.68385219938070251899	      1.38841179686967963747	     -0.00000000000000040244	      0.00000000000000009030	     -0.49048268821185586619	     -0.22711595280032320643	      0.03008626823561364599	      1.72229607303486664804	      1.35465645911037912974	     -0.00000000000000040521	      0.00000000000000037820
      1.35200000000000009059	     -0.18155445614807222410	     -0.07498189302501377662	     -0.06646015204920649455	      0.98800597154009128786	      0.99159908408635821786	     -0.34866774247626430849	      0.58830243499283718656	      0.13228572880872163653	     -0.04296182320403291871	      0.82017673541272251292	      0.82017673541272206883	      0.22504723525075714941	     -0.00000000000000033272	     -0.00000000000000014165	      0.56415694390511650358	     -0.08732816783893923573	      0.07935588358592389480	      1.73178633335237286417	      1.73178633335237219804	     -0.05118767021725147137	     -0.00000000000000535382	     -0.00000000000001277955	     -0.01630484699540107191	      0.16067728216679647013	      0.07126464791245704089	     -0.43501187210440656061	     -0.37338341674531938530	     -0.11734006875605906828	      1.67572743168510829292	      1.38799413691533546356	     -0.00000000000000041636	      0.00000000000000009452	     -0.48978362718398327225	     -0.22771622265904506444	      0.03291619882647213446	      1.70351286041532801185	      1.35545172033564598202	     -0.00000000000000041767	      0.00000000000000039068
      1.35600000000000009415	     -0.18422332836771093678	     -0.07332833831819383918	     -0.06302428638847594466	      0.98702250114570488915	      0.99133556659888466545	     -0.34898334467499636524	      0.57857811434729355948	      0.12946332512138247761	     -0.04360153069348968180	      0.82198454582264546264	      0.82198454582264501855	      0.23541462765221135567	     -0.00000000000000036441	     -0.00000000000000013834	      0.58831967900831994012	     -0.08425450878224660656	      0.08180638442752027895	      1.73491951141141464987	      1.73491951141141353965	     -0.04436952264183929850	     -0.00000000000000542545	     -0.00000000000001296754	     -0.01370304459629602747	      0.15898575688892949143	      0.07633468169926686808	     -0.42149407218315126933	     -0.37377146327507232426	     -0.11330480999060864311	      1.67001320268908659550	      1.38754831083774687883	     -0.00000000000000043321	      0.00000000000000009638	     -0.49025390076441133225	     -0.22865689744462344701	      0.03531357728726856882	      1.68796710363221458273	      1.35614848036852597701	     -0.00000000000000043067	      0.00000000000000039927
      1.36000000000000009770	     -0.18725208637365067799	     -0.07143088446427504901	     -0.05967527604778741224	      0.98611509802235131072	      0.99127697947762094532	     -0.34929498746765991202	      0.56814174061113631442	      0.12627710798680419346	     -0.04471361717182756323	      0.82178502685489773771	      0.82178502685489729362	      0.24466744292167794117	     -0.00000000000000039935	     -0.00000000000000012584	      0.61220494543520154185	     -0.08078115671922279917	      0.08372527753934169703	      1.73585676685991852075	      1.73585676685991763257	     -0.03839796744331927525	     -0.00000000000000549728	     -0.00000000000001315616	     -0.01048200237183482229	      0.15695796624134913944	      0.08157916180411332874	     -0.40920365858613977350	     -0.37415023508875233649	     -0.10963200070671294539	      1.66694731083306701969	      1.38708321445183324627	     -0.00000000000000044880	      0.00000000000000010075	     -0.49198433539142066850	     -0.22989860101508341472	      0.03724341070340019683	      1.67595927907357733488	      1.35670589356425908001	     -0.00000000000000044284	      0.00000000000000040899
      1.36400000000000010125	     -0.19049818503251444990	     -0.06926622983713145998	     -0.05647720546533818720	      0.98529099571764500176	      0.99143445628350890253	     -0.34959823079634549936	      0.55683087962925037484	      0.12277089748852183793	     -0.04606390686768300352	      0.81948150260638352727	      0.81948150260638297215	      0.25268831722759121927	     -0.00000000000000042745	     -0.00000000000000011500	      0.63554799529733851937	     -0.07692862182948323468	      0.08508908046143399961	      1.73452502575770450832	      1.73452502575770362014	     -0.03343541201921423206	     -0.00000000000000556956	     -0.00000000000001334491	     -0.00682521017848936214	      0.15455348599000137688	      0.08704833653407169358	     -0.39813119512390787724	     -0.37446568667704355216	     -0.10637756683340811314	      1.66667145585668929897	      1.38661405278006344410	     -0.00000000000000046946	      0.00000000000000011151	     -0.49504410880959548447	     -0.23140004355988780249	      0.03867657360795755811	      1.66766975387609805992	      1.35708703532786523205	     -0.00000000000000045344	      0.00000000000000041817
      1.36800000000000010481	     -0.19383142793546542793	     -0.06682604246391496416	     -0.05347554123057981362	      0.98455883547466793715	      0.99181676392116113750	     -0.34988754129131227621	      0.54449490464036087722	      0.11900751427209156630	     -0.04743247570072317565	      0.81498706726655445465	      0.81498706726655401056	      0.25934345001296132960	     -0.00000000000000044890	     -0.00000000000000011478	      0.65810490748900940527	     -0.07274672436973882161	      0.08587519523388321974	      1.73086611483022134728	      1.73086611483022045910	     -0.02956920711084839656	     -0.00000000000000564244	     -0.00000000000001353337	     -0.00289033226114543103	      0.15174650999163949439	      0.09275755857892437062	     -0.38823417783330821385	     -0.37466369582505798519	     -0.10357775559301055091	      1.66922346799591081457	      1.38615989175638798514	     -0.00000000000000049003	      0.00000000000000012635	     -0.49947462351339450004	     -0.23312221008690478530	      0.03959038084332574398	      1.66314952575572716498	      1.35726301597157439360	     -0.00000000000000046401	      0.00000000000000042938
      1.37200000000000010836	     -0.19714441900262455465	     -0.06412149740614539462	     -0.05069434486452596700	      0.98392753999213511396	      0.99242891416567013962	     -0.35015674184108080969	      0.53101668768478305083	      0.11506659936097174413	     -0.04863304939770303481	      0.80824848472166466173	      0.80824848472166421764	      0.26450207919685086999	     -0.00000000000000046422	     -0.00000000000000009540	      0.67967139069615167823	     -0.06831585932351871837	      0.08606074943466020255	      1.72485108711889623123	      1.72485108711889512101	     -0.02679865097252676770	     -0.00000000000000571580	     -0.00000000000001372157	      0.00120121655711674527	      0.14853200585356490793	      0.09868699443365068491	     -0.37944176060095813341	     -0.37469490688195483674	     -0.10124972206536828057	      1.67453664489823506045	      1.38574093547177090713	     -0.00000000000000051289	      0.00000000000000014607	     -0.50528424582455921943	     -0.23503210685563794002	      0.03996854641771854788	      1.66232001075933810696	      1.35721638686020806830	     -0.00000000000000047672	      0.00000000000000044071
      1.37600000000000011191	     -0.20035957819610486497	     -0.06118498073028413864	     -0.04813547196596050515	      0.98340500667716979066	      0.99327116239836543699	     -0.35039952196216428426	      0.51632968459432238006	      0.11104000984153164500	     -0.04952707724178094517	      0.79926624845822147325	      0.79926624845822102916	      0.26805527116725846870	     -0.00000000000000047549	     -0.00000000000000004946	      0.70009669751957726014	     -0.06374361009196034822	      0.08562281368930331482	      1.71649164376846763425	      1.71649164376846630198	     -0.02503207541727685628	     -0.00000000000000578933	     -0.00000000000001390929	      0.00536916134409613430	      0.14492852509845924325	      0.10478491808265175123	     -0.37166051536587696447	     -0.37451842545136848628	     -0.09939336730205770853	      1.68244640908034992499	      1.38537590104124830326	     -0.00000000000000053971	      0.00000000000000017130	     -0.51244485081870527754	     -0.23710557087691083722	      0.03980068566834696342	      1.66498169321910860496	      1.35694345738103816501	     -0.00000000000000049002	      0.00000000000000044781
      1.38000000000000011546	     -0.20343185306335959117	     -0.05806884942577077158	     -0.04577962918298804362	      0.98299691168720160217	      0.99433858271111474902	     -0.35060996427819002275	      0.50042812752601850690	      0.10702559684301597709	     -0.05003215820889225784	      0.78810772902634251835	      0.78810772902634207426	      0.26992972148687882639	     -0.00000000000000049473	     -0.00000000000000000992	      0.71929071288871060386	     -0.05915703456605698324	      0.08453993956456244685	      1.70584653884661929801	      1.70584653884661840983	     -0.02409500900121447700	     -0.00000000000000586275	     -0.00000000000001409743	      0.00957350070243096277	      0.14097756806291350529	      0.11097390557624402241	     -0.36478126822416445663	     -0.37410413870301756356	     -0.09799394288637298944	      1.69270398986436476640	      1.38507984568382092050	     -0.00000000000000056648	      0.00000000000000019683	     -0.52089109134565303449	     -0.23932864989667138045	      0.03908158823467650783	      1.67083073936479653554	      1.35645521499455878889	     -0.00000000000000050334	      0.00000000000000045347
      1.38400000000000011902	     -0.20634710183351154256	     -0.05484134982783830242	     -0.04358909330221000245	      0.98270582739304968012	      0.99562127615199491615	     -0.35078305310718094212	      0.48336958116942330133	      0.10311996818435496814	     -0.05012471915741427420	      0.77491201089429229132	      0.77491201089429173621	      0.27009435257181141354	     -0.00000000000000052193	      0.00000000000000001590	      0.73722365745056084307	     -0.05469155989260896661	      0.08279477636349949488	      1.69302184175508552144	      1.69302184175508441122	     -0.02374828459398060226	     -0.00000000000000593604	     -0.00000000000001428564	      0.01380856138511915923	      0.13673970854052922008	      0.11715909823985728999	     -0.35868658071313502811	     -0.37343361043125561372	     -0.09702492840848130073	      1.70499602924739512844	      1.38486272128383958169	     -0.00000000000000059989	      0.00000000000000022367	     -0.53052273541910310861	     -0.24169735633263519925	      0.03781035931007899198	      1.67948203707523102679	      1.35577675741652536878	     -0.00000000000000051666	      0.00000000000000045682
      1.38800000000000012257	     -0.20911687988135807537	     -0.05158002470484399082	     -0.04151185536271957688	      0.98253075881054652285	      0.99710513414579948765	     -0.35091512677612429760	      0.46527048916935820344	      0.09941058553445476786	     -0.04983702215236770344	      0.75988651167552845322	      0.75988651167552812016	      0.26855924385876034366	     -0.00000000000000055726	      0.00000000000000004138	      0.75391908011489816577	     -0.05047797784731113124	      0.08037735351608359113	      1.67816487776207323712	      1.67816487776207212690	     -0.02371296299965607035	     -0.00000000000000600888	     -0.00000000000001447420	      0.01809342464712971124	      0.13228793235143868068	      0.12323757543493511768	     -0.35325803768193297927	     -0.37249966452071081591	     -0.09645069274732329112	      1.71896824820876203965	      1.38472885072327067668	     -0.00000000000000063363	      0.00000000000000025075	     -0.54120980606091706466	     -0.24421590655152033977	      0.03598942220780676493	      1.69049650802770301539	      1.35494534601427130127	     -0.00000000000000053008	      0.00000000000000046248
      1.39200000000000012612	     -0.21177054873914391564	     -0.04836337531441304433	     -0.03948683410940582311	      0.98246713606705404764	      0.99877301484458591574	     -0.35100422669622155514	      0.44629566931876585301	      0.09596783070729161813	     -0.04924893806732041218	      0.74329605831756118128	      0.74329605831756062617	      0.26536706002571974761	     -0.00000000000000058803	      0.00000000000000007328	      0.76944125480630376490	     -0.04662919557190201014	      0.07728853013466426003	      1.66145230196324988903	      1.66145230196324855676	     -0.02369875418241799980	     -0.00000000000000608253	     -0.00000000000001466240	      0.02246023762398571127	      0.12769901828387203446	      0.12910783922482935160	     -0.34838276687923497299	     -0.37130487577592602433	     -0.09622859773774695979	      1.73425112180266505213	      1.38467738574573440147	     -0.00000000000000066847	      0.00000000000000028055	     -0.55279986426779426090	     -0.24689371157311998384	      0.03362344428233261795	      1.70341033371882200065	      1.35400729366585115265	     -0.00000000000000054256	      0.00000000000000046835
      1.39600000000000012967	     -0.21434571277242231435	     -0.04526219104156793682	     -0.03744945145686828097	      0.98250723173880238903	      1.00060615788323903352	     -0.35105030574437895430	      0.42664281386250296757	      0.09283822229515417690	     -0.04847572192908218558	      0.72544544873654437378	      0.72544544873654404071	      0.26057848627300200794	     -0.00000000000000061304	      0.00000000000000012191	      0.78387846865398269625	     -0.04322858797695041527	      0.07354306918952414895	      1.64307372763921799574	      1.64307372763921688552	     -0.02343301264362113515	     -0.00000000000000615693	     -0.00000000000001485033	      0.02694181697340819470	      0.12304442467270633454	      0.13467826613945751979	     -0.34395906949158777666	     -0.36985930841504177646	     -0.09631045011238388576	      1.75048537887504340738	      1.38470357837246704769	     -0.00000000000000070473	      0.00000000000000031087	     -0.56512640046057449617	     -0.24974158841328031322	      0.03071843759939279009	      1.71776352382111152650	      1.35301403839410094854	     -0.00000000000000055515	      0.00000000000000047392
      1.40000000000000013323	     -0.21687811832741993312	     -0.04233212551827864045	     -0.03533682729870148836	      0.98264092051803575423	      1.00258565847088965128	     -0.35105526583445778588	      0.40652333440094701178	      0.09004009465579440596	     -0.04765343649687287658	      0.70665706211183765273	      0.70665706211183720864	      0.25425357562199146777	     -0.00000000000000062798	      0.00000000000000018861	      0.79732397065298998839	     -0.04032173493501062939	      0.06917175089326452198	      1.62321284469300830544	      1.62321284469300719522	     -0.02268756750217516480	     -0.00000000000000623215	     -0.00000000000001503912	      0.03155988089658026685	      0.11838232719620400690	      0.13987351874674611163	     -0.33990109409365754090	     -0.36817797076390806899	     -0.09664334543226756058	      1.76734517343193497929	      1.38480058624964197378	     -0.00000000000000074114	      0.00000000000000034209	     -0.57801730712206511598	     -0.25276771582338403155	      0.02728133473462003231	      1.73312529658880021266	      1.35201780726330267335	     -0.00000000000000056722	      0.00000000000000047814
      1.40400000000000013678	     -0.21939240869586118521	     -0.03960845983815740323	     -0.03309226316140050084	      0.98285665047787662552	      1.00469380490585535881	     -0.35102281782619465522	      0.38614202055774443645	      0.08756234999776410510	     -0.04692392923198093757	      0.68724653184601780520	      0.68724653184601736111	      0.24643235147922462613	     -0.00000000000000064722	      0.00000000000000023850	      0.80985696630032766308	     -0.03791247123708867128	      0.06422180472156145681	      1.60202845719760844645	      1.60202845719760733623	     -0.02130056889660722139	     -0.00000000000000630768	     -0.00000000000001522932	      0.03631535296998061185	      0.11375185807301907426	      0.14463853909022239552	     -0.33614225342752773740	     -0.36627853574930058222	     -0.09717004192168104959	      1.78455694974796208463	      1.38496154454344688745	     -0.00000000000000077817	      0.00000000000000037376	     -0.59130293299658820416	     -0.25597374111051174328	      0.02332012813317417554	      1.74911428373250421586	      1.35106730482302750396	     -0.00000000000000057855	      0.00000000000000048145
      1.40800000000000014033	     -0.22189526886735674860	     -0.03710333971280261461	     -0.03066903768140964368	      0.98314248316440466802	      1.00691508092767367799	     -0.35095818881002299738	      0.36567899390825286954	      0.08536618742590366959	     -0.04642146034200050897	      0.66750068711686083578	      0.66750068711686039169	      0.23711870309105170795	     -0.00000000000000067400	      0.00000000000000030626	      0.82152657793955907728	     -0.03596335492122513383	      0.05875485863675113107	      1.57963828305559994547	      1.57963828305559883525	     -0.01919052493883738331	     -0.00000000000000638256	     -0.00000000000001541938	      0.04118228255766807205	      0.10917000821227139384	      0.14894029991273874391	     -0.33263689278110031289	     -0.36417990303045782996	     -0.09782907094971281248	      1.80191221883612717747	      1.38518165517428593070	     -0.00000000000000081587	      0.00000000000000040669	     -0.60482371236639786982	     -0.25935131112869402870	      0.01884446096300183837	      1.76541212314648032766	      1.35020389045949285034	     -0.00000000000000058965	      0.00000000000000048560
      1.41200000000000014388	     -0.22437200259402612090	     -0.03480565087297920329	     -0.02803343772391223704	      0.98348709306283399467	      1.00923670399097153982	     -0.35086772113136949214	      0.34527673348839149625	      0.08338960210991039346	     -0.04626247470424738051	      0.64766100870862364225	      0.64766100870862319816	      0.22627081583056452008	     -0.00000000000000069976	      0.00000000000000041415	      0.83234118190965666884	     -0.03440043262245217476	      0.05284213891496826465	      1.55610788011167411327	      1.55610788011167300304	     -0.01636074715685292141	     -0.00000000000000645748	     -0.00000000000001560961	      0.04610639067496243027	      0.10463151606520228187	      0.15276756148334372232	     -0.32935986808866296593	     -0.36190195400639540990	     -0.09855483738358458701	      1.81927320492823496600	      1.38546001417127229161	     -0.00000000000000085354	      0.00000000000000043919	     -0.61843727079646493294	     -0.26287927934390592499	      0.01386655503758688068	      1.78176973698949758784	      1.34945861897147700859	     -0.00000000000000060075	      0.00000000000000048988
      1.41599999999999992539	     -0.22678676449451209973	     -0.03268377402618970889	     -0.02516661998880737397	      0.98388061898516399051	      1.01164867517897905103	     -0.35075842243716620628	      0.32503325269183841462	      0.08155457223666255639	     -0.04653872523569770742	      0.62791372768131747950	      0.62791372768131703541	      0.21379984505375645987	     -0.00000000000000072498	      0.00000000000000052575	      0.84226444488077811812	     -0.03312199373091769677	      0.04655763314125192093	      1.53144608773332890905	      1.53144608773332779883	     -0.01289438316226842497	     -0.00000000000000653308	     -0.00000000000001579935	      0.05100816956910458888	      0.10011205511348342245	      0.15612876222498803247	     -0.32630426824302488642	     -0.35946639685704812051	     -0.09927811602278102665	      1.83657158871693315660	      1.38580085204111003172	     -0.00000000000000089097	      0.00000000000000047126	     -0.63202436151605900783	     -0.26652195633132713670	      0.00840236212609675286	      1.79800685191766551618	      1.34885039023457120599	     -0.00000000000000061209	      0.00000000000000049509
      1.41999999999999992895	     -0.22908623497510535727	     -0.03069128670346420867	     -0.02206485008788091479	      0.98431525330138913699	      1.01414336303995122890	     -0.35063752951166410332	      0.30500156160351521439	      0.07977663696864878418	     -0.04731345160392859406	      0.60838663133707515662	      0.60838663133707471253	      0.19957788900643208541	     -0.00000000000000074920	      0.00000000000000064535	      0.85121861256708097887	     -0.03201066228586216950	      0.03997036726323247718	      1.50560773993246588276	      1.50560773993246499458	     -0.00894129322466292488	     -0.00000000000000660989	     -0.00000000000001598937	      0.05578987316299499621	      0.09557475879603273550	      0.15904814371446718280	     -0.32347786403141465250	     -0.35689833797072073596	     -0.09992736324598112951	      1.85380114572180487720	      1.38621388390895083909	     -0.00000000000000092708	      0.00000000000000050330	     -0.64549267776692753618	     -0.27022886891594732894	      0.00247283055835571374	      1.81400589271326828644	      1.34838535354154731571	     -0.00000000000000062331	      0.00000000000000050186
      1.42399999999999993250	     -0.23120604288415891325	     -0.02877493501006094662	     -0.01873810649072794529	      0.98478549424165162662	      1.01671469422159721496	     -0.35051213663169950019	      0.28519484644945947149	      0.07797581603373800185	     -0.04862037746319510662	      0.58915228670305141989	      0.58915228670305097580	      0.18345456031635831717	     -0.00000000000000077311	      0.00000000000000077586	      0.85909448506693697478	     -0.03094726809714062540	      0.03313690991732991947	      1.47850353663920475178	      1.47850353663920364156	     -0.00469876007931228478	     -0.00000000000000668696	     -0.00000000000001617829	      0.06034524819188868960	      0.09097922390623637556	      0.16156059064424299621	     -0.32089880756694183495	     -0.35422814694416954184	     -0.10043103008853278280	      1.87100529672190019070	      1.38671367089808761364	     -0.00000000000000096293	      0.00000000000000053528	     -0.65877791922748962783	     -0.27393622588337823709	     -0.00389484747072302599	      1.82970145000313211270	      1.34805754853374448743	     -0.00000000000000063450	      0.00000000000000050858
      1.42799999999999993605	     -0.23307878981212168390	     -0.02688350298005811809	     -0.01520744678253096310	      0.98528804059469865528	      1.01935708173704453472	     -0.35038892659592846268	      0.26559620042867543299	      0.07608720482613801073	     -0.05046532372456737775	      0.57023710080501244235	      0.57023710080501199826	      0.16528019388094108977	     -0.00000000000000079345	      0.00000000000000089973	      0.86576651052113551277	     -0.02982414955221430672	      0.02609513124147262719	      1.45001614477113771606	      1.45001614477113660584	     -0.00038864476489789719	     -0.00000000000000676360	     -0.00000000000001636697	      0.06457045345035650197	      0.08629134493189632993	      0.16370605186167133671	     -0.31859095633905570866	     -0.35149316478159658983	     -0.10072082961252530608	      1.88826082057536148717	      1.38731809642167291940	     -0.00000000000000099875	      0.00000000000000056719	     -0.67184198075847689768	     -0.27756993890681025405	     -0.01066617903378176517	      1.84506659977521003668	      1.34785062017415069313	     -0.00000000000000064552	      0.00000000000000051445
      1.43199999999999993960	     -0.23464255921255561255	     -0.02497621955528699089	     -0.01150159209842018318	      0.98582135075141541503	      1.02206423965509163310	     -0.35027402753146302805	      0.24617152230256489354	      0.07406965210462776450	     -0.05283015293474040835	      0.55163512837046646542	      0.55163512837046602133	      0.14493296146416859149	     -0.00000000000000081312	      0.00000000000000101279	      0.87111113205069912180	     -0.02855582720720728149	      0.01886012336017665533	      1.42002104998698519545	      1.42002104998698408522	      0.00376644573995990693	     -0.00000000000000684141	     -0.00000000000001655507	      0.06837473443524413885	      0.08149236716086249999	      0.16552433347630668425	     -0.31657913914806123934	     -0.34873881993562566572	     -0.10073576265068094615	      1.90565926860143375343	      1.38804614480720256431	     -0.00000000000000103423	      0.00000000000000059916	     -0.68466851515331383915	     -0.28104992960729979767	     -0.01779867596073491862	      1.86009758696586602333	      1.34774037623494025162	     -0.00000000000000065662	      0.00000000000000051957
      1.43599999999999994316	     -0.23584902304470400924	     -0.02302968083084789425	     -0.00765320270157542060	      0.98638493004774241424	      1.02482803156346258255	     -0.35017298745482211553	      0.22688400412509548976	      0.07191142802805292056	     -0.05567852357105813887	      0.53332478721223075535	      0.53332478721223031126	      0.12234665087060681010	     -0.00000000000000083479	      0.00000000000000111078	      0.87502635141306583932	     -0.02708588124837764399	      0.01142304596528734631	      1.38840989425638006161	      1.38840989425637895138	      0.00756586225441423319	     -0.00000000000000691907	     -0.00000000000001674365	      0.07168975607589639365	      0.07658596895340338828	      0.16705081956199741011	     -0.31488473785858345222	     -0.34601878325508994561	     -0.10042654762058947360	      1.92328814589063146201	      1.38891527843648909801	     -0.00000000000000106999	      0.00000000000000063119	     -0.69725664157608624460	     -0.28429533119827848919	     -0.02524171570836549611	      1.87479888701589758604	      1.34769784499109190889	     -0.00000000000000066788	      0.00000000000000052410
      1.43999999999999994671	     -0.23667036482605563474	     -0.02104246079753872151	     -0.00369527797597122079	      0.98697844001451040530	      1.02763749661923453615	     -0.35009084638768567244	      0.20770851145600452425	      0.06963217476654506854	     -0.05896273819267423139	      0.51528632005240060376	      0.51528632005240015967	      0.09753563823929113641	     -0.00000000000000086535	      0.00000000000000120349	      0.87745030740936580393	     -0.02538939047605394406	      0.00375346083619506124	      1.35511357530578746555	      1.35511357530578635533	      0.01085049032162738007	     -0.00000000000000699524	     -0.00000000000001693254	      0.07447668135673735090	      0.07160247849288808863	      0.16831350811726747407	     -0.31352196723588421357	     -0.34339389901672562333	     -0.09975999286115365405	      1.94121402478793947388	      1.38993876067794497331	     -0.00000000000000110603	      0.00000000000000066298	     -0.70961380666808404616	     -0.28723006884236512715	     -0.03293712987462194680	      1.88917070071942805320	      1.34769246778558704492	     -0.00000000000000067918	      0.00000000000000052857
      1.44399999999999995026	     -0.23710412139126124664	     -0.01903696541122254157	      0.00034206726956857150	      0.98760077950833546900	      1.03047821083137369769	     -0.35003227806426179258	      0.18864388179248225974	      0.06728112628357024727	     -0.06263075112768852482	      0.49751767047315242909	      0.49751767047315187398	      0.07061340405728110114	     -0.00000000000000089503	      0.00000000000000130930	      0.87837618172835274510	     -0.02347085540873800058	     -0.00419458946253417186	      1.32012175589033553536	      1.32012175589033420309	      0.01351696440780668362	     -0.00000000000000707179	     -0.00000000000001712065	      0.07673017177589153137	      0.06659978958611834088	      0.16933146636986953770	     -0.31249528058167558298	     -0.34092991460619143096	     -0.09872262764461706142	      1.95946940318916684731	      1.39112330430304043105	     -0.00000000000000114260	      0.00000000000000069464	     -0.72174869806576857911	     -0.28978816681894853380	     -0.04082057614747269803	      1.90320016569043248822	      1.34769509451259317245	     -0.00000000000000069026	      0.00000000000000053256
      1.44799999999999995381	     -0.23717491766686613075	     -0.01705847936958563085	      0.00443435574235790438	      0.98824933856335506199	      1.03333214703952136482	     -0.35000176403944388559	      0.16972095355050850762	      0.06493223016224505817	     -0.06663223413359321834	      0.48004633599056673043	      0.48004633599056617532	      0.04180082179265989101	     -0.00000000000000092476	      0.00000000000000141426	      0.87786037584893350516	     -0.02135806760508102836	     -0.01247277478657712706	      1.28349494790296692059	      1.28349494790296581037	      0.01552419676651823309	     -0.00000000000000714978	     -0.00000000000001730883	      0.07847858276386047993	      0.06166098129320631005	      0.17011454978655982107	     -0.31179838325269843002	     -0.33869428558677611152	     -0.09732271685435664454	      1.97804476855562927362	      1.39246745235501023785	     -0.00000000000000117911	      0.00000000000000072610	     -0.73366497300131383597	     -0.29191803105670316443	     -0.04882364445719413609	      1.91685680854063633660	      1.34768047732774376435	     -0.00000000000000070124	      0.00000000000000053649
      1.45199999999999995737	     -0.23693244666188359449	     -0.01517149191898645340	      0.00856490520033510554	      0.98891958496430409919	      1.03617812390590935401	     -0.35000376855549347743	      0.15100489546511397521	      0.06267683769483359257	     -0.07092287995981401416	      0.46293560396167665605	      0.46293560396167598991	      0.01142192156369876456	     -0.00000000000000095417	      0.00000000000000151835	      0.87602197068246057121	     -0.01909271620788704354	     -0.02112551141628300766	      1.24536664300339627864	      1.24536664300339516842	      0.01689093088963652262	     -0.00000000000000722916	     -0.00000000000001749668	      0.07978005357802955833	      0.05688884936257755653	      0.17066418061257063177	     -0.31141501355125617012	     -0.33675240059421013283	     -0.09559003327803576588	      1.99688660699307263258	      1.39396099879766843799	     -0.00000000000000121538	      0.00000000000000075764	     -0.74535643446892485553	     -0.29358509556188838729	     -0.05687660125843727044	      1.93009226083041207644	      1.34762904982719344815	     -0.00000000000000071214	      0.00000000000000054018
      1.45599999999999996092	     -0.23644588340152697392	     -0.01345347001781163794	      0.01272609503922844318	      0.98960502551592266496	      1.03899279127500343556	     -0.35004288386676968292	      0.13259185064157472111	      0.06061437419579374097	     -0.07546683746955960836	      0.44628514489057130588	      0.44628514489057063974	     -0.02011250654900830284	     -0.00000000000000097852	      0.00000000000000162800	      0.87303351835544618087	     -0.01671896787653569250	     -0.03017524740515443657	      1.20593549797957289016	      1.20593549797957177994	      0.01768483228389963399	     -0.00000000000000730837	     -0.00000000000001768505	      0.08071490834231657974	      0.05239772126844492034	      0.17097500756182054671	     -0.31132091813835827132	     -0.33516360871569056412	     -0.09357322538075003859	      2.01590081035125345821	      1.39558558780139319033	     -0.00000000000000125176	      0.00000000000000078905	     -0.75680404892897157332	     -0.29477257665131678666	     -0.06491159032877566459	      1.94284356254391643581	      1.34752790614464723618	     -0.00000000000000072292	      0.00000000000000054391
      1.45999999999999996447	     -0.23579540738515564202	     -0.01198645121776927870	      0.01691941977615802131	      0.99029751229720308636	      1.04175201394098548846	     -0.35012391165091838463	      0.11460066815322517142	      0.05884145768581588998	     -0.08023743928553161986	      0.43022676434262424605	      0.43022676434262346890	     -0.05233161318210215185	     -0.00000000000000100058	      0.00000000000000173682	      0.86910433364798378442	     -0.01427150441847864840	     -0.03960780905039049116	      1.16544892892129170470	      1.16544892892129059447	      0.01800475687593873844	     -0.00000000000000738570	     -0.00000000000001787363	      0.08137518773551925821	      0.04830313662637345656	      0.17103725613987844079	     -0.31148626439736887273	     -0.33397746150283386113	     -0.09133492355814347430	      2.03496031286823342299	      1.39731651363100151109	     -0.00000000000000128819	      0.00000000000000082048	     -0.76797498320606860656	     -0.29548031087136222839	     -0.07286606878286550071	      1.95503905745565331742	      1.34737097259792570902	     -0.00000000000000073367	      0.00000000000000054786
      1.46399999999999996803	     -0.23506191774552240292	     -0.01084739313243450812	      0.02115425488382917038	      0.99098783301454007599	      1.04443245997056499696	     -0.35025185002606673557	      0.09716102954368105449	      0.05744060563320735335	     -0.08521633129707122112	      0.41491642856301103048	      0.41491642856301025333	     -0.08473839228086056663	     -0.00000000000000102286	      0.00000000000000184528	      0.86445832719073856243	     -0.01176476907288469265	     -0.04935974011785704274	      1.12418030804422053315	      1.12418030804421942292	      0.01795875919404806356	     -0.00000000000000746328	     -0.00000000000001806293	      0.08185259239680613141	      0.04471054285669039119	      0.17083948106323618155	     -0.31187812665242059529	     -0.33323058977178782181	     -0.08894502641008079913	      2.05391562051093812258	      1.39912555919491388146	     -0.00000000000000132469	      0.00000000000000085171	     -0.77882361207393924207	     -0.29572190600634373769	     -0.08068618433350488450	      1.96660587753652027487	      1.34715845860683036683	     -0.00000000000000074472	      0.00000000000000055171
      1.46799999999999997158	     -0.23431635075013584890	     -0.01009874078164123105	      0.02544549833637113276	      0.99166651298081487376	      1.04701316761019724844	     -0.35043175942668181033	      0.08039973692605179023	      0.05647024622199438293	     -0.09039107437031473902	      0.40052386715074994594	      0.40052386715074916879	     -0.11684664560625396268	     -0.00000000000000104076	      0.00000000000000197021	      0.85930918640778564122	     -0.00918538158530115070	     -0.05930960808993907679	      1.08240266419515518415	      1.08240266419515407392	      0.01764112000356140089	     -0.00000000000000754196	     -0.00000000000001825290	      0.08222653213031524966	      0.04170464538790529668	      0.17037135892258856162	     -0.31246297357862690136	     -0.33294462058603413457	     -0.08647285010123856308	      2.07260680965473653714	      1.40098454499745650459	     -0.00000000000000136096	      0.00000000000000088218	     -0.78929430273072320734	     -0.29552065544199784819	     -0.08832972248417678141	      1.97747801272723333632	      1.34689575434382757813	     -0.00000000000000075594	      0.00000000000000055564
      1.47199999999999997513	     -0.23361001777935636037	     -0.00978056241103703039	      0.02981033900879375559	      0.99232474184119456861	      1.04947687956128143938	     -0.35066848901882963219	      0.06442709547766334310	      0.05595747549954638300	     -0.09575137711776741944	      0.38722124378078415230	      0.38722124378078343065	     -0.14821661231999908037	     -0.00000000000000105617	      0.00000000000000209501	      0.85383595177321236491	     -0.00648919746108997299	     -0.06927484575096543029	      1.04036209505467835967	      1.04036209505467724945	      0.01711163328054392252	     -0.00000000000000762080	     -0.00000000000001844328	      0.08255391063786840511	      0.03934083033331758905	      0.16962621317936879550	     -0.31320902350978979678	     -0.33312541480878904432	     -0.08397893717909594991	      2.09087558862613853705	      1.40286918537953098074	     -0.00000000000000139692	      0.00000000000000091137	     -0.79932565194024474131	     -0.29490472027703101832	     -0.09576828741428448921	      1.98760395730304839645	      1.34659196810554693258	     -0.00000000000000076732	      0.00000000000000055924
      1.47599999999999997868	     -0.23296735250878031209	     -0.00990511122143127379	      0.03426448334441516835	      0.99295530026024947379	      1.05181097488952834951	     -0.35096627768827509675	      0.04932552973784250228	      0.05589429062137267479	     -0.10128433206834702718	      0.37517270784091660829	      0.37517270784091583113	     -0.17848510187155078310	     -0.00000000000000107084	      0.00000000000000221644	      0.84816228206470889450	     -0.00360347532438991432	     -0.07901518443917707191	      0.99825450182797037524	      0.99825450182796915399	      0.01637976505338410715	     -0.00000000000000769834	     -0.00000000000001863326	      0.08286205240076793821	      0.03763950688701245967	      0.16860308946915061878	     -0.31408813229552123847	     -0.33376369597326771554	     -0.08150749543815234699	      2.10857596674680314308	      1.40476273698018760960	     -0.00000000000000143232	      0.00000000000000093930	     -0.80885565741318798949	     -0.29390209278546969296	     -0.10298844683409792700	      1.99695290811183467916	      1.34625835313730579657	     -0.00000000000000077869	      0.00000000000000056290
      1.47999999999999998224	     -0.23238228016885245641	     -0.01045437201208483484	      0.03881820203412963965	      0.99355334843770215514	      1.05400786960540426840	     -0.35132825817375895605	      0.03514237584001967535	      0.05623759182569156023	     -0.10696918481686451541	      0.36452655780159276544	      0.36452655780159198828	     -0.20738648461905442866	     -0.00000000000000108061	      0.00000000000000234356	      0.84234248092801278229	     -0.00043400244290785000	     -0.08824313688552645751	      0.95620912455574136324	      0.95620912455574025302	      0.01539577946392038134	     -0.00000000000000777589	     -0.00000000000001882397	      0.08314583512433627865	      0.03658385747298347618	      0.16730826048788155491	     -0.31507685043456284957	     -0.33483699327540611401	     -0.07908044729650509641	      2.12558218253548991683	      1.40665892195001362985	     -0.00000000000000146860	      0.00000000000000096666	     -0.81782715919433346397	     -0.29253591716132992806	     -0.10999164813256297191	      2.00551861932460928628	      1.34590686240202361823	     -0.00000000000000079022	      0.00000000000000056655
      1.48399999999999998579	     -0.23181869328734736047	     -0.01138081019773244836	      0.04347262165501511455	      0.99411696124964199495	      1.05606484108203813044	     -0.35175591672465533755	      0.02188777084455998875	      0.05691277422442637957	     -0.11277228783793950828	      0.35541094813511503459	      0.35541094813511425743	     -0.23476227530846244251	     -0.00000000000000108974	      0.00000000000000247156	      0.83635631549536393337	      0.00312365763407515410	     -0.09664096677375762223	      0.91428159626167593288	      0.91428159626167482266	      0.01405019306822768120	     -0.00000000000000785287	     -0.00000000000001901495	      0.08336920012961346327	      0.03612112318602781619	      0.16575605681294799942	     -0.31615647464501894781	     -0.33631263722332904731	     -0.07669394346489251391	      2.14179310141823542324	      1.40856369822518678880	     -0.00000000000000150519	      0.00000000000000099315	     -0.82619285815885123991	     -0.29082080479981470278	     -0.11679288900382620020	      2.01332056677768234110	      1.34554898356617047561	     -0.00000000000000080204	      0.00000000000000056992
      1.48799999999999998934	     -0.23121486121964548999	     -0.01261115937425423203	      0.04821679847056190710	      0.99464728869716023674	      1.05798332875985479085	     -0.35224859279142017865	      0.00953764881856251218	      0.05782026492280466917	     -0.11864300966916530022	      0.34793332038566282538	      0.34793332038566199271	     -0.26055808940718844235	     -0.00000000000000109782	      0.00000000000000260150	      0.83011366760697902212	      0.00717031414622149553	     -0.10388270887407773102	      0.87245840055557766224	      0.87245840055557644099	      0.01218217871603143390	     -0.00000000000000792886	     -0.00000000000001920628	      0.08347044942629384956	      0.03616718384743637660	      0.16396892098673787608	     -0.31731204416378816502	     -0.33815137752498036772	     -0.07431804152700594024	      2.15713283806916900076	      1.41049553986806652794	     -0.00000000000000154258	      0.00000000000000101990	     -0.83391936707548064422	     -0.28876075171418780219	     -0.12341827526158016815	      2.02040257784746524194	      1.34519493108341747778	     -0.00000000000000081389	      0.00000000000000057317
      1.49199999999999999289	     -0.23049124365154505245	     -0.01405283231021554891	      0.05302593986458972036	      0.99514830607491344683	      1.05976779912909679915	     -0.35280308726612824577	     -0.00195856687183572960	      0.05884424019434798120	     -0.12451114021272419174	      0.34218325625746359719	      0.34218325625746282004	     -0.28480811000143763101	     -0.00000000000000110676	      0.00000000000000273422	      0.82346902085884421396	      0.01178840241298946719	     -0.10965930591266316585	      0.83067309688922785771	      0.83067309688922674749	      0.00959658067845305107	     -0.00000000000000800214	     -0.00000000000001939812	      0.08337061886470362171	      0.03661390708807846228	      0.16197671063998470009	     -0.31853049952361695007	     -0.34031108759968170530	     -0.07189987558294488879	      2.17154777682420663254	      1.41248406602639664520	     -0.00000000000000158026	      0.00000000000000104626	     -0.84098980788600474767	     -0.28634910367950561216	     -0.12990165712278770038	      2.02682924355398164096	      1.34485322352158886972	     -0.00000000000000082595	      0.00000000000000057616
      1.49599999999999999645	     -0.22956094521541109410	     -0.01560217509969120085	      0.05786093589047911628	      0.99562621282897012520	      1.06142430696487877206	     -0.35341341820041716204	     -0.01266636942333418392	      0.05986261059256012956	     -0.13028589266133067115	      0.33823798323934173293	      0.33823798323934084475	     -0.30760908941146564155	     -0.00000000000000111709	      0.00000000000000286387	      0.81624425488655072414	      0.01702833092177645155	     -0.11370440428391433152	      0.78883224248099925724	      0.78883224248099803599	      0.00608815221519685198	     -0.00000000000000807462	     -0.00000000000001959018	      0.08298430229995643059	      0.03733827918779653726	      0.15981545719374939951	     -0.31979854438067745193	     -0.34274993184045376982	     -0.06937003112991323162	      2.18500069302818156203	      1.41456712287547614615	     -0.00000000000000161812	      0.00000000000000107269	     -0.84740469271277929497	     -0.28357059655060612435	     -0.13628059900059477649	      2.03268050469438410488	      1.34453062253330668518	     -0.00000000000000083809	      0.00000000000000057912
      1.50000000000000000000	     -0.22834186359032579428	     -0.01715360375301566362	      0.06266926285622556603	      0.99608854644753208607	      1.06295891316854729247	     -0.35407074989432174572	     -0.02265187659286542476	      0.06075727928812073991	     -0.13585641490475747206	      0.33616942064252269828	      0.33616942064252164357	     -0.32908707833678380039	     -0.00000000000000112824	      0.00000000000000299398	      0.80825727334956209980	      0.02289789596428684626	     -0.11581822570051790444	      0.74684769575616649639	      0.74684769575616549719	      0.00147074800623812137	     -0.00000000000000814665	     -0.00000000000001978184	      0.08223212723722776729	      0.03821215526329495293	      0.15752585797240806209	     -0.32110077576584800108	     -0.34542841803714641191	     -0.06665147251055185407	      2.19746295376547395861	      1.41678657893475157259	     -0.00000000000000165668	      0.00000000000000109982	     -0.85318106037285357246	     -0.28040522257760158720	     -0.14259196735414003676	      2.03804488256892479825	      1.34423237838757358986	     -0.00000000000000085004	      0.00000000000000058191
      1.50400000000000000355	     -0.22676898324795635720	     -0.01860861497790084612	      0.06738730960562629158	      0.99654313713409081732	      1.06437614055661056156	     -0.35476352075808736952	     -0.03196680834043009317	      0.06142363977804494307	     -0.14109379328975324430	      0.33605110372337571034	      0.33605110372337471114	     -0.34936141067462689325	     -0.00000000000000113968	      0.00000000000000312616	      0.79935315446277033224	      0.02935634252250441528	     -0.11588699618744412179	      0.70467139105632026208	      0.70467139105631937390	     -0.00439193863384275494	     -0.00000000000000821921	     -0.00000000000001997369	      0.08105338092784267201	      0.03911151738137480516	      0.15515151729403608982	     -0.32241861314667324967	     -0.34830996699718791421	     -0.06367008759281574115	      2.20890610346879379122	      1.41918323642015442587	     -0.00000000000000169512	      0.00000000000000112575	     -0.85834983971830780547	     -0.27683360858855643460	     -0.14886754352185985195	      2.04301207432038900436	      1.34396267087068821411	     -0.00000000000000086195	      0.00000000000000058465
      1.50800000000000000711	     -0.22480485831711491396	     -0.01988362476887228086	      0.07194421778038637139	      0.99699700555151682391	      1.06567769211464891121	     -0.35547779474868318461	     -0.04063540494808914882	      0.06177825841595168538	     -0.14585461288483630993	      0.33796291085781465791	      0.33796291085781360319	     -0.36851155578196215234	     -0.00000000000000115075	      0.00000000000000325871	      0.78943376164768819248	      0.03631419264121711621	     -0.11389550540769759202	      0.66232825463907818442	      0.66232825463907740726	     -0.01155831797829478744	     -0.00000000000000829304	     -0.00000000000002016620	      0.07941662671844028354	      0.03992422833590587167	      0.15273673376635518717	     -0.32373035433466396116	     -0.35135991024467622124	     -0.06036564990063622571	      2.21929438583016480635	      1.42179138072575050877	     -0.00000000000000173313	      0.00000000000000115035	     -0.86295166337075324137	     -0.27284339422570358380	     -0.15513015884476133444	      2.04766585241073606483	      1.34372508583865024612	     -0.00000000000000087391	      0.00000000000000058754
      1.51200000000000001066	     -0.22244661891367853435	     -0.02091583585817693644	      0.07626717648882236356	      0.99745531357539063411	      1.06686162680627871779	     -0.35619785312366680774	     -0.04864558081904349351	      0.06176410131691205396	     -0.14998615678521129424	      0.34199207582141605277	      0.34199207582141494255	     -0.38655168818134472142	     -0.00000000000000116260	      0.00000000000000339273	      0.77848189067081696724	      0.04363917250630716671	     -0.10993113906373642996	      0.61994296452054342694	      0.61994296452054253876	     -0.01998734127571068914	     -0.00000000000000836678	     -0.00000000000002035872	      0.07732648879640899309	      0.04055570397367633945	      0.15032371291377585876	     -0.32501250217904781303	     -0.35454314687753690771	     -0.05670198276415685384	      2.22857949201075422607	      1.42463353029567407759	     -0.00000000000000177142	      0.00000000000000117423	     -0.86703155946531029752	     -0.26843583572853291219	     -0.16139074868006636487	      2.05207805800612019809	      1.34352298494180111277	     -0.00000000000000088603	      0.00000000000000059053
      1.51600000000000001421	     -0.21972836125301214993	     -0.02166699428859008777	      0.08028764877670113709	      0.99792053964947524669	      1.06792210341091275971	     -0.35690699183631496849	     -0.05594577761905242946	      0.06135349941351925934	     -0.15333323676595700391	      0.34823011803757702998	      0.34823011803757591975	     -0.40341621736871530191	     -0.00000000000000117592	      0.00000000000000352640	      0.76657633371715383497	      0.05116709093256379542	     -0.10417868409970178212	      0.57775636958639253749	      0.57775636958639176033	     -0.02952632048886100896	     -0.00000000000000844013	     -0.00000000000002055033	      0.07482557309421586367	      0.04093273483398881391	      0.14794937160667148701	     -0.32624241711188783910	     -0.35782112416191191873	     -0.05267510632256881126	      2.23669834373566844832	      1.42771601887064081282	     -0.00000000000000180929	      0.00000000000000119795	     -0.87063300571419610652	     -0.26363162670125822595	     -0.16764655113729914904	      2.05630412838937726150	      1.34335965336582652263	     -0.00000000000000089812	      0.00000000000000059355
      1.52000000000000001776	     -0.21671852039078087770	     -0.02212502255024802536	      0.08394788248446835577	      0.99839197767246989912	      1.06884973825531748304	     -0.35758847443608299255	     -0.06244819961167854400	      0.06054920641369954809	     -0.15574667508861597676	      0.35676657232935832242	      0.35676657232935710118	     -0.41894909846811312359	     -0.00000000000000118994	      0.00000000000000366023	      0.75389501315274154436	      0.05871602036928085661	     -0.09690614141978401430	      0.53612796564142584099	      0.53612796564142539690	     -0.03991006780680413785	     -0.00000000000000851327	     -0.00000000000002074201	      0.07199117581292661938	      0.04100581117105839973	      0.14564205463054952228	     -0.32740207036858826051	     -0.36114896972948307141	     -0.04831822707427191332	      2.24357431952326358271	      1.43102601543459773126	     -0.00000000000000184759	      0.00000000000000122260	     -0.87379213929942245453	     -0.25847481263007848762	     -0.17388058505710857204	      2.06038042293488876666	      1.34323813404230874013	     -0.00000000000000091013	      0.00000000000000059678
      1.52400000000000002132	     -0.21351267186209607618	     -0.02230390228929096663	      0.08720749797686982996	      0.99886519235584925180	      1.06963200445642159231	     -0.35822680502782078271	     -0.06803959050346061743	      0.05938622469895760841	     -0.15709090879345771752	      0.36767474399323724077	      0.36767474399323613055	     -0.43300684544608097903	     -0.00000000000000120413	      0.00000000000000379423	      0.74070335325259439863	      0.06610116813265871916	     -0.08844161319661394960	      0.49552310026501089624	      0.49552310026501034113	     -0.05077191998460911515	     -0.00000000000000858628	     -0.00000000000002093374	      0.06892541329908391523	      0.04075242098061770957	      0.14341732137234003419	     -0.32848383095516187069	     -0.36447395339387794744	     -0.04370344712448525487	      2.24912015764740136348	      1.43453028795649095706	     -0.00000000000000188605	      0.00000000000000124757	     -0.87653019125327191752	     -0.25303436213037860947	     -0.18006203841572651636	      2.06432320328495011452	      1.34316107379762228469	     -0.00000000000000092217	      0.00000000000000060003
      1.52800000000000002487	     -0.21022418260401962153	     -0.02223960641268093660	      0.09004739999985686416	      0.99933273130385580352	      1.07025477173243555029	     -0.35880849268071374203	     -0.07259271459828735285	      0.05792676985428248798	     -0.15725996449660831211	      0.38101062471614288718	      0.38101062471614172145	     -0.44527764558381138782	     -0.00000000000000121841	      0.00000000000000392776	      0.72733613925870188588	      0.07315115048463265157	     -0.07914850804653920935	      0.45648571230698803403	      0.45648571230698753443	     -0.06166637215492184326	     -0.00000000000000865931	     -0.00000000000002112592	      0.06574696571239480036	      0.04017339642729234744	      0.14127764950497895269	     -0.32949323439088751275	     -0.36773397518012890250	     -0.03893784922474411575	      2.25324695736977664851	      1.43817611692429170311	     -0.00000000000000192440	      0.00000000000000127251	     -0.87885397440176538097	     -0.24740207305219771849	     -0.18614886341564687577	      2.06813051985404028343	      1.34312961510157680145	     -0.00000000000000093413	      0.00000000000000060357
      1.53200000000000002842	     -0.20696766930777069082	     -0.02198960179132377485	      0.09247444504727486692	      0.99978574226500027677	      1.07070534216568202801	     -0.35932301804271399304	     -0.07598301127712191183	      0.05625567969283466752	     -0.15617832585883706376	      0.39679431106085655268	      0.39679431106085538694	     -0.45546986333528394209	     -0.00000000000000123245	      0.00000000000000406098	      0.71416495790731349125	      0.07972051869431912019	     -0.06939384441570828344	      0.41959771191205402774	      0.41959771191205352814	     -0.07210172304433645762	     -0.00000000000000873273	     -0.00000000000002131834	      0.06257701514911373497	      0.03929316390670585524	      0.13921107629230453084	     -0.33044961897876096169	     -0.37085897812795598494	     -0.03415554119140500750	      2.25587533020642405646	      1.44189389705370696326	     -0.00000000000000196264	      0.00000000000000129776	     -0.88075784688458835792	     -0.24168554973310668599	     -0.19208966707075067482	      2.07178229167322447424	      1.34314343218534970603	     -0.00000000000000094635	      0.00000000000000060772
      1.53600000000000003197	     -0.20384862805223230575	     -0.02162547411642815054	      0.09452202350308523682	      1.00021397246889431898	      1.07097244788307932595	     -0.35976381198164608666	     -0.07810736796104975066	      0.05447827319159716936	     -0.15381244685135886385	      0.41500013779120686896	      0.41500013779120570323	     -0.46333587979328016981	     -0.00000000000000124665	      0.00000000000000419409	      0.70156021497292320177	      0.08569939584257978138	     -0.05951971271056930718	      0.38543160276002585984	      0.38543160276002536024	     -0.08158018415771710330	     -0.00000000000000880690	     -0.00000000000002151104	      0.05952450962923366146	      0.03815818039713850945	      0.13719026895894681495	     -0.33139123520148638935	     -0.37377355460224503947	     -0.02950775552042139011	      2.25694236032191586361	      1.44560162686452819969	     -0.00000000000000200197	      0.00000000000000132435	     -0.88222083776090109986	     -0.23600270285598046183	     -0.19782753213336060072	      2.07524479124451710632	      1.34320024085359968069	     -0.00000000000000095856	      0.00000000000000061193
      1.54000000000000003553	     -0.20095072072770117644	     -0.02122687110745034855	      0.09624884082469868651	      1.00060702336611750951	      1.07104757815718265590	     -0.36012881441497035517	     -0.07890042312441462868	      0.05271460938529254348	     -0.15017508153996830811	      0.43555067700742899905	      0.43555067700742788883	     -0.46869056704000605640	     -0.00000000000000126085	      0.00000000000000432711	      0.68985196259719583356	      0.09101869738979204150	     -0.04981871369636765162	      0.35449972015633052225	      0.35449972015633002265	     -0.08964278264293579213	     -0.00000000000000888115	     -0.00000000000002170464	      0.05667320815252583494	      0.03683386866856323827	      0.13517371613418358023	     -0.33237527511095055210	     -0.37640129049784820658	     -0.02514977216061904663	      2.25641058356112722549	      1.44921070817716501899	     -0.00000000000000204164	      0.00000000000000135202	     -0.88320997928598588000	     -0.23047267600803239551	     -0.20330382515043091129	      2.07847424633792998705	      1.34329562397869395340	     -0.00000000000000097069	      0.00000000000000061610
      1.54400000000000003908	     -0.19832467365783235103	     -0.02087571896581884648	      0.09773543496261004326	      1.00095571118244763831	      1.07092605757241554620	     -0.36042067505415859019	     -0.07834806203401568914	      0.05109287115033552679	     -0.14532769220095947960	      0.45831320857181184758	      0.45831320857181068185	     -0.47144468247900300772	     -0.00000000000000127470	      0.00000000000000446036	      0.67929317372052755442	      0.09565048752222680972	     -0.04051610377223716086	      0.32720640605671585943	      0.32720640605671535983	     -0.09591446688103134888	     -0.00000000000000895560	     -0.00000000000002189906	      0.05407082326233564329	      0.03540105395965491286	      0.13310802347827491166	     -0.33347570734947290516	     -0.37867038708821371129	     -0.02122697966734779854	      2.25427512678125019363	      1.45263256333599866110	     -0.00000000000000208055	      0.00000000000000137724	     -0.88368494077304482470	     -0.22520621771139504030	     -0.20846198562514772767	      2.08142036123277751614	      1.34342311902369337950	     -0.00000000000000098267	      0.00000000000000062002
      1.54800000000000004263	     -0.19598053964892808709	     -0.02065114321988698043	      0.09907841118555453519	      1.00125335224959255420	      1.07060770747233391376	     -0.36064650455783098248	     -0.07649558929972417876	      0.04974209682654452680	     -0.13938008311659866312	      0.48310139044102856642	      0.48310139044102740069	     -0.47162928368695272718	     -0.00000000000000128832	      0.00000000000000459338	      0.67003048355431127359	      0.09960376323772969498	     -0.03176068286896723686	      0.30380918341540580352	      0.30380918341540530392	     -0.10014389813565575948	     -0.00000000000000902980	     -0.00000000000002209419	      0.05172215712524730336	      0.03395184332184805059	      0.13093148587320671550	     -0.33477921617988465330	     -0.38051976109762003508	     -0.01786181469701829394	      2.25056802648751119733	      1.45578538930353040826	     -0.00000000000000212065	      0.00000000000000140331	     -0.88360317995193782270	     -0.22029686539214068941	     -0.21325099384356294152	      2.08402979619597505945	      1.34357456378359563232	     -0.00000000000000099440	      0.00000000000000062422
      1.55200000000000004619	     -0.19388461242937282680	     -0.02062538900532152192	      0.10038265738453278075	      1.00149682248711413557	      1.07009700799233953283	     -0.36081713584067448553	     -0.07344887063328250920	      0.04878449115450887719	     -0.13248720970515839856	      0.50968282852721913390	      0.50968282852721791265	     -0.46940726018639389316	     -0.00000000000000130165	      0.00000000000000472600	      0.66208650510614697193	      0.10291638365646338382	     -0.02362533348029415697	      0.28439402019070814109	      0.28439402019070775252	     -0.10223304755040027447	     -0.00000000000000910395	     -0.00000000000002228916	      0.04958762825319767975	      0.03258491875334905419	      0.12857886423919648311	     -0.33637970202339323444	     -0.38190479648192682260	     -0.01514310375351896401	      2.24535907217409169689	      1.45860037673315456885	     -0.00000000000000216340	      0.00000000000000143116	     -0.88292493191233711869	     -0.21581415057904190791	     -0.21762824060029106743	      2.08624961472629433246	      1.34374069774403914757	     -0.00000000000000100611	      0.00000000000000062880
      1.55600000000000004974	     -0.19196174098645876760	     -0.02086047094762921369	      0.10175229705465578534	      1.00168722780364394254	      1.06940273846046629558	     -0.36094597407897949237	     -0.06936789702237346200	      0.04832730285680451182	     -0.12484331651339843072	      0.53779203399862118840	      0.53779203399861996715	     -0.46506997728919324819	     -0.00000000000000131547	      0.00000000000000485894	      0.65535635971411232426	      0.10564484545771379853	     -0.01611679817313982355	      0.26886800114197673128	      0.26886800114197634270	     -0.10225282339014446498	     -0.00000000000000917815	     -0.00000000000002248423	      0.04758772603922808292	      0.03139996339221320931	      0.12598689205941862590	     -0.33837180748848016965	     -0.38280195997726668145	     -0.01311882601230215765	      2.23875293538317388098	      1.46102677826056059907	     -0.00000000000000220803	      0.00000000000000145943	     -0.88161771497876761927	     -0.21179962000618407503	     -0.22156160157371929120	      2.08803057344982256893	      1.34391199885567669270	     -0.00000000000000101794	      0.00000000000000063304
      1.56000000000000005329	     -0.19010328819746666329	     -0.02140509755822120330	      0.10328129395673239788	      1.00183005729072749368	      1.06853710057212958340	     -0.36104758020285099285	     -0.06445304800369640319	      0.04845432459784640433	     -0.11667360394493535292	      0.56714758764808892444	      0.56714758764808759217	     -0.45901837531183486973	     -0.00000000000000132942	      0.00000000000000499222	      0.64961977722550989789	      0.10785372132661336098	     -0.00919333697338259141	      0.25697128304568839230	      0.25697128304568805923	     -0.10044226051161389557	     -0.00000000000000925260	     -0.00000000000002267977	      0.04561326017679531719	      0.03049100707728349957	      0.12309993392899372389	     -0.34084391363353239157	     -0.38321160018111266599	     -0.01179300670899510219	      2.23088262693017425065	      1.46303529362373541112	     -0.00000000000000225413	      0.00000000000000148847	     -0.87966018441148241536	     -0.20826612500746272127	     -0.22503058687216920264	      2.08933011185643113805	      1.34407970942499277456	     -0.00000000000000102987	      0.00000000000000063704
      1.56400000000000005684	     -0.18818007973638570252	     -0.02229159864684806397	      0.10504469419793699414	      1.00193476159071526155	      1.06751439720283780588	     -0.36113617254422991643	     -0.05892539606478629233	      0.04921742290786099150	     -0.10822387907458161371	      0.59747189342284412472	      0.59747189342284279245	     -0.45173010620636827595	     -0.00000000000000134262	      0.00000000000000512517	      0.64456782463912865033	      0.10960628078695022758	     -0.00278780955186264676	      0.24830755372059429287	      0.24830755372059398756	     -0.09719074142190801957	     -0.00000000000000932687	     -0.00000000000002287601	      0.04354026941302220621	      0.02993886707564961946	      0.11987521069392467754	     -0.34387101589754104358	     -0.38315851153888957903	     -0.01112707339543018287	      2.22189974536446843700	      1.46461946344152882382	     -0.00000000000000230217	      0.00000000000000151641	     -0.87704511944632757015	     -0.20520031354083673181	     -0.22802658162287658961	      2.09011491594311848985	      1.34423691526058686208	     -0.00000000000000104162	      0.00000000000000064033
      1.56800000000000006040	     -0.18605885008243147616	     -0.02353281760071615492	      0.10709153944863598895	      1.00201376929286034567	      1.06634939950317564339	     -0.36122425157461957035	     -0.05300337474935023357	      0.05062877750753276562	     -0.09974890149835900777	      0.62851148652153665530	      0.62851148652153532304	     -0.44371647753447213125	     -0.00000000000000135533	      0.00000000000000525797	      0.63984119780758264007	      0.11095760363443267493	      0.00316720141427349064	      0.24238974298647225636	      0.24238974298647195105	     -0.09300450791107214843	     -0.00000000000000940113	     -0.00000000000002307255	      0.04124754628468940698	      0.02980318537839375323	      0.11628700569847354174	     -0.34750784761446978921	     -0.38269006681281053650	     -0.01104561654961081808	      2.21196239061789157176	      1.46579497886004883611	     -0.00000000000000235154	      0.00000000000000154353	     -0.87378124423535097343	     -0.20256781678971608196	     -0.23055232700093708509	      2.09036291460297718459	      1.34437945888832910413	     -0.00000000000000105322	      0.00000000000000064302
      1.57200000000000006395	     -0.18362039105034161368	     -0.02511913042417800515	      0.10944024773750958557	      1.00208102790823549988	      1.06505555179546607114	     -0.36132150832007109420	     -0.04687847066263348128	      0.05265452415150594090	     -0.09150016094075888451	      0.66005572782399279941	      0.66005572782399146714	     -0.43547392786661709430	     -0.00000000000000136808	      0.00000000000000539016	      0.63507597812138105731	      0.11195108408023236868	      0.00871564707082703866	      0.23869643697038056551	      0.23869643697038031571	     -0.08846013647257920665	     -0.00000000000000947544	     -0.00000000000002326860	      0.03863455129165258017	      0.03011465139207177358	      0.11232941349247480001	     -0.35178273229946938061	     -0.38187189260804926816	     -0.01144608421685667718	      2.20122187596616258887	      1.46659698832621976372	     -0.00000000000000240257	      0.00000000000000157184	     -0.86989354918721306653	     -0.20032051030462805219	     -0.23262082860370361659	      2.09006467283932861889	      1.34450649782311892899	     -0.00000000000000106489	      0.00000000000000064622
      1.57600000000000006750	     -0.18077731230319515898	     -0.02701593849247923770	      0.11207690313006915539	      1.00215025649517364137	      1.06364320315705795927	     -0.36143410370108114416	     -0.04069287237329523299	      0.05521043655305998138	     -0.08371403943143936044	      0.69195163212735699698	      0.69195163212735555369	     -0.42743590773609507760	     -0.00000000000000138056	      0.00000000000000552231	      0.62995155652758050291	      0.11261871328868013065	      0.01385883443319301314	      0.23673281272326945901	      0.23673281272326920921	     -0.08414933324961035299	     -0.00000000000000954923	     -0.00000000000002346430	      0.03563748136329260990	      0.03086803431412014909	      0.10801740306278026504	     -0.35669290515887236426	     -0.38078131868953180028	     -0.01221127364679048047	      2.18980975775246156090	      1.46707573530967638753	     -0.00000000000000245487	      0.00000000000000160237	     -0.86542186004151056000	     -0.19840508244586477216	     -0.23425390673858353940	      2.08922438486426687021	      1.34462059748031759199	     -0.00000000000000107634	      0.00000000000000064980
      1.58000000000000007105	     -0.17748927606946604540	     -0.02916206216590339767	      0.11495666644796791178	      1.00223313566066396518	      1.06211807130437385638	     -0.36156434929655489885	     -0.03452191624238697132	      0.05816021772508132848	     -0.07660128249613332163	      0.72411274726169716498	      0.72411274726169561067	     -0.41993124786769003842	     -0.00000000000000139235	      0.00000000000000565460	      0.62423509781611086211	      0.11298516705450138697	      0.01854359741622621516	      0.23608931262937007944	      0.23608931262936982964	     -0.08062020382751433623	     -0.00000000000000962259	     -0.00000000000002366004	      0.03224143823584908752	      0.03201666006311940788	      0.10338607389286263993	     -0.36220205519167009145	     -0.37949904858033622901	     -0.01322313762425849498	      2.17782679432723025315	      1.46729100890116592737	     -0.00000000000000250682	      0.00000000000000163309	     -0.86041755764726701727	     -0.19677203213449853680	     -0.23548059760474196467	      2.08786064319621944563	      1.34472730067483547955	     -0.00000000000000108789	      0.00000000000000065319
      1.58400000000000007461	     -0.17377393667978141556	     -0.03146949086185565209	      0.11800825914639385961	      1.00233764813709602670	      1.06048012927316381848	     -0.36171077582900346137	     -0.02836334393274345805	      0.06131687790153616396	     -0.07033835319271837527	      0.75652096236931809514	      0.75652096236931665185	     -0.41315349560069586365	     -0.00000000000000140364	      0.00000000000000578676	      0.61781750034333904331	      0.11307511081053540913	      0.02265926664805226892	      0.23649153467709874143	      0.23649153467709846388	     -0.07832245269124200882	     -0.00000000000000969563	     -0.00000000000002385559	      0.02848726690564932357	      0.03346903561565884450	      0.09848793835364542948	     -0.36824044467271088710	     -0.37809989577880226408	     -0.01437622167931167094	      2.16533502160538349202	      1.46730603278753979346	     -0.00000000000000255833	      0.00000000000000166330	     -0.85493862190820080205	     -0.19538411105708300419	     -0.23633556511897615970	      2.08600656183485888562	      1.34483420448986579210	     -0.00000000000000109959	      0.00000000000000065659
      1.58800000000000007816	     -0.16971248223915369469	     -0.03382504336713047094	      0.12114129552161163883	      1.00246663365895471998	      1.05872348927114701134	     -0.36186849061898729296	     -0.02213462121541004413	      0.06444739414348062134	     -0.06506101767825943349	      0.78922117428733629119	      0.78922117428733484790	     -0.40714413231252805092	     -0.00000000000000141498	      0.00000000000000591902	      0.61073639932479029113	      0.11292257104970997161	      0.02604088556618865125	      0.23783427738577897492	      0.23783427738577880839	     -0.07759090264178973573	     -0.00000000000000976896	     -0.00000000000002405216	      0.02447221423607058230	      0.03508814233640741853	      0.09338790702673137323	     -0.37470768800952020117	     -0.37664379721135415879	     -0.01558890005420674255	      2.15235394741245400496	      1.46718158058173853142	     -0.00000000000000260981	      0.00000000000000169335	     -0.84904372054347332366	     -0.19422350112575917369	     -0.23685772529803794662	      2.08370851360769515637	      1.34494963306941861525	     -0.00000000000000111130	      0.00000000000000066005
      1.59200000000000008171	     -0.16544854180997595194	     -0.03609483505169542444	      0.12425493545885470115	      1.00261664414421680647	      1.05683789231487845761	     -0.36202976325534541591	     -0.01567983224953590007	      0.06728220702142742593	     -0.06085952857927907217	      0.82230906296355976703	      0.82230906296355832374	     -0.40179154754194390531	     -0.00000000000000142618	      0.00000000000000605150	      0.60318210179731235332	      0.11258155617696406769	      0.02849325871551888420	      0.24019936971764030420	      0.24019936971764013767	     -0.07853015505855334699	     -0.00000000000000984228	     -0.00000000000002424859	      0.02034355276325612583	      0.03669528779761960929	      0.08815681523706761502	     -0.38147907637078426468	     -0.37516904072120482727	     -0.01681138055778610627	      2.13886212700154532129	      1.46697060515500710132	     -0.00000000000000266134	      0.00000000000000172330	     -0.84278642534050718371	     -0.19329688957120436110	     -0.23708902146552027213	      2.08102387212719319720	      1.34508113813087759603	     -0.00000000000000112316	      0.00000000000000066368
      1.59600000000000008527	     -0.16117780870126624526	     -0.03812949694707486875	      0.12724772128472397470	      1.00277836636764150491	      1.05480783554203672026	     -0.36218528523611098757	     -0.00878349837627509338	      0.06953028477962025500	     -0.05777593844417325264	      0.85591264993824700547	      0.85591264993824567320	     -0.39684609454105590487	     -0.00000000000000143683	      0.00000000000000618387	      0.59548574011150179341	      0.11213024083211874105	      0.02981710264638395141	      0.24384643413063741835	      0.24384643413063730732	     -0.08100439495044460536	     -0.00000000000000991543	     -0.00000000000002444522	      0.01628681273951667480	      0.03807986777764760938	      0.08286494509091484051	     -0.38841161965010095880	     -0.37368755011892623719	     -0.01802901906486198760	      2.12480035525158506005	      1.46671422082518598806	     -0.00000000000000271289	      0.00000000000000175351	     -0.83620903875004715111	     -0.19263298048588001210	     -0.23707262449191451870	      2.07801500105255865236	      1.34523396884452317579	     -0.00000000000000113513	      0.00000000000000066706
      1.60000000000000008882	     -0.15713388551819187922	     -0.03977237717637455150	      0.13002945092320655762	      1.00293672728971916541	      1.05261526771844504680	     -0.36232523750188844192	     -0.00119015393397596449	      0.07089431366495403675	     -0.05580659209517681296	      0.89017114319429646585	      0.89017114319429502256	     -0.39195003324694582814	     -0.00000000000000144758	      0.00000000000000631591	      0.58809356241794374931	      0.11167538141638234939	      0.02982524125608568277	      0.24918429005328457393	      0.24918429005328446291	     -0.08471534470852508381	     -0.00000000000000998863	     -0.00000000000002464236	      0.01251002745722726295	      0.03901048945200506768	      0.07757343750646554514	     -0.39535111981709669671	     -0.37218321972461471114	     -0.01926092990335480717	      2.11008058369080409022	      1.46643974423927470063	     -0.00000000000000276430	      0.00000000000000178386	     -0.82934009019488375003	     -0.19227847077881118909	     -0.23685168039748916158	      2.07474269582059545058	      1.34540952919936818155	     -0.00000000000000114714	      0.00000000000000067021
      1.60400000000000009237	     -0.15356663873207482274	     -0.04087061758135862588	      0.13252956032600918257	      1.00307206655176650578	      1.05024222108606912762	     -0.36244042854610825088	      0.00736969065371796163	      0.07109189137982387108	     -0.05490428064620346549	      0.92521136001496950829	      0.92521136001496806500	     -0.38667961112676912938	     -0.00000000000000145751	      0.00000000000000644791	      0.58152354215727908304	      0.11134871805232314512	      0.02837794993187092371	      0.25672239795299023335	      0.25672239795299017784	     -0.08918117217537874231	     -0.00000000000001006203	     -0.00000000000002483822	      0.00922363783633134773	      0.03925301527939138030	      0.07232907518792473789	     -0.40214041258690619296	     -0.37061480347189551532	     -0.02055477625239022360	      2.09459815362038881403	      1.46615988350010306718	     -0.00000000000000281560	      0.00000000000000181464	     -0.82219416244485632461	     -0.19228896124584185512	     -0.23646753076567905705	      2.07125948285101690871	      1.34560428728016923117	     -0.00000000000000115906	      0.00000000000000067327
      1.60800000000000009592	     -0.15071783216009448925	     -0.04128661250850681336	      0.13470404600369487169	      1.00316184209710956843	      1.04767366393826577564	     -0.36252347757989217270	      0.01715255480795769075	      0.06987730961925078810	     -0.05498306787424734471	      0.96112522121981414092	      0.96112522121981258660	     -0.38059387763118840420	     -0.00000000000000146704	      0.00000000000000658010	      0.57631357506935032564	      0.11129840117436747005	      0.02540959184927401096	      0.26700854749524449705	      0.26700854749524449705	     -0.09377616135942239139	     -0.00000000000001013447	     -0.00000000000002503247	      0.00662001890740392725	      0.03859053749740867095	      0.06716007863344927720	     -0.40862716271664450973	     -0.36892207703036339339	     -0.02197776030871576719	      2.07824500658420285859	      1.46587385935274161497	     -0.00000000000000286641	      0.00000000000000184519	     -0.81477355759397973589	     -0.19271719289593355895	     -0.23595771569614831797	      2.06760208833061431832	      1.34580917718689407891	     -0.00000000000000117081	      0.00000000000000067627
      1.61200000000000009948	     -0.14879643850455082088	     -0.04090949971147057190	      0.13653935266930311565	      1.00318271825902560757	      1.04490035167983053022	     -0.36256982256138725607	      0.02837604463862095777	      0.06706241327767879790	     -0.05592425572133608719	      0.99795052257044902788	      0.99795052257044758459	     -0.37328476564311630082	     -0.00000000000000147685	      0.00000000000000671304	      0.57296551765352543573	      0.11167619804254745597	      0.02094897237476558288	      0.28055979534114594554	      0.28055979534114594554	     -0.09778302761581429692	     -0.00000000000001020568	     -0.00000000000002522680	      0.00485426344709709474	      0.03684381619541012010	      0.06207392019029520785	     -0.41467105570053497399	     -0.36703487338551460395	     -0.02360483717157161113	      2.06092269403387229332	      1.46557012623741877988	     -0.00000000000000291796	      0.00000000000000187592	     -0.80707103011042458096	     -0.19360071564636094354	     -0.23535380092543900510	      2.06378372618267880156	      1.34600967132862114894	     -0.00000000000000118226	      0.00000000000000067923
      1.61600000000000010303	     -0.14795677561466613614	     -0.03966562875643248748	      0.13805275137728276191	      1.00311274869979283331	      1.04192131347486305337	     -0.36257838189047469912	      0.04119653438136883228	      0.06253432892938683152	     -0.05758291956075836660	      1.03565702140353810279	      1.03565702140353677052	     -0.36442286110160360124	     -0.00000000000000148689	      0.00000000000000684533	      0.57189091202667652336	      0.11262252207017046934	      0.01513055154358372567	      0.29779436157550326358	      0.29779436157550331910	     -0.10045359127681900702	     -0.00000000000001027779	     -0.00000000000002542371	      0.00402805732305679381	      0.03388971468086261762	      0.05705718864225566012	     -0.42015022055926448674	     -0.36488374826429820219	     -0.02550562729570560530	      2.04255369239766615408	      1.46523033787832979158	     -0.00000000000000296997	      0.00000000000000190695	     -0.79907220306349391326	     -0.19495143479420795618	     -0.23467929093826750409	      2.05978713456195672293	      1.34618654763398026830	     -0.00000000000000119357	      0.00000000000000068242
      1.62000000000000010658	     -0.14828238734232232487	     -0.03752697180727292137	      0.13928901986641870070	      1.00293333828851083389	      1.03874561919829733192	     -0.36255171165857374982	      0.05569277792048075298	      0.05626803527852772269	     -0.05979459397319317887	      1.07413946401947368869	      1.07413946401947235643	     -0.35379360312586904946	     -0.00000000000000149682	      0.00000000000000697788	      0.57336415227503489955	      0.11425151957061802088	      0.00819445912617846120	      0.31897214148245489618	      0.31897214148245506271	     -0.10107226603103401652	     -0.00000000000001035124	     -0.00000000000002561976	      0.00417825545140661832	      0.02967529665154152244	      0.05207741108348327985	     -0.42496685677652001889	     -0.36241080108878009902	     -0.02773171716152329075	      2.02308973298544847452	      1.46483406039108476904	     -0.00000000000000302290	      0.00000000000000193777	     -0.79075636425466366841	     -0.19674924057948456335	     -0.23394789513751013121	      2.05555943923693451580	      1.34631730896229373506	     -0.00000000000000120500	      0.00000000000000068595
      1.62400000000000011013	     -0.14977741595633689564	     -0.03451676496692460822	      0.14031370614229632388	      1.00263076292450925564	      1.03539315597745829045	     -0.36249559247786133920	      0.07185684856639272533	      0.04833253524519824651	     -0.06238188069673104158	      1.11321792872589475643	      1.11321792872589342416	     -0.34132052116395600327	     -0.00000000000000150635	      0.00000000000000711253	      0.57748772295535533150	      0.11663796377371631052	      0.00047476395060654396	      0.34414982132457810904	      0.34414982132457822006	     -0.09901703369694103696	     -0.00000000000001042523	     -0.00000000000002581469	      0.00527124836424576818	      0.02422616048710978312	      0.04708657115187658837	     -0.42905224889876375505	     -0.35957915447084159988	     -0.03030595453290976446	      2.00251641508470035191	      1.46436361295331995969	     -0.00000000000000307625	      0.00000000000000196859	     -0.78209489309025204129	     -0.19894088333806292379	     -0.23316218228081364572	      2.05100974595805629619	      1.34637812140140500361	     -0.00000000000000121646	      0.00000000000000068958
      1.62800000000000011369	     -0.15236594743305512112	     -0.03071183715956954385	      0.14120371765155304011	      1.00219716746109011041	      1.03189425983143534538	     -0.36241810296619136889	      0.08959304729063392869	      0.03889010287515745623	     -0.06516081621678371238	      1.15264467193435193870	      1.15264467193435016235	     -0.32707394757280605635	     -0.00000000000000151500	      0.00000000000000724801	      0.58417315618896392682	      0.11980707410860932938	     -0.00762313451189376712	      0.37315489877268964714	      0.37315489877268981367	     -0.09381283319553965216	     -0.00000000000001049802	     -0.00000000000002600970	      0.00720385295741253137	      0.01764844846790100327	      0.04202603160197023596	     -0.43237128761255949616	     -0.35637971139100332874	     -0.03321521475165756243	      1.98085398063225337495	      1.46380833364480111847	     -0.00000000000000312970	      0.00000000000000199953	     -0.77304758096239944987	     -0.20144401568666758795	     -0.23231246862696641742	      2.04601021414481909488	      1.34634605193921341737	     -0.00000000000000122819	      0.00000000000000069333
      1.63200000000000011724	     -0.15589892968934015993	     -0.02624084206351972107	      0.14203630444347811745	      1.00163105441773914173	      1.02828822958534282783	     -0.36232834966086302497	      0.10872510433534898766	      0.02818824716363993801	     -0.06794700312156462529	      1.19211660360650117951	      1.19211660360649940316	     -0.31126457886265079811	     -0.00000000000000152441	      0.00000000000000738362	      0.59314012545502936558	      0.12372816554769126840	     -0.01565409064924583663	      0.40558120861835100790	      0.40558120861835122994	     -0.08517219163514537505	     -0.00000000000001057212	     -0.00000000000002620409	      0.00981109650608966155	      0.01012422922813533376	      0.03683266683198803404	     -0.43492596642339748092	     -0.35283441039675522699	     -0.03640760482151292332	      1.95815459206488440280	      1.46316770599479628601	     -0.00000000000000318292	      0.00000000000000203013	     -0.76355839168871508793	     -0.20415527407371591995	     -0.23137596026920492776	      2.04040098036534622850	      1.34620137897017055906	     -0.00000000000000123997	      0.00000000000000069712
      1.63600000000000012079	     -0.16016754704538060938	     -0.02127734781265153141	      0.14287782616338404185	      1.00093730194903973718	      1.02462095252640050802	     -0.36223510701670413869	      0.12901135756805029442	      0.01654422107086057567	     -0.07056138530465536074	      1.23129273998681654234	      1.23129273998681476598	     -0.29422270946543649384	     -0.00000000000000153447	      0.00000000000000751916	      0.60393387120407848734	      0.12831318037092986906	     -0.02317041353948458282	      0.44080618427265910730	      0.44080618427265927384	     -0.07301878704801940956	     -0.00000000000001064336	     -0.00000000000002639715	      0.01288032678365806996	      0.00189997322591228032	      0.03144601768903568240	     -0.43675666238964583332	     -0.34899603758851516222	     -0.03979417523847033483	      1.93449700810895119929	      1.46245310649847515272	     -0.00000000000000323549	      0.00000000000000206091	     -0.75355310803989539181	     -0.20696058304373213255	     -0.23031662558682605701	      2.03399871606361593024	      1.34592972224629892075	     -0.00000000000000125177	      0.00000000000000070089
      1.64000000000000012434	     -0.16492190019201141693	     -0.01602708547583519758	      0.14377381901080563131	      1.00012665481657281319	      1.02094201374478066313	     -0.36214563477441108486	      0.15016683662069882366	      0.00432234398047951374	     -0.07283557535431993413	      1.26981583985851953500	      1.26981583985851775864	     -0.27636500799995938893	     -0.00000000000000154539	      0.00000000000000765453	      0.61595948923809373809	      0.13342103023148979557	     -0.02976074604024188733	      0.47802862379622235167	      0.47802862379622251821	     -0.05749096555979722051	     -0.00000000000001071627	     -0.00000000000002659223	      0.01617027452281890459	     -0.00673184926110062618	      0.02581616085564091695	     -0.43793962837541983157	     -0.34494511369030061987	     -0.04325473531642484021	      1.90997980083463936296	      1.46168810029615370283	     -0.00000000000000328816	      0.00000000000000209160	     -0.74294132979046600962	     -0.20974580233986414579	     -0.22908643613591372912	      2.02660833833362863388	      1.34552373932751745400	     -0.00000000000000126353	      0.00000000000000070455
      1.64400000000000012790	     -0.16989337166751589114	     -0.01071028749241944439	      0.14474170570638700273	      0.99921463997648263256	      1.01730175776981979219	     -0.36206487633175615803	      0.17188960376864528823	     -0.00809395787030776741	     -0.07461657815210259725	      1.30733587026689068722	      1.30733587026688868882	     -0.25815290737386969999	     -0.00000000000000155597	      0.00000000000000778926	      0.62852933416014944434	      0.13886734336859521410	     -0.03508654177837174093	      0.51632319656160829968	      0.51632319656160852173	     -0.03892577300279163877	     -0.00000000000001078840	     -0.00000000000002678699	      0.01943286756040830607	     -0.01545649054086981923	      0.01991158083887986305	     -0.43857978721891510698	     -0.34078449445298192311	     -0.04664706111825618617	      1.88471449152626857604	      1.46090728748861797825	     -0.00000000000000334113	      0.00000000000000212218	     -0.73162403670481745976	     -0.21240611701160092006	     -0.22762824792204003344	      2.01803742714168787842	      1.34498419182445472231	     -0.00000000000000127547	      0.00000000000000070860
      1.64800000000000013145	     -0.17481823935740126164	     -0.00554164366824419670	      0.14576713259688320323	      0.99821999389963733673	      1.01374873464016523883	     -0.36199513292163176814	      0.19388741506418094573	     -0.02033190964512008106	     -0.07577057846322951540	      1.34353145705618803873	      1.34353145705618626238	     -0.24004874721899788215	     -0.00000000000000156625	      0.00000000000000792404	      0.64091781396300995244	      0.14443812673142220060	     -0.03891205412397728131	      0.55470532137700934161	      0.55470532137700956365	     -0.01782713968652151551	     -0.00000000000001086284	     -0.00000000000002698988	      0.02243506432766121869	     -0.02396302128607288168	      0.01372585962944270453	     -0.43879947591053486411	     -0.33663210751699823575	     -0.04981857811033701261	      1.85882013724353689632	      1.46015376643467442719	     -0.00000000000000339431	      0.00000000000000215309	     -0.71950598589208303313	     -0.21485321692438760777	     -0.22588019483351592931	      2.00811292558410725562	      1.34432024166297714451	     -0.00000000000000128748	      0.00000000000000071266
      1.65200000000000013500	     -0.17946000968861547387	     -0.00071070574469559811	      0.14680428013607879634	      0.99716282371215037017	      1.01032773743107129327	     -0.36193618622565354448	      0.21590150538907224020	     -0.03205749208945948142	     -0.07618569659002447092	      1.37812650743876941029	      1.37812650743876763393	     -0.22247499697935854690	     -0.00000000000000157687	      0.00000000000000805869	      0.65241783865851354918	      0.14990611718459739832	     -0.04112446225374482428	      0.59219955572341709260	      0.59219955572341731465	      0.00517822409393517598	     -0.00000000000001093955	     -0.00000000000002719926	      0.02497842740480729976	     -0.03196989716850207053	      0.00728198160102846992	     -0.43872517268128730095	     -0.33261204924795434446	     -0.05261951769070588592	      1.83242046455702034535	      1.45947537705768359828	     -0.00000000000000344793	      0.00000000000000218421	     -0.70651069192115234507	     -0.21702023377842433183	     -0.22378130150970476642	      1.99669921621498014375	      1.34354891684176203093	     -0.00000000000000129926	      0.00000000000000071669
      1.65600000000000013856	     -0.18362823929888458241	      0.00363464223099275573	      0.14777965400108883376	      0.99606282735055962085	      1.00707843001679098194	     -0.36188575587487009644	      0.23772593729870417079	     -0.04299901818094304523	     -0.07577405564836182938	      1.41090169862751291241	      1.41090169862751113605	     -0.20577974622637151825	     -0.00000000000000158808	      0.00000000000000819211	      0.66239354050791809936	      0.15504870366697542927	     -0.04174225578917530738	      0.62790431951184277892	      0.62790431951184300097	      0.02939279998546874897	     -0.00000000000001101960	     -0.00000000000002741795	      0.02691498201238664081	     -0.03924731966852035986	      0.00063357367746314842	     -0.43847495657749963049	     -0.32884467803033035072	     -0.05491635128199259114	      1.80564392898981318503	      1.45892006353872361046	     -0.00000000000000350130	      0.00000000000000221531	     -0.69259524368318003962	     -0.21886480742721509118	     -0.22127782199341633484	      1.98371578925420211093	      1.34269383726529611955	     -0.00000000000000131090	      0.00000000000000072033
      1.66000000000000014211	     -0.18719209985914173067	      0.00739953077420250384	      0.14859855157419740723	      0.99493786513582804787	      1.00403443396005176425	     -0.36184013498727296554	      0.25922156264645646040	     -0.05296376663532576662	     -0.07447347388977633431	      1.44170139692788534802	      1.44170139692788357166	     -0.19021078424858303690	     -0.00000000000000159973	      0.00000000000000832495	      0.67032425257818739617	      0.15966601910871605630	     -0.04091101460782803345	      0.66104620150954751523	      0.66104620150954762625	      0.05410242391869008599	     -0.00000000000001110218	     -0.00000000000002764396	      0.02815822991225380018	     -0.04563400242782251343	     -0.00613723504376863325	     -0.43814936841329099604	     -0.32543666919081065680	     -0.05660424806362384514	      1.77862649780650872167	      1.45853082741273998302	     -0.00000000000000355446	      0.00000000000000224653	     -0.67776228009514238870	     -0.22037058722255067900	     -0.21832969249538577983	      1.96915253570522041926	      1.34178335985586727475	     -0.00000000000000132240	      0.00000000000000072434
      1.66400000000000014566	     -0.19008772616870861505	      0.01054737531265600471	      0.14915346578208915629	      0.99380302062693726128	      1.00122273332320377293	     -0.36179484686047275188	      0.28032353719791941460	     -0.06184643130913972803	     -0.07224887236763177789	      1.47043591818726970821	      1.47043591818726815390	     -0.17590049950019340241	     -0.00000000000000161204	      0.00000000000000845779	      0.67583597241682635826	      0.16359770208643431566	     -0.03888723932090599328	      0.69101945443205048392	      0.69101945443205070596	      0.07862720947163592822	     -0.00000000000001118651	     -0.00000000000002786948	      0.02868838288192926411	     -0.05104704175540394906	     -0.01292533916263196962	     -0.43782719753240550986	     -0.32247203817474628940	     -0.05761734807379931961	      1.75151645366831432149	      1.45834087515026888937	     -0.00000000000000360760	      0.00000000000000227803	     -0.66206718067915004688	     -0.22154726230193960701	     -0.21491661026537425827	      1.95308131000974793956	      1.34084834610428749180	     -0.00000000000000133367	      0.00000000000000072853
      1.66800000000000014921	     -0.19231893697625368489	      0.01309928206105481947	      0.14933376145638033172	      0.99267015737904107375	      0.99866331767576865808	     -0.36174520917283925492	      0.30104125246293789164	     -0.06962927666531126825	     -0.06909326611482355385	      1.49707844301650716545	      1.49707844301650538910	     -0.16286364612218984238	     -0.00000000000000162511	      0.00000000000000859078	      0.67871769116775737540	      0.16673671702730427646	     -0.03601227945914867168	      0.71740833840871220950	      0.71740833840871232052	      0.10236504401598268965	     -0.00000000000001126924	     -0.00000000000002809981	      0.02855112447735442399	     -0.05548457000658025412	     -0.01961115248166826405	     -0.43756631471308066184	     -0.32000518334894584305	     -0.05793564060974233654	      1.72448025747759126070	      1.45836966752246799395	     -0.00000000000000365981	      0.00000000000000230907	     -0.64561967661295571741	     -0.22242886328255645489	     -0.21104340409140409651	      1.93566296189554698515	      1.33991980002823596330	     -0.00000000000000134461	      0.00000000000000073261
      1.67200000000000015277	     -0.19395144820911455752	      0.01512806831520393906	      0.14903592262190309969	      0.99154790002163906149	      0.99636906231470068196	     -0.36168676202801813835	      0.32145030715939243438	     -0.07637419813907295185	     -0.06502791799843032905	      1.52165626973586665116	      1.52165626973586487480	     -0.15100858342447576188	     -0.00000000000000163961	      0.00000000000000872421	      0.67892144389266639859	      0.16903835697579780439	     -0.03267901012188014626	      0.73999137729286645904	      0.73999137729286668108	      0.12482442828980148952	     -0.00000000000001135365	     -0.00000000000002833070	      0.02784994036390141259	     -0.05902102678505397743	     -0.02607127471197758645	     -0.43740875229998860130	     -0.31805693346622015971	     -0.05758757693624352164	      1.69770837058944001896	      1.45862042593101737253	     -0.00000000000000371324	      0.00000000000000233967	     -0.62858016734226151989	     -0.22306986304026527046	     -0.20674418620698237214	      1.91714922140276367024	      1.33902661986197024646	     -0.00000000000000135522	      0.00000000000000073617
      1.67599999999999993427	     -0.19510161638289083563	      0.01674727381646350099	      0.14817348297240515165	      0.99044191986324059407	      0.99434588385035249658	     -0.36161557786425696515	      0.34167757379368457471	     -0.08220716636896592544	     -0.06010129091759666004	      1.54423712265934942600	      1.54423712265934764964	     -0.14015973498824682575	     -0.00000000000000165448	      0.00000000000000885790	      0.67654744198634719776	      0.17052250909616525898	     -0.02929457269204323311	      0.75872880442542711688	      0.75872880442542733892	      0.14564449055365663588	     -0.00000000000001143140	     -0.00000000000002855337	      0.02673333918878338655	     -0.06179488533132097144	     -0.03219026381690856531	     -0.43738850674778456673	     -0.31661423717486747442	     -0.05664827193120628573	      1.67141947806809021415	      1.45907924796495236386	     -0.00000000000000376776	      0.00000000000000237071	     -0.61115166155805988879	     -0.22353886278395174170	     -0.20208440748083517091	      1.89787879492182010033	      1.33819368620921275159	     -0.00000000000000136590	      0.00000000000000073948
      1.67999999999999993783	     -0.19592118945677103325	      0.01809568366299603437	      0.14668566895365392488	      0.98935540796378285133	      0.99259328443276351184	     -0.36152850713277501216	      0.36188116165810141345	     -0.08729601306208427391	     -0.05438643756108627741	      1.56491186501014833965	      1.56491186501014656329	     -0.13008766680589792242	     -0.00000000000000166973	      0.00000000000000899226	      0.67181690501630197954	      0.17126781268390930957	     -0.02624282851363588312	      0.77373559247529855032	      0.77373559247529877236	      0.16460058842979427562	     -0.00000000000001150800	     -0.00000000000002877797	      0.02537883517642659098	     -0.06398911153617928282	     -0.03787229896575362853	     -0.43754034994251161939	     -0.31563379927280377224	     -0.05523357502064898256	      1.64586169342092514256	      1.45971580281981383465	     -0.00000000000000382212	      0.00000000000000240188	     -0.59356858109363097586	     -0.22391005934082172657	     -0.19715995927084717376	      1.87826727038509977419	      1.33744049458502045624	     -0.00000000000000137637	      0.00000000000000074334
      1.68399999999999994138	     -0.19658007627308118903	      0.01931891308664546170	      0.14454381510624420004	      0.98828963293418914393	      0.99110535100697350064	     -0.36142340791745042328	      0.38222808657649182118	     -0.09182401664970796240	     -0.04797700890105463523	      1.58377625531251098323	      1.58377625531250898483	     -0.12054224196911685063	     -0.00000000000000168508	      0.00000000000000912686	      0.66503649397530018028	      0.17139832983624700424	     -0.02385017924852566445	      0.78524412365603990516	      0.78524412365604023822	      0.18159596979155043228	     -0.00000000000001158555	     -0.00000000000002901224	      0.02397582416182209367	     -0.06580632497677756099	     -0.04305127475644512924	     -0.43790798144814591097	     -0.31504942203730251782	     -0.05349059592842685812	      1.62131009682447180253	      1.46048549561932383689	     -0.00000000000000387559	      0.00000000000000243451	     -0.57608406756626207024	     -0.22425331823343830351	     -0.19209313688958240540	      1.85879109396064667870	      1.33678045430802328042	     -0.00000000000000138723	      0.00000000000000074770
      1.68799999999999994493	     -0.19724953084976193374	      0.02055056753434725964	      0.14175463096752496939	      0.98724451638595489555	      0.98987213773008198014	     -0.36129937199413358906	      0.40287329200417332231	     -0.09596315213242063991	     -0.04098266149080783544	      1.60091552759309574405	      1.60091552759309396770	     -0.11128352641010737234	     -0.00000000000000170039	      0.00000000000000926130	      0.65655930827988484566	      0.17106523722185959513	     -0.02235831137972565247	      0.79356193968353372359	      0.79356193968353394563	      0.19664304187529879631	     -0.00000000000001165834	     -0.00000000000002923992	      0.02270965635543335109	     -0.06744220637124438700	     -0.04769768620473457954	     -0.43855001674437904535	     -0.31478227059006386179	     -0.05158558650978015137	      1.59806056854546185697	      1.46133290292302442381	     -0.00000000000000392830	      0.00000000000000246688	     -0.55895757220239861152	     -0.22462427398223569486	     -0.18702591381237104740	      1.83996641749713996106	      1.33622088281111506269	     -0.00000000000000139799	      0.00000000000000075082
      1.69199999999999994849	     -0.19808755302568442636	      0.02189542556934730155	      0.13835985923499521943	      0.98621925037293889371	      0.98888128131490682371	     -0.36115693421545747022	      0.42394265040394046862	     -0.09985076347006748010	     -0.03352439853933201347	      1.61639407309582394667	      1.61639407309582217032	     -0.10210667281119714667	     -0.00000000000000171591	      0.00000000000000939645	      0.64674700751717140168	      0.17042651403748285133	     -0.02190662317411359514	      0.79902977961267085405	      0.79902977961267118712	      0.20983820875393444094	     -0.00000000000001172511	     -0.00000000000002946414	      0.02174861264405422712	     -0.06906082160856094609	     -0.05182134972395083250	     -0.43954289381812566839	     -0.31475278832033770637	     -0.04969030904372505331	      1.57642020690646056380	      1.46219622693097628385	     -0.00000000000000398092	      0.00000000000000249807	     -0.54244366906066932010	     -0.22505602244184605421	     -0.18211121202318664158	      1.82232403323582059507	      1.33576366535353296960	     -0.00000000000000140902	      0.00000000000000075219
      1.69599999999999995204	     -0.19922725306585284399	      0.02341678507676422591	      0.13443282658463953649	      0.98521302818213585262	      0.98811969983142711182	     -0.36099823435799177629	      0.44552032842821304159	     -0.10357266957287085407	     -0.02572969182224434451	      1.63024910375299580956	      1.63024910375299403320	     -0.09286024353080178650	     -0.00000000000000173149	      0.00000000000000953089	      0.63593663511845122116	      0.16962768698496291653	     -0.02252552546997984781	      0.80198451376432244864	      0.80198451376432278170	      0.22133369608886765967	     -0.00000000000001178628	     -0.00000000000002966361	      0.02123430096731536779	     -0.07077523524589938997	     -0.05547030201288775941	     -0.44098045453865786225	     -0.31489228933447732661	     -0.04796819937798416783	      1.55669500222754830787	      1.46301241508037960237	     -0.00000000000000402939	      0.00000000000000253021	     -0.52678183556526936293	     -0.22555378204269885267	     -0.17750306419517700163	      1.80638231173761387716	      1.33540637504585402162	     -0.00000000000000141984	      0.00000000000000075064
      1.69999999999999995559	     -0.20076851886489824328	      0.02512969109676551141	      0.13007274873184015984	      0.98422589560969775402	      0.98757520000071841171	     -0.36082708026431153936	      0.46764000045615339296	     -0.10715494780081714910	     -0.01772717873305575814	      1.64248619639264714642	      1.64248619639264514802	     -0.08345853246365762812	     -0.00000000000000174719	      0.00000000000000966553	      0.62441493543296067159	      0.16878633551464183871	     -0.02414083577216187895	      0.80273081049638750351	      0.80273081049638794759	      0.23130956529939394883	     -0.00000000000001186385	     -0.00000000000002986750	      0.02127543519408120823	     -0.07263612523677290267	     -0.05872671149686356507	     -0.44297034011342545368	     -0.31515220709148422662	     -0.04656164800540853188	      1.53917553555137387455	      1.46372251079546122909	     -0.00000000000000407552	      0.00000000000000256453	     -0.51218665657528084090	     -0.22609350470555805712	     -0.17334661432419126714	      1.79262030049123066711	      1.33514359496752832435	     -0.00000000000000143152	      0.00000000000000074908
      1.70399999999999995914	     -0.20277342212782722974	      0.02700056066313372485	      0.12539739727173659922	      0.98325959997338141516	      0.98723776232482696180	     -0.36064885986631517456	      0.49028018562442776673	     -0.11056488978589798511	     -0.00964138009732063220	      1.65307679026679776868	      1.65307679026679599232	     -0.07388700711210925698	     -0.00000000000000176253	      0.00000000000000979955	      0.61240180087915863094	      0.16798194321260326300	     -0.02658825920584035815	      0.80152341579024877216	      0.80152341579024910523	      0.23994853827500367549	     -0.00000000000001194999	     -0.00000000000003007463	      0.02194503769835469062	     -0.07462930525230722367	     -0.06170039525922817875	     -0.44562765956006783474	     -0.31550989677563612279	     -0.04558163744704600562	      1.52412149478094560706	      1.46427667025304364401	     -0.00000000000000411964	      0.00000000000000259800	     -0.49883875989477249879	     -0.22662461573521358593	     -0.16976869984193312946	      1.78145279580192150704	      1.33496824130002589293	     -0.00000000000000144308	      0.00000000000000074797
      1.70799999999999996270	     -0.20526590195561045249	      0.02895261149507600412	      0.12053449223920724431	      0.98231821834251709102	      0.98710025384887778443	     -0.36047026774396018212	      0.51336482575815522988	     -0.11371997192489384509	     -0.00158843196672062777	      1.66195974883041697190	      1.66195974883041497350	     -0.06419871060828064024	     -0.00000000000000177768	      0.00000000000000993291	      0.60004351213681805799	      0.16725162071297816624	     -0.02963585821304134255	      0.79856023371613826800	      0.79856023371613849005	      0.24741557572514039087	     -0.00000000000001203865	     -0.00000000000003030015	      0.02328123812548890670	     -0.07668139945386148737	     -0.06452026148085772406	     -0.44906657582129211326	     -0.31597078429625879981	     -0.04510086494749283859	      1.51174590972875710904	      1.46463816894787113299	     -0.00000000000000416218	      0.00000000000000263182	     -0.48687768770645889482	     -0.22707632993797480236	     -0.16686958578513128026	      1.77320885251197446486	      1.33487272781150423384	     -0.00000000000000145327	      0.00000000000000074522
      1.71199999999999996625	     -0.20823566266749465870	      0.03087616820395428993	      0.11561230886289183828	      0.98140837874041686462	      0.98715844303221478295	     -0.36029884221043928516	      0.53676944268156079332	     -0.11650320020250781727	      0.00632640379871063536	      1.66904820759044802969	      1.66904820759044647538	     -0.05450109468214470176	     -0.00000000000000179249	      0.00000000000001006626	      0.58741539521450292227	      0.16659161854941659242	     -0.03301190266597823358	      0.79398524361406741523	      0.79398524361406785932	      0.25384379808740509255	     -0.00000000000001213903	     -0.00000000000003053555	      0.02529133617194706182	     -0.07867235893502169675	     -0.06732410883123629564	     -0.45339056206717021080	     -0.31656695217077590598	     -0.04515101888721439333	      1.50220031089144234748	      1.46478588484955629667	     -0.00000000000000420120	      0.00000000000000266264	     -0.47639767558518791857	     -0.22736663873902265842	     -0.16471644620253900193	      1.76811505274287728007	      1.33484983041800009396	     -0.00000000000000146283	      0.00000000000000074358
      1.71599999999999996980	     -0.21164504074524614907	      0.03264272888498374187	      0.11075046392930704142	      0.98053902393157243988	      0.98741043153094798512	     -0.36014235779009812211	      0.56033154173277133214	     -0.11878288315920355889	      0.01400956725852873543	      1.67424031046536958556	      1.67424031046536780920	     -0.04493647331525316146	     -0.00000000000000180733	      0.00000000000001019965	      0.57453197228755159554	      0.16596413341232901795	     -0.03643467077042087526	      0.78789882650280351761	      0.78789882650280385068	      0.25932695695013763260	     -0.00000000000001223744	     -0.00000000000003078897	      0.02795781908150980766	     -0.08045322753702760510	     -0.07024771709301930178	     -0.45868243192208424386	     -0.31735233731300566129	     -0.04572410779105983564	      1.49556268734176089907	      1.46471511710568824682	     -0.00000000000000424511	      0.00000000000000269342	     -0.46744629004215804136	     -0.22741277223580469435	     -0.16333926103057389012	      1.76628486194556622024	      1.33489313894055361409	     -0.00000000000000147461	      0.00000000000000074219
      1.71999999999999997335	     -0.21543708427464006161	      0.03412141025443702486	      0.10605197496904472665	      0.97972079521075738917	      0.98785576542227293562	     -0.36000814969344518968	      0.58386332105101701462	     -0.12043461706160935032	      0.02137878228805638672	      1.67743144612704853103	      1.67743144612704653262	     -0.03566058248183237578	     -0.00000000000000182257	      0.00000000000001033299	      0.56136211708603533932	      0.16530848589139776617	     -0.03964069101646854748	      0.78037247442403401276	      0.78037247442403434583	      0.26391752052318928623	     -0.00000000000001231949	     -0.00000000000003103861	      0.03124480898500032328	     -0.08186726714261302607	     -0.07341433306509294321	     -0.46499532612937577447	     -0.31839487486256545790	     -0.04677734826100463789	      1.49183022114976648886	      1.46443677011801764998	     -0.00000000000000429135	      0.00000000000000272450	     -0.46002549655348806690	     -0.22714184827005537426	     -0.16272972059938214939	      1.76771521795504238384	      1.33499699910843050432	     -0.00000000000000148572	      0.00000000000000074092
      1.72399999999999997691	     -0.21954335381362130586	      0.03519576760935435450	      0.10159741315061091016	      0.97896519755584154865	      0.98849449832095526158	     -0.35990246369015216343	      0.60716503728293313991	     -0.12136265735417565981	      0.02836162741960314426	      1.67852611423825859305	      1.67852611423825659465	     -0.02682252806523006267	     -0.00000000000000183772	      0.00000000000001046642	      0.54784676198919191048	      0.16455483811809903938	     -0.04240870710112791542	      0.77146491362722924290	      0.77146491362722957597	      0.26762872491209083181	     -0.00000000000001238510	     -0.00000000000003126742	      0.03510397004784055613	     -0.08277178644283450515	     -0.07692558707517910266	     -0.47234569819103044974	     -0.31976648187628531339	     -0.04824094221662411641	      1.49091787816115783905	      1.46397503199470002677	     -0.00000000000000433766	      0.00000000000000275621	     -0.45409494413823459080	     -0.22650044976214955827	     -0.16284322686254273926	      1.77229069088569590740	      1.33515596900535848945	     -0.00000000000000149632	      0.00000000000000073983
      1.72799999999999998046	     -0.22389043095079586010	      0.03577845198106863883	      0.09744168477882475532	      0.97828371197977304075	      0.98932641405776211574	     -0.35982992388004503281	      0.63003765312535731091	     -0.12151732528090748719	      0.03489323903660243587	      1.67744809563242824879	      1.67744809563242647243	     -0.01854821666105478661	     -0.00000000000000185257	      0.00000000000001060023	      0.53391668326244667853	      0.16363786524805784550	     -0.04457735966040830139	      0.76123686016879121841	      0.76123686016879155147	      0.27043868020205713565	     -0.00000000000001244689	     -0.00000000000003148987	      0.03947932214777293003	     -0.08305736393475052215	     -0.08085481138131379863	     -0.48070923517304697814	     -0.32153227276601276108	     -0.05002789773168157123	      1.49266297155254168416	      1.46336377146026119789	     -0.00000000000000438638	      0.00000000000000278652	     -0.44957730430943865230	     -0.22546194223880006158	     -0.16360356864872391269	      1.77979470501906567037	      1.33536392705379336476	     -0.00000000000000150577	      0.00000000000000073251
      1.73199999999999998401	     -0.22840464130873341930	      0.03582157265352441805	      0.09361354142577668624	      0.97768695144881789805	      0.99035050881592423533	     -0.35979317830253815247	      0.65229366181564374383	     -0.12090571478403931704	      0.04091345763932903445	      1.67414812313139571565	      1.67414812313139371724	     -0.01092850909296733813	     -0.00000000000000186792	      0.00000000000001073388	      0.51950809689663079993	      0.16250810151593467201	     -0.04605534762578807756	      0.74976215767984122351	      0.74976215767984155658	      0.27229462140488519539	     -0.00000000000001250222	     -0.00000000000003171752	      0.04431051375236993994	     -0.08266168534466311613	     -0.08524331802888179821	     -0.49002033090687041605	     -0.32374040450769986377	     -0.05204495585411765546	      1.49683523863795286957	      1.46264197053232836154	     -0.00000000000000443153	      0.00000000000000281617	     -0.44636531593694400710	     -0.22403065044772810244	     -0.16490967135552669909	      1.78992683254455631214	      1.33561299655064291692	     -0.00000000000000151394	      0.00000000000000072726
      1.73599999999999998757	     -0.23301497065273207854	      0.03532156595054851411	      0.09011722231672847361	      0.97718390250595188462	      0.99156471638449017458	     -0.35979273417351909092	      0.67376542412348183753	     -0.11959434188166805091	      0.04636401558413526247	      1.66860903721823916612	      1.66860903721823761181	     -0.00401213958529045810	     -0.00000000000000188398	      0.00000000000001086793	      0.50457424742658740779	      0.16113936430722761162	     -0.04682390690220603752	      0.73713373196710096913	      0.73713373196710130220	      0.27311617534336163349	     -0.00000000000001255509	     -0.00000000000003194399	      0.04953436095731968830	     -0.08157636465329545783	     -0.09009943691637836705	     -0.50017518511101444201	     -0.32641385851278509334	     -0.05420358693347498980	      1.50315133371059683753	      1.46184866480168751401	     -0.00000000000000447712	      0.00000000000000284425	     -0.44433005977939593611	     -0.22224242224555090797	     -0.16664367712209499084	      1.80232464683198068123	      1.33589251356819649352	     -0.00000000000000152214	      0.00000000000000072473
      1.73999999999999999112	     -0.23765438353114090586	      0.03431800661827773963	      0.08693543137418761890	      0.97678127366617284455	      0.99296580092553010655	     -0.35982696714516076986	      0.69431069038602966081	     -0.11770331124374662501	      0.05118645647217225092	      1.66084866875640702055	      1.66084866875640524420	      0.00219701691938023382	     -0.00000000000000189964	      0.00000000000001100180	      0.48909167593843705379	      0.15953128960680026949	     -0.04693199856079902088	      0.72346341525830781816	      0.72346341525830826225	      0.27279677979716004943	     -0.00000000000001261534	     -0.00000000000003217175	      0.05508469395854349165	     -0.07984596656400998194	     -0.09539983869599005795	     -0.51103831975399971466	     -0.32954523594091228444	     -0.05643000598854244765	      1.51129237059293886070	      1.46101792923061912788	     -0.00000000000000452834	      0.00000000000000287592	     -0.44332985833119076258	     -0.22016146535974634446	     -0.16867954313583596870	      1.81658832997147867694	      1.33618827185428901139	     -0.00000000000000153029	      0.00000000000000072356
      1.74399999999999999467	     -0.24225996195166210612	      0.03288666439505874561	      0.08403315031786541545	      0.97648296215046748170	      0.99454934088254309810	     -0.35989227652598410057	      0.71381523365719246055	     -0.11539295145518688179	      0.05532123091444077212	      1.65092023011522548437	      1.65092023011522370801	      0.00773820023658185630	     -0.00000000000000191541	      0.00000000000001113603	      0.47306099900046921780	      0.15770686860214808145	     -0.04648515840852347064	      0.70887599778858356725	      0.70887599778858401134	      0.27120358204741795705	     -0.00000000000001265463	     -0.00000000000003239030	      0.06089087066611491295	     -0.07755966593324351011	     -0.10109279297285217458	     -0.52245194715901943638	     -0.33309505758730595382	     -0.05867321329295457910	      1.52092305026676943847	      1.46017447653021048559	     -0.00000000000000458268	      0.00000000000000290841	     -0.44321885709724129221	     -0.21787394207534810375	     -0.17089136922531916740	      1.83230602218223448396	      1.33648222466791288809	     -0.00000000000000153882	      0.00000000000000072648
      1.74799999999999999822	     -0.24677235411760850559	      0.03112792754311476812	      0.08136209262007160214	      0.97628967018779566622	      0.99630976547044247660	     -0.35998335998207420250	      0.73219273215086089213	     -0.11284515248824389388	      0.05870818227733316796	      1.63890952633473618860	      1.63890952633473441225	      0.01268687927984510008	     -0.00000000000000193175	      0.00000000000001127052	      0.45650313694973942980	      0.15570560963116591990	     -0.04562948625300324024	      0.69349905857650029350	      0.69349905857650073759	      0.26817734935937470597	     -0.00000000000001268379	     -0.00000000000003260013	      0.06687565108282167436	     -0.07483709213220050838	     -0.10710314133623145827	     -0.53424726723735138645	     -0.33699352714556479738	     -0.06091014504665702434	      1.53171082839762084937	      1.45933045668734862055	     -0.00000000000000463855	      0.00000000000000294263	     -0.44385413007294283183	     -0.21547932412033773963	     -0.17316070534801339398	      1.84907778193592786664	      1.33675276985847979461	     -0.00000000000000154709	      0.00000000000000073125
      1.75200000000000000178	     -0.25113498397309719223	      0.02915214276417880945	      0.07886563371160827673	      0.97619874063276934617	      0.99824042399935541958	     -0.36009358807301300454	      0.74938242171240343481	     -0.11024193120670175428	      0.06128841415883381355	      1.62492872516100272939	      1.62492872516100095304	      0.01714304188137247276	     -0.00000000000000194780	      0.00000000000001140483	      0.43945261121650264213	      0.15357348552093691429	     -0.04453263192289697026	      0.67745085437779795079	      0.67745085437779839488	      0.26353405383958500297	     -0.00000000000001270918	     -0.00000000000003281454	      0.07295340714400383453	     -0.07181039461590617290	     -0.11333868907573939333	     -0.54625674860538109279	     -0.34114538427539592425	     -0.06314737755424426613	      1.54334360817632898488	      1.45848387084480202169	     -0.00000000000000469500	      0.00000000000000297817	     -0.44510069030998739015	     -0.21308065112042351430	     -0.17538223949584400008	      1.86653636061548455771	      1.33697567919760063049	     -0.00000000000000155564	      0.00000000000000073762
      1.75600000000000000533	     -0.25529360376305776370	      0.02706385885810349071	      0.07648383707021165490	      0.97620429312918022280	      1.00033363537653485764	     -0.36021545030322787984	      0.76534554652020903021	     -0.10774388775443873023	      0.06300706933412056343	      1.60910755275694805633	      1.60910755275694627997	      0.02121717684662680417	     -0.00000000000000196469	      0.00000000000001153931	      0.42195028475306950444	      0.15135139566456123905	     -0.04336445215511863099	      0.66082942616755457887	      0.66082942616755513399	      0.25706955785066665232	     -0.00000000000001274749	     -0.00000000000003304552	      0.07902991686710165997	     -0.06860503006347971888	     -0.11969743460824276704	     -0.55832647122121747962	     -0.34543713723056579390	     -0.06541954475408319480	      1.55554439246940590102	      1.45761869180305669857	     -0.00000000000000474994	      0.00000000000000301403	     -0.44683479133394732319	     -0.21077494557665615860	     -0.17746745433578917095	      1.88436350102766869696	      1.33712564555860335958	     -0.00000000000000156383	      0.00000000000000074304
      1.76000000000000000888	     -0.25919677050288925102	      0.02494711653289416117	      0.07415811041393761960	      0.97629770804024451625	      1.00258065935955453796	     -0.36034103952954787964	      0.78006168863759828280	     -0.10547120580007002255	      0.06381641904265018816	      1.59158323699560577680	      1.59158323699560400044	      0.02501711674733895704	     -0.00000000000000198260	      0.00000000000001167426	      0.40403785457183871710	      0.14906410844276182792	     -0.04228005586120152370	      0.64370597464599632609	      0.64370597464599688120	      0.24856831506548010546	     -0.00000000000001278554	     -0.00000000000003324688	      0.08500479231744204056	     -0.06532191369103466927	     -0.12607492915457066407	     -0.57032756954850349906	     -0.34974582075881704979	     -0.06778495098954598341	      1.56808146350194599350	      1.45670661004600243693	     -0.00000000000000480439	      0.00000000000000305059	     -0.44894622717823423619	     -0.20864498324938235418	     -0.17934602372204627718	      1.90230083994232246347	      1.33717835450312283463	     -0.00000000000000157250	      0.00000000000000074808
      1.76400000000000001243	     -0.26279732672949751571	      0.02285390002775114157	      0.07183505093207005754	      0.97646841478177726081	      1.00497159872419805637	     -0.36046253666107402891	      0.79352546490016551139	     -0.10348972092306331361	      0.06367905914478561025	      1.57249028901011977943	      1.57249028901011800308	      0.02863750828305285448	     -0.00000000000000200090	      0.00000000000001181025	      0.38575502792864901913	      0.14671169207456821737	     -0.04140677907881108732	      0.62612364744006598904	      0.62612364744006643313	      0.23781591643145183479	     -0.00000000000001283122	     -0.00000000000003344926	      0.09077646519349298615	     -0.06202350395743345263	     -0.13237101116872077022	     -0.58216559545417856381	     -0.35394831964450729211	     -0.07031896096023955434	      1.58077340279586997518	      1.45571023502883889478	     -0.00000000000000485834	      0.00000000000000308522	     -0.45133994814952071994	     -0.20675326329555951399	     -0.18096521447099317426	      1.92015511124841542490	      1.33711286082544122955	     -0.00000000000000158126	      0.00000000000000075214
      1.76800000000000001599	     -0.26605452750049118915	      0.02079778504879234435	      0.06946908338109637759	      0.97670485267094497850	      1.00749528995955106581	     -0.36057265293397572359	      0.80574352831570172917	     -0.10180439219448206289	      0.06257136713469921285	      1.55195096162632895087	      1.55195096162632739656	      0.03215228250024528001	     -0.00000000000000201892	      0.00000000000001194660	      0.36713907365776432545	      0.14426536415313626072	     -0.04083559283442610155	      0.60810118645573096874	      0.60810118645573152385	      0.22461467785434596767	     -0.00000000000001288930	     -0.00000000000003367624	      0.09624862675016300495	     -0.05872624124778356297	     -0.13849512097206700956	     -0.59378633825918281097	     -0.35793026653047949059	     -0.07310586283081808856	      1.59348899893343887157	      1.45458750799513292229	     -0.00000000000000491192	      0.00000000000000311889	     -0.45393698745043381537	     -0.20513865254167140684	     -0.18228801460066335061	      1.93779789685894709983	      1.33691393947722980684	     -0.00000000000000158998	      0.00000000000000075554
      1.77200000000000001954	     -0.26893660934792784634	      0.01875392271412727740	      0.06702380948042714615	      0.97699544341837507577	      1.01013920748441821118	     -0.36066499863048728791	      0.81673194575726049127	     -0.10036144043958067362	      0.06048699290228039260	      1.53006725457228864862	      1.53006725457228687226	      0.03561017840392349809	     -0.00000000000000203664	      0.00000000000001208367	      0.34822643868839892045	      0.14166885820303903865	     -0.04061717284964546509	      0.58964076739365878232	      0.58964076739365933744	      0.20880158320100206115	     -0.00000000000001295314	     -0.00000000000003390457	      0.10133713508693975580	     -0.05540071479745334315	     -0.14436975842551130755	     -0.60517703324586880065	     -0.36159373528367316775	     -0.07622995267195531444	      1.60614255474198408535	      1.45329694702159839537	     -0.00000000000000496549	      0.00000000000000315216	     -0.45667476295400055708	     -0.20381591434023790810	     -0.18329064602388200900	      1.95516041206145363418	      1.33657411542316051367	     -0.00000000000000159859	      0.00000000000000075838
      1.77600000000000002309	     -0.27142397748247443223	      0.01666486588280355341	      0.06447259644794836597	      0.97732943256733129100	      1.01288934476995917677	     -0.36073436815383891352	      0.82651462857713320354	     -0.09905843809537318023	      0.05743915090009418800	      1.50691561651178784764	      1.50691561651178607129	      0.03903338486661722673	     -0.00000000000000205471	      0.00000000000001222132	      0.32905666973468816749	      0.13884503439359355270	     -0.04076255423394078981	      0.57073979490789084057	      0.57073979490789139568	      0.19026804535630628679	     -0.00000000000001301753	     -0.00000000000003413555	      0.10597709731000069799	     -0.05197905427298191161	     -0.14993241271174520546	     -0.61636309427695745722	     -0.36486313216557159089	     -0.07976662534522309389	      1.61868575541916848159	      1.45180309435208143576	     -0.00000000000000501882	      0.00000000000000318660	     -0.45950690127798771156	     -0.20277811253734068231	     -0.18395986324301852322	      1.97222414841526827445	      1.33609517647296360821	     -0.00000000000000160711	      0.00000000000000076092
      1.78000000000000002665	     -0.27351310530595479564	      0.01445097872506809558	      0.06179905766836418096	      0.97769750081975737022	      1.01573004270234923396	     -0.36077694068153209894	      0.83512349181327216741	     -0.09776065834129264720	      0.05346034561808042651	      1.48254533488829731702	      1.48254533488829554067	      0.04241919015038957130	     -0.00000000000000207235	      0.00000000000001235906	      0.30967883722423872328	      0.13570669626129824858	     -0.04124806693224888909	      0.55140619010623070917	      0.55140619010623126428	      0.16898071613161949611	     -0.00000000000001308602	     -0.00000000000003436229	      0.11012998801531247162	     -0.04836809927443537493	     -0.15513657573826866720	     -0.62740122394542741091	     -0.36768875996842609322	     -0.08377427211476763669	      1.63109748489366368496	      1.45008146673957982742	     -0.00000000000000507212	      0.00000000000000322191	     -0.46240265642178690619	     -0.20200166165636188054	     -0.18429029406185118423	      1.98900846865296232480	      1.33548902431258054158	     -0.00000000000000161589	      0.00000000000000076327
      1.78400000000000003020	     -0.27522041327777874153	      0.01202404255014895285	      0.05899760266673177017	      0.97809210914335642517	      1.01864382758823857067	     -0.36079039270857160560	      0.84259989304771554242	     -0.09632144034357452422	      0.04859947106212390150	      1.45698047690006893262	      1.45698047690006715627	      0.04574391655618460784	     -0.00000000000000209022	      0.00000000000001249723	      0.29015933023305973126	      0.13217021243070475878	     -0.04202363113262399391	      0.53167518847531658466	      0.53167518847531713977	      0.14500064101157364438	     -0.00000000000001316932	     -0.00000000000003458504	      0.11378981408023698674	     -0.04446653583729787140	     -0.15995207923005047568	     -0.63836991150226474190	     -0.37004774239480375808	     -0.08828776184801702398	      1.64337289512135353853	      1.44812243848612309804	     -0.00000000000000512548	      0.00000000000000325768	     -0.46534589868560560788	     -0.20145327397869555730	     -0.18428215685419033210	      2.00555667464078002382	      1.33477772285414508779	     -0.00000000000000162472	      0.00000000000000076565
      1.78800000000000003375	     -0.27658469276228508926	      0.00930256347661229978	      0.05607379040458567582	      0.97850758612914434664	      1.02161139149699442541	     -0.36077391103403572137	      0.84899588975809214819	     -0.09460386111753583960	      0.04291744993360305932	      1.43022423533633147308	      1.43022423533632969672	      0.04896789739187659002	     -0.00000000000000210766	      0.00000000000001263548	      0.27058868443026834472	      0.12817027792072965831	     -0.04302289856911075544	      0.51162436245680642521	      0.51162436245680709135	      0.11849659614441820921	     -0.00000000000001326936	     -0.00000000000003481903	      0.11698655191438889211	     -0.04018391167691912763	     -0.16436462959512027071	     -0.64935839542000439728	     -0.37194221243514158370	     -0.09331424006030036855	      1.65551295845488044556	      1.44593361634761841117	     -0.00000000000000517862	      0.00000000000000329365	     -0.46833359091644100047	     -0.20109760432053669366	     -0.18393977924793664114	      2.02192239745785373728	      1.33399260726526458498	     -0.00000000000000163363	      0.00000000000000076803
      1.79200000000000003730	     -0.27766695325499224367	      0.00622704336595229779	      0.05304421234439304217	      0.97893998755442068749	      1.02461180714099997502	     -0.36072809875767442023	      0.85437416501982976769	     -0.09250097192502816645	      0.03648258940289412361	      1.40226468075715615669	      1.40226468075715438033	      0.05204046899656563502	     -0.00000000000000212443	      0.00000000000001277474	      0.25108539912979987996	      0.12367389454824917472	     -0.04417377835631894345	      0.49138390739725434919	      0.49138390739725490430	      0.08974927090152060027	     -0.00000000000001337486	     -0.00000000000003503178	      0.11978556183164229543	     -0.03545921660231823869	     -0.16837451481641282913	     -0.66045524381753017984	     -0.37339492897972392793	     -0.09883169455118090418	      1.66751552659413615487	      1.44354042629704304446	     -0.00000000000000523178	      0.00000000000000332974	     -0.47137361613293404794	     -0.20090445075060336944	     -0.18327112210063942199	      2.03815777366294215156	      1.33317241891568083467	     -0.00000000000000164268	      0.00000000000000077044
      1.79600000000000004086	     -0.27854738827946989854	      0.00277300818330339892	      0.04993581549050032237	      0.97938678390807143437	      1.02762298150575648314	     -0.36065478530318195727	      0.85880646461273957293	     -0.08995185319763332465	      0.02936635770204699264	      1.37308162378318820984	      1.37308162378318621144	      0.05490461150441598714	     -0.00000000000000214074	      0.00000000000001291391	      0.23179560143093019819	      0.11869128834662004413	     -0.04540806310900229181	      0.47114014551581834267	      0.47114014551581889778	      0.05914480930495397137	     -0.00000000000001348788	     -0.00000000000003523114	      0.12228285516175931014	     -0.03027630312166270168	     -0.17199476683157796653	     -0.67173778967356734260	     -0.37444295263679849839	     -0.10479014353289971273	      1.67936862149208288031	      1.44098485784916663377	     -0.00000000000000528494	      0.00000000000000336589	     -0.47448180976079196158	     -0.20085459682065437415	     -0.18228810759332428337	      2.05430409763036170290	      1.33236062274928901417	     -0.00000000000000165178	      0.00000000000000077286
      1.80000000000000004441	     -0.27931961548088340974	     -0.00104039833019001584	      0.04678465982796679856	      0.97984644260685549444	      1.03062230897761986093	     -0.36055675449959606604	      0.86237082848138146840	     -0.08695108994507114164	      0.02164004018143872443	      1.34265451533283575181	      1.34265451533283375340	      0.05750113492521633646	     -0.00000000000000215581	      0.00000000000001305277	      0.21288801643929958218	      0.11328164628520399904	     -0.04666901391158750217	      0.45113101418880979798	      0.45113101418881035309	      0.02715719202160052359	     -0.00000000000001359615	     -0.00000000000003542117	      0.12459667578515694342	     -0.02467358629600221662	     -0.17524912709365950136	     -0.68326346865881759651	     -0.37513026981159014461	     -0.11111506812332926086	      1.69104652316482906294	      1.43832246180621470266	     -0.00000000000000533795	      0.00000000000000340220	     -0.47767818097576630887	     -0.20094358736549419731	     -0.18100741328962693943	      2.07038522253067069911	      1.33160215525737557485	     -0.00000000000000166087	      0.00000000000000077494
      1.80400000000000004796	     -0.28008276403738513460	     -0.00514762161696721929	      0.04363412077274176487	      0.98031796106956925474	      1.03358745815478103580	     -0.36043740683203617792	      0.86514794157893981641	     -0.08355044563739112695	      0.01337266281365495461	      1.31097085945610669633	      1.31097085945610491997	      0.05977229110866463802	     -0.00000000000000217018	      0.00000000000001319229	      0.19454467925508475701	      0.10755251889507479179	     -0.04791627197544687938	      0.43163400162822562756	      0.43163400162822623818	     -0.00567921229432914211	     -0.00000000000001369797	     -0.00000000000003560909	      0.12685626601475202824	     -0.01874655581703330715	     -0.17816996242231347702	     -0.69506362279129862980	     -0.37550034117004366108	     -0.11771272407932777126	      1.70250894248844786283	      1.43561785365694261074	     -0.00000000000000539088	      0.00000000000000343829	     -0.48098261476370596235	     -0.20118307376274885412	     -0.17945137238017444536	      2.08640383799019923927	      1.33093993175111280358	     -0.00000000000000166999	      0.00000000000000077682
      1.80800000000000005151	     -0.28093236425712259097	     -0.00944023912498556488	      0.04053258233125030252	      0.98080039605755842125	      1.03649721170036257512	     -0.36030038116371249091	      0.86721695087383221523	     -0.07985259303526467956	      0.00463052994470286583	      1.27803415834059208578	      1.27803415834059030942	      0.06166467018091476016	     -0.00000000000000218475	      0.00000000000001333240	      0.17694872770982833510	      0.10165265282240593114	     -0.04912797259769756397	      0.41294855960995013877	      0.41294855960995069388	     -0.03880425918943714025	     -0.00000000000001379164	     -0.00000000000003579394	      0.12918905702569438709	     -0.01264265877160461980	     -0.18079609609164545847	     -0.70713992166964945163	     -0.37558961890927616833	     -0.12447695723668424084	      1.71370327440931746743	      1.43293911498089232559	     -0.00000000000000544353	      0.00000000000000347432	     -0.48441060694340015713	     -0.20159967458425484543	     -0.17764859638372804129	      2.10234065060624519816	      1.33041151337449514713	     -0.00000000000000167928	      0.00000000000000077868
      1.81200000000000005507	     -0.28195105065828590662	     -0.01377658302755191237	      0.03753069163271757075	      0.98129243350260031420	      1.03933228169810076835	     -0.36014916192931950567	      0.86865095141830661607	     -0.07599756656579087499	     -0.00452137619890744143	      1.24387027023089569155	      1.24387027023089413724	      0.06313124636517870869	     -0.00000000000000219950	      0.00000000000001347290	      0.16027069572628577232	      0.09575888241601790418	     -0.05030007231614709584	      0.39537531663064173770	      0.39537531663064229281	     -0.07167050763648687151	     -0.00000000000001388582	     -0.00000000000003598316	      0.13170753084547612288	     -0.00654899999810553291	     -0.18317047935766972433	     -0.71946330825251325614	     -0.37542290626330093728	     -0.13129701343584362916	      1.72456957479191186344	      1.43035160088659862865	     -0.00000000000000549601	      0.00000000000000351022	     -0.48796962257182141531	     -0.20223154712144111866	     -0.17563403895028573132	      2.11815620921933334131	      1.33004626962370808840	     -0.00000000000000168861	      0.00000000000000078047
      1.81600000000000005862	     -0.28319998985259930979	     -0.01799601603480967260	      0.03467823808437521527	      0.98179206430219201351	      1.04207604227697592236	     -0.35998670285866585239	      0.86951208277044500505	     -0.07214378934836883361	     -0.01401585399054932832	      1.20853082117597665501	      1.20853082117597487866	      0.06413245580960880154	     -0.00000000000000221474	      0.00000000000001361336	      0.14465459462316324069	      0.09005892625286919528	     -0.05144320627571304788	      0.37919424308441324056	      0.37919424308441374016	     -0.10378193936431732991	     -0.00000000000001398245	     -0.00000000000003617377	      0.13449694527501671049	     -0.00067458995990384170	     -0.18533762617027441100	     -0.73197515270218027617	     -0.37501103073642516605	     -0.13806557603228328257	      1.73504728496807270055	      1.42791183881736727379	     -0.00000000000000554857	      0.00000000000000354600	     -0.49165667010777236445	     -0.20312319894656760688	     -0.17344835360539664904	      2.13379466013390439727	      1.32986325043758890629	     -0.00000000000000169793	      0.00000000000000078223
      1.82000000000000006217	     -0.28471181391668543004	     -0.02193585756457308231	      0.03202073509038323024	      0.98229643875745431547	      1.04471513066966381622	     -0.35981509928022720191	      0.86984621772211434543	     -0.06844612345290469746	     -0.02377773127567827868	      1.17209256128446259737	      1.17209256128446082101	      0.06463631600841000802	     -0.00000000000000223122	      0.00000000000001375419	      0.13020507082871926596	      0.08473242992953891606	     -0.05257750989700621380	      0.36464385899416063008	      0.36464385899416124071	     -0.13472926100267854088	     -0.00000000000001408116	     -0.00000000000003636430	      0.13760507980583885912	      0.00477053939048725003	     -0.18734079295521643971	     -0.74459036412758239365	     -0.37435094437257127042	     -0.14468616876348558420	      1.74508243845267285721	      1.42566223367466093919	     -0.00000000000000560130	      0.00000000000000358176	     -0.49545744456201379347	     -0.20431924619445654412	     -0.17113645168845906253	      2.14918858206813112588	      1.32986990413134553712	     -0.00000000000000170749	      0.00000000000000078433
      1.82400000000000006573	     -0.28648579102777399497	     -0.02544883230114983186	      0.02959591738936076175	      0.98280192619869410908	      1.04723985770832084263	     -0.35963533510404432914	      0.86967785155609433900	     -0.06503375158698088132	     -0.03371667617302201436	      1.13465291873270457401	      1.13465291873270279766	      0.06461790334576399120	     -0.00000000000000224768	      0.00000000000001389426	      0.11697722965704236697	      0.07993251388971152338	     -0.05372598498240711840	      0.35190393833507299659	      0.35190393833507360721	     -0.16421794355015592592	     -0.00000000000001418656	     -0.00000000000003656675	      0.14103510790568635214	      0.00959687045331233599	     -0.18921904829309871277	     -0.75720223668856334598	     -0.37342799561941947273	     -0.15107926222885242895	      1.75463412916671446240	      1.42362713306163768401	     -0.00000000000000565406	      0.00000000000000361789	     -0.49934686665050564969	     -0.20585794708433455269	     -0.16874519980980678957	      2.16426408726314223330	      1.33006172001494049617	     -0.00000000000000171700	      0.00000000000000078667
      1.82800000000000006928	     -0.28848596326608194618	     -0.02841887012700079068	      0.02743051555018131624	      0.98330434216896234201	      1.04964435714955883761	     -0.35944713147373930084	      0.86900635664594738650	     -0.06199098582096205373	     -0.04372006452268104720	      1.09632322353325517561	      1.09632322353325339925	      0.06405873728912130083	     -0.00000000000000226265	      0.00000000000001403359	      0.10497095528426018951	      0.07576996568020023803	     -0.05490717586948441059	      0.34108449391445216925	      0.34108449391445277987	     -0.19208491763903717819	     -0.00000000000001429353	     -0.00000000000003676515	      0.14474261953341321929	      0.01365500734376125756	     -0.19100451950005722934	     -0.76968870425009983105	     -0.37221983842866823711	     -0.15718663351009695694	      1.76367912387006930963	      1.42181064835467174667	     -0.00000000000000570722	      0.00000000000000365394	     -0.50329048390510300326	     -0.20776543447392853414	     -0.16632024624888427922	      2.17894539038735013392	      1.33042282733184258348	     -0.00000000000000172663	      0.00000000000000078885
      1.83200000000000007283	     -0.29064264120331573249	     -0.03077333662679673093	      0.02553764754499216610	      0.98379926719432708726	      1.05192643061864088416	     -0.35924892066882907482	      0.86780447462139020942	     -0.05934366994121888922	     -0.05364738861965760025	      1.05722106768791390685	      1.05722106768791213049	      0.06294646588353064454	     -0.00000000000000227770	      0.00000000000001417392	      0.09413091643481304172	      0.07230192879407160156	     -0.05612789200808385864	      0.33222296847629345651	      0.33222296847629406713	     -0.21830107159383846382	     -0.00000000000001439996	     -0.00000000000003696835	      0.14863729916530465935	      0.01685106109794757764	     -0.19272007276659119945	     -0.78191962615969889949	     -0.37070129164717657844	     -0.16297368502310377592	      1.77221388130484713841	      1.42019645535654004398	     -0.00000000000000576037	      0.00000000000000369027	     -0.50724625736407291665	     -0.21005144268399458807	     -0.16390215083304557342	      2.19315832698144363988	      1.33092749513282559981	     -0.00000000000000173668	      0.00000000000000079103
      1.83600000000000007638	     -0.29285693857302880216	     -0.03249018317116380422	      0.02391505490643819343	      0.98428237299697962648	      1.05408711599469739895	     -0.35903794983953846165	      0.86601916899749309398	     -0.05705302615809228206	     -0.06332753391709480817	      1.01746280661471510953	      1.01746280661471333318	      0.06127465406421121058	     -0.00000000000000229358	      0.00000000000001431406	      0.08435217732729131945	      0.06952658661646711480	     -0.05737653633666922603	      0.32528987499790246174	      0.32528987499790312787	     -0.24295899017853103685	     -0.00000000000001449991	     -0.00000000000003717398	      0.15258881194855730690	      0.01915595258914436216	     -0.19437753819687728085	     -0.79376458672618566137	     -0.36884930994283748884	     -0.16842971958019689604	      1.78025394330286967914	      1.41874956610307090266	     -0.00000000000000581397	      0.00000000000000372670	     -0.51116653821850521755	     -0.21270705527769170895	     -0.16152237268552688265	      2.20683285210716295666	      1.33154232824177465311	     -0.00000000000000174713	      0.00000000000000079403
      1.84000000000000007994	     -0.29500773774508265435	     -0.03359895648543404639	      0.02254438071798160401	      0.98474968505902382709	      1.05613003699491181386	     -0.35881052064139701274	      0.86357469185123569844	     -0.05501808503220012581	     -0.07255992493206041283	      0.97715701399744292477	      0.97715701399744114841	      0.05904238430122709519	     -0.00000000000000230754	      0.00000000000001445482	      0.07549070309695887770	      0.06738492039670374023	     -0.05861759569737682446	      0.32020211564451045438	      0.32020211564451112052	     -0.26624692350887474435	     -0.00000000000001459891	     -0.00000000000003738289	      0.15643606041112326221	      0.02060727761655495316	     -0.19597651557387671395	     -0.80510048768459174795	     -0.36664734281831656837	     -0.17356633396035411887	      1.78783105361408378720	      1.41741990334858858347	     -0.00000000000000586755	      0.00000000000000376303	     -0.51500030648705685810	     -0.21570474826659899459	     -0.15919980806816450003	      2.21990474550707350687	      1.33222889974427527449	     -0.00000000000000175785	      0.00000000000000079723
      1.84400000000000008349	     -0.29696054889930878495	     -0.03417560779113490432	      0.02139172125598995389	      0.98519776746717591109	      1.05806057530746011608	     -0.35856236875182739832	      0.86037796190435944510	     -0.05308649369246207228	     -0.08112001529151485757	      0.93639997689087350885	      0.93639997689087195454	      0.05625399625347399235	     -0.00000000000000232276	      0.00000000000001459569	      0.06737781995570144011	      0.06576954365360763999	     -0.05978794858495861675	      0.31684234432293445494	      0.31684234432293506556	     -0.28841166029749737421	     -0.00000000000001469836	     -0.00000000000003759205	      0.15999913886363015258	      0.02130354845092972613	     -0.19750392398111793479	     -0.81581824257918933441	     -0.36408864350511854768	     -0.17841413978796635820	      1.79498850025880374304	      1.41614731202000232457	     -0.00000000000000592125	      0.00000000000000379921	     -0.51869581489839222677	     -0.21900065201808976978	     -0.15693842041493261119	      2.23231646643547243514	      1.33294656700229485757	     -0.00000000000000176882	      0.00000000000000080059
      1.84800000000000008704	     -0.29857784254251124034	     -0.03433198968376903470	      0.02040968888775609655	      0.98562383059078217951	      1.05988491232339132608	     -0.35828917435697577032	      0.85632651834519390999	     -0.05107225815034482919	     -0.08876919334570029796	      0.89527456584357600899	      0.89527456584357423264	      0.05291980471934818603	     -0.00000000000000233859	      0.00000000000001473638	      0.05983745796357882452	      0.06453955172346405311	     -0.06079569750934810807	      0.31508201493194865073	      0.31508201493194920584	     -0.30971435081242787435	     -0.00000000000001479987	     -0.00000000000003780205	      0.16309342968837908794	      0.02139173639546520719	     -0.19893463284495221943	     -0.82582819393006179354	     -0.36117823727869879935	     -0.18301804757566336734	      1.80177525334504462506	      1.41486746455570866488	     -0.00000000000000597470	      0.00000000000000383486	     -0.52220364190554280359	     -0.22253869835047043746	     -0.15472631929831601183	      2.24401684798894862638	      1.33365522490995225269	     -0.00000000000000178009	      0.00000000000000080388
      1.85200000000000009059	     -0.29973018761854236525	     -0.03420142326379763814	      0.01954101906988974999	      0.98602576264959751473	      1.06160900549341685739	     -0.35798717882949993019	      0.85131892997087721398	     -0.04877830898281563382	     -0.09526864483758308577	      0.85385334120161415772	      0.85385334120161271443	      0.04905818744358139000	     -0.00000000000000235523	      0.00000000000001487640	      0.05270463996554158176	      0.06353966489227742820	     -0.06152196332519466182	      0.31480546257212038697	      0.31480546257212099759	     -0.33038401322061472509	     -0.00000000000001490463	     -0.00000000000003801411	      0.16554486293448833489	      0.02104970028235780485	     -0.20023331393690937952	     -0.83506386504702456719	     -0.35793351201788869975	     -0.18743153930129591300	      1.80823962206920763052	      1.41351805902991300989	     -0.00000000000000602816	      0.00000000000000387006	     -0.52548000261294181001	     -0.22625608435625380044	     -0.15253649118427303755	      2.25495962475584965645	      1.33431777886725755344	     -0.00000000000000179169	      0.00000000000000080700
      1.85600000000000009415	     -0.30030692382832541165	     -0.03392236699405871275	      0.01872332260765028483	      0.98640207487185727064	      1.06323760257609478685	     -0.35765383921783966414	      0.84526676569671488348	     -0.04602090980504750656	     -0.10039616923490031486	      0.81220593806324770103	      0.81220593806324603570	      0.04469848891910649380	     -0.00000000000000237243	      0.00000000000001501658	      0.04584302220876246975	      0.06262101674300164789	     -0.06182542827567413801	      0.31593200866171239349	      0.31593200866171300412	     -0.35057429622571661954	     -0.00000000000001501048	     -0.00000000000003822685	      0.16720446335839736496	      0.02046593726740531319	     -0.20135717027297422854	     -0.84348360241431274975	     -0.35438373073732243324	     -0.19171070940859022413	      1.81442345858828169014	      1.41204464781718064259	     -0.00000000000000608115	      0.00000000000000390496	     -0.52848985987198815462	     -0.23008915068448157482	     -0.15032921283194208839	      2.26510148421962442811	      1.33490212908487371202	     -0.00000000000000180380	      0.00000000000000080997
      1.86000000000000009770	     -0.30022500110259719985	     -0.03362242710781208899	      0.01789439061401596268	      0.98675172478973083301	      1.06477341481801701661	     -0.35728842934469884352	      0.83810686335150852422	     -0.04265272029041863172	     -0.10396461350885853603	      0.77041018821683215911	      0.77041018821683049378	      0.03988381476104101153	     -0.00000000000000239035	      0.00000000000001515726	      0.03915919238272690117	      0.06166063181819146644	     -0.06154916917478517324	      0.31843316373054075807	      0.31843316373054136870	     -0.37032919852347040424	     -0.00000000000001511491	     -0.00000000000003843954	      0.16796013169319315428	      0.01981937991757239115	     -0.20225910000191946181	     -0.85107000039835545291	     -0.35056873874622984655	     -0.19590889898923383172	      1.82035790524112317534	      1.41040546235893526905	     -0.00000000000000613460	      0.00000000000000393961	     -0.53120917108678833429	     -0.23397876213023391379	     -0.14805601449587543761	      2.27440054401958402508	      1.33538250474661257527	     -0.00000000000000181626	      0.00000000000000081343
      1.86400000000000010125	     -0.29943516964868632790	     -0.03340469028431391346	      0.01699753811909525403	      0.98707384281264665127	      1.06621652696020863260	     -0.35689251363706470110	      0.82981267023270544048	     -0.03858171019990079553	     -0.10584013006657132239	      0.72856560189784191905	      0.72856560189784025372	      0.03467330933575719226	     -0.00000000000000240892	      0.00000000000001529791	      0.03261226891579929038	      0.06057709136898636187	     -0.06052951402715320284	      0.32234291164650841210	      0.32234291164650896722	     -0.38956205047947239928	     -0.00000000000001521843	     -0.00000000000003865140	      0.16774456563248890673	      0.01926171184219712881	     -0.20289111613722624061	     -0.85782754531083782457	     -0.34653699882285271539	     -0.20007236266494679566	      1.82606125238908156838	      1.40857478740274078000	     -0.00000000000000618784	      0.00000000000000397451	     -0.53362595774674759230	     -0.23787455923480971265	     -0.14566481883188733826	      2.28281578074464741590	      1.33574011012520532660	     -0.00000000000000182894	      0.00000000000000081686
      1.86800000000000010481	     -0.29792522587391745414	     -0.03333808847336089398	      0.01598656311427574042	      0.98736744654051844527	      1.06756407268100361740	     -0.35647023567046376424	      0.82040350883993873321	     -0.03378351507857237090	     -0.10595812549174765671	      0.68680714225889838431	      0.68680714225889694102	      0.02914407048552240462	     -0.00000000000000242733	      0.00000000000001543872	      0.02621814729487594378	      0.05934038014049022869	     -0.05860679502648453998	      0.32775996570312854184	      0.32775996570312915246	     -0.40805047604307809195	     -0.00000000000001532225	     -0.00000000000003886361	      0.16653913320787047669	      0.01890437886430499509	     -0.20320805865947280666	     -0.86377931817583697427	     -0.34234301478676815167	     -0.20423705008287290630	      1.83153908535650966627	      1.40654461735055580363	     -0.00000000000000623939	      0.00000000000000400969	     -0.53574028674640561398	     -0.24173771061652607473	     -0.14310568000233808705	      2.29030755187185963706	      1.33596314693389306427	     -0.00000000000000184218	      0.00000000000000081849
      1.87200000000000010836	     -0.29572033775696537905	     -0.03345311582553966989	      0.01482986460080335314	      0.98763117095947128288	      1.06881017660161803384	     -0.35602837031733725048	      0.80995082345269664437	     -0.02830550131776995645	     -0.10433510170793000582	      0.64531724768941578496	      0.64531724768941423065	      0.02339275599764193900	     -0.00000000000000244590	      0.00000000000001558020	      0.02004820068810986636	      0.05797445683420330426	     -0.05563739147332576879	      0.33484231232217587237	      0.33484231232217637197	     -0.42543653363672362389	     -0.00000000000001542615	     -0.00000000000003907627	      0.16437382554306531612	      0.01881198253354255182	     -0.20317152467133872684	     -0.86896355646249634486	     -0.33804432150003926871	     -0.20842655201534465714	      1.83678662886017352029	      1.40432445684291029586	     -0.00000000000000628915	      0.00000000000000404507	     -0.53756324313812964277	     -0.24554195001187589797	     -0.14033647574000265856	      2.29683914082262363721	      1.33604632542097978565	     -0.00000000000000185574	      0.00000000000000081908
      1.87600000000000011191	     -0.29288157242786200252	     -0.03374178204160716010	      0.01351272399543667312	      0.98786253347926400448	      1.06994561647111630087	     -0.35557590210179157442	      0.79857899737686299790	     -0.02226444345988572160	     -0.10107327524528797458	      0.60433482147146433405	      0.60433482147146266872	      0.01753673081859237481	     -0.00000000000000246476	      0.00000000000001572207	      0.01422145446261624015	      0.05655449219878970479	     -0.05150954990054085886	      0.34378813410509279080	      0.34378813410509340143	     -0.44136523673772798393	     -0.00000000000001552992	     -0.00000000000003928874	      0.16132150910708928371	      0.01899983771541643301	     -0.20275293606595498619	     -0.87342942437228643371	     -0.33369752443273442699	     -0.21265077650634409134	      1.84179181590712803818	      1.40193974986408220751	     -0.00000000000000633894	      0.00000000000000408057	     -0.53911325234539453355	     -0.24927398338890360829	     -0.13732817899010987817	      2.30237700048219817717	      1.33598997013157538838	     -0.00000000000000186955	      0.00000000000000081999
      1.88000000000000011546	     -0.28950058700572173231	     -0.03416686790291583592	      0.01203844229547210154	      0.98805820387356502188	      1.07095856637002029288	     -0.35512367300520486513	      0.78646551595347358177	     -0.01583087272977989207	     -0.09636137541180676835	      0.56415839348920626684	      0.56415839348920471252	      0.01171403531485855180	     -0.00000000000000248358	      0.00000000000001586410	      0.00889429638475596439	      0.05519170318388069707	     -0.04614740298428093163	      0.35482697128857076940	      0.35482697128857138003	     -0.45528962094633407265	     -0.00000000000001563335	     -0.00000000000003950059	      0.15749301249508054767	      0.01944472635524165799	     -0.20193711960949356499	     -0.87723514777531952369	     -0.32935678294680525990	     -0.21690702975586720336	      1.84654134757114829490	      1.39942783299213191484	     -0.00000000000000638906	      0.00000000000000411654	     -0.54041406095380895014	     -0.25293002407405584808	     -0.13406801536068124747	      2.30689511288081661178	      1.33579902764471936116	     -0.00000000000000188353	      0.00000000000000082101
      1.88400000000000011902	     -0.28568778631007663016	     -0.03466755793001106284	      0.01042725331553121318	      0.98821506597835995223	      1.07183689469776766146	     -0.35468407286568925940	      0.77383559439768745403	     -0.00921150683625929570	     -0.09046430321121050333	      0.52514313626265396451	      0.52514313626265241020	      0.00608169199499183737	     -0.00000000000000250238	      0.00000000000001600724	      0.00424756866312743162	      0.05401828142932896953	     -0.03952839037922085963	      0.36818756465030821889	      0.36818756465030882952	     -0.46669117600219850450	     -0.00000000000001573636	     -0.00000000000003971309	      0.15302829138478793447	      0.02009329396089181569	     -0.20072202404727318426	     -0.88044186137863988950	     -0.32507357774931827654	     -0.22118112276980919639	      1.85102421304791397993	      1.39683418708967743704	     -0.00000000000000643945	      0.00000000000000415275	     -0.54149582076984126289	     -0.25651061132197883197	     -0.13056155620901163661	      2.31037958044421598558	      1.33548184414642112650	     -0.00000000000000189782	      0.00000000000000082243
      1.88800000000000012257	     -0.28156625466557844151	     -0.03517350929955788408	      0.00871301197476006400	      0.98832923066297651005	      1.07256763198251214853	     -0.35426974311200515322	      0.76094921895516887123	     -0.00262712093805717592	     -0.08370708424878303688	      0.48769113174152639578	      0.48769113174152484147	      0.00081143803493707119	     -0.00000000000000252082	      0.00000000000001615162	      0.00046753298282911735	      0.05316902153569020434	     -0.03168914132985501536	      0.38407197044303437172	      0.38407197044303498235	     -0.47513228715014227399	     -0.00000000000001583897	     -0.00000000000003992623	      0.14808252027480373059	      0.02087581480097656234	     -0.19911795932498302375	     -0.88310812089069523623	     -0.32089643822787911054	     -0.22544983437635521262	      1.85523652910852310249	      1.39420752941487036125	     -0.00000000000000649062	      0.00000000000000418903	     -0.54239073837654927512	     -0.26001719469757555991	     -0.12683329799605716492	      2.31282806033807020185	      1.33504908990494208787	     -0.00000000000000191334	      0.00000000000000082545
      1.89200000000000012612	     -0.27726190613975465471	     -0.03561775783161955089	      0.00693891368678201462	      0.98839625480327564233	      1.07313795667180467142	     -0.35389255880795233988	      0.74808553504506469789	      0.00371114745969321723	     -0.07645335857466903362	      0.45223336219719406648	      0.45223336219719251217	     -0.00391784872772655592	     -0.00000000000000253899	      0.00000000000001629645	     -0.00227119241570998510	      0.05276166952232642232	     -0.02272999754592339855	      0.40263357806847493991	      0.40263357806847555054	     -0.48028246973205540593	     -0.00000000000001594117	     -0.00000000000004013979	      0.14281345532863423675	      0.02172104758165031499	     -0.19714578114500469486	     -0.88528587328100849518	     -0.31687160471622716207	     -0.22968379852537620933	      1.85918504057352595993	      1.39159509120868118970	     -0.00000000000000654135	      0.00000000000000422529	     -0.54313143307844891083	     -0.26344779694603209785	     -0.12292509106755665493	      2.31425176562015399995	      1.33451284486643384497	     -0.00000000000000192924	      0.00000000000000082853
      1.89600000000000012967	     -0.27289371546887936093	     -0.03594804077053351948	      0.00515231112952625487	      0.98841150416367540288	      1.07353621294591206059	     -0.35356261668640887041	      0.73552397980841632830	      0.00962341604529035229	     -0.06907994377152508469	      0.41920528581863647499	      0.41920528581863492068	     -0.00793034250706876366	     -0.00000000000000255734	      0.00000000000001644183	     -0.00382147653901501435	      0.05287971823338787764	     -0.01281588204202912563	      0.42395760543416316501	      0.42395760543416377564	     -0.48196232783087145091	     -0.00000000000001604264	     -0.00000000000004035409	      0.13736917053598191041	      0.02256941261740716062	     -0.19483414701194254337	     -0.88701729410964802458	     -0.31304374183017347200	     -0.23385034490468367685	      1.86288876750974985441	      1.38903855257592967476	     -0.00000000000000659265	      0.00000000000000426177	     -0.54374989432758280561	     -0.26679370244529843070	     -0.11889287483381973110	      2.31467654548567924877	      1.33388593146392442357	     -0.00000000000000194554	      0.00000000000000083272
      1.90000000000000013323	     -0.26856521430616087098	     -0.03613507924048708214	      0.00339924091851682292	      0.98837061782852075886	      1.07375279616085261836	     -0.35328734066588912688	      0.72352406409083103167	      0.01497789367071706255	     -0.06194988953677850463	      0.38901825416335739094	      0.38901825416335572561	     -0.01106504368392746511	     -0.00000000000000257545	      0.00000000000001658656	     -0.00407644592526304559	      0.05355982463164978696	     -0.00217287378135001688	      0.44804784200575015207	      0.44804784200575070718	     -0.48017366797754335028	     -0.00000000000001614379	     -0.00000000000004056709	      0.13187761431018799052	      0.02338274206373944231	     -0.19221639323943184863	     -0.88833280125082492162	     -0.30945627819532145475	     -0.23791589859081882508	      1.86637826033888654109	      1.38657102000920717799	     -0.00000000000000664540	      0.00000000000000429841	     -0.54427693986883929345	     -0.27003778543352108255	     -0.11480194490478271008	      2.31414237240605435986	      1.33318154662858057158	     -0.00000000000000196234	      0.00000000000000083817
      1.90400000000000013678	     -0.26435786096090019281	     -0.03617665499494890358	      0.00171919035571144337	      0.98827004382765282209	      1.07378083558257153562	     -0.35307078995097956886	      0.71230557223698398595	      0.01970096465602432650	     -0.05538654968092489306	      0.36202927059621137218	      0.36202927059620976236	     -0.01318855050538703631	     -0.00000000000000259343	      0.00000000000001673081	     -0.00297812065240684373	      0.05478537285808412344	      0.00891971859412568624	      0.47482083003544761635	      0.47482083003544828248	     -0.47511205639984549487	     -0.00000000000001624540	     -0.00000000000004077937	      0.12643884481041531287	      0.02414923359186992372	     -0.18932733992075051477	     -0.88925034627815469079	     -0.30615103540722610198	     -0.24184770173610786737	      1.86969236031318430946	      1.38421531963973443169	     -0.00000000000000669842	      0.00000000000000433508	     -0.54474201102975494670	     -0.27315477986596514715	     -0.11072128109807079233	      2.31270115458523584095	      1.33241314736064087043	     -0.00000000000000197929	      0.00000000000000084367
      1.90800000000000014033	     -0.26032650970999271500	     -0.03609682211109883215	      0.00014066608341908014	      0.98810759689673355322	      1.07361663881439417523	     -0.35291323878963709593	      0.70203084219467204452	      0.02377936373611903853	     -0.04965135451492688756	      0.33851179734509173613	      0.33851179734509007080	     -0.01420873939655107991	     -0.00000000000000261160	      0.00000000000001687500	     -0.00052149220848596073	      0.05648697818885433514	      0.02014167072552124071	      0.50410784893439486432	      0.50410784893439541943	     -0.46715994881541245132	     -0.00000000000001634688	     -0.00000000000004099204	      0.12112028543266144254	      0.02488282492010899030	     -0.18620020082313901155	     -0.88977581706093500369	     -0.30316705670577659415	     -0.24561483642422859974	      1.87287291126707255984	      1.38198372333276520152	     -0.00000000000000675143	      0.00000000000000437124	     -0.54517314132711125474	     -0.27611343706401580977	     -0.10671773218117527882	      2.31041333412327176688	      1.33159446419895011182	     -0.00000000000000199596	      0.00000000000000084845
      1.91200000000000014388	     -0.25649708211076960307	     -0.03594031884076774597	     -0.00132186168827073481	      0.98788297867256136264	      1.07325987989497972919	     -0.35281108647549880297	      0.69279074950160779434	      0.02725433898885241263	     -0.04492756544159870469	      0.31863052968706684354	      0.31863052968706517820	     -0.01408869549789677246	     -0.00000000000000263032	      0.00000000000001701895	      0.00324602178474824423	      0.05854985227069701287	      0.03114809534163203927	      0.53566439645808472392	      0.53566439645808527903	     -0.45686031906489954491	     -0.00000000000001644863	     -0.00000000000004120536	      0.11595511705019073689	      0.02561708933451399550	     -0.18286382043193888380	     -0.88990421455030288556	     -0.30053884224162646932	     -0.24918864784932284739	      1.87595821243388982680	      1.37987905315077408197	     -0.00000000000000680336	      0.00000000000000440685	     -0.54559715340571157682	     -0.27888022816628266209	     -0.10285079477184073948	      2.30734384930870506381	      1.33073953072684014742	     -0.00000000000000201257	      0.00000000000000085206
      1.91600000000000014744	     -0.25286651719778147074	     -0.03576352028370425457	     -0.00266913289364962593	      0.98759819496929890370	      1.07271352006802067613	     -0.35275712919935170442	      0.68459610577383156471	      0.03020938721116591189	     -0.04131183426402298270	      0.30242354158762241312	      0.30242354158762069227	     -0.01285885530018303358	     -0.00000000000000264930	      0.00000000000001716180	      0.00822941158593253584	      0.06082651230474693527	      0.04158833870169062474	      0.56918583577809445107	      0.56918583577809511720	     -0.44487394458193579849	     -0.00000000000001654998	     -0.00000000000004141918	      0.11094375386937453676	      0.02639528083405621312	     -0.17934073077792525575	     -0.88962142278255296191	     -0.29829436525601449315	     -0.25254277288338800034	      1.87897642731576874908	      1.37789683418671082826	     -0.00000000000000685603	      0.00000000000000444188	     -0.54604022150057474061	     -0.28142395873534120643	     -0.09916850369375723728	      2.30355806537664697942	      1.32986267705210736700	     -0.00000000000000202974	      0.00000000000000085701
      1.92000000000000015099	     -0.24940504437407218230	     -0.03562376096035471673	     -0.00391599418784228590	      0.98725779785715572778	      1.07198346737377225857	     -0.35274120284027071781	      0.67737592456015782716	      0.03275379074421218284	     -0.03881472672770139298	      0.28979494882774203823	      0.28979494882774026188	     -0.01062506909043578994	     -0.00000000000000266855	      0.00000000000001730463	      0.01429458336267941214	      0.06315271600700939070	      0.05112594628207917102	      0.60432738058715251839	      0.60432738058715318452	     -0.43192500394025568067	     -0.00000000000001665114	     -0.00000000000004163343	      0.10605817730301363155	      0.02725872042715368065	     -0.17564654713675573183	     -0.88890646179625043555	     -0.29645329987350205192	     -0.25565300637801330330	      1.88194022710524722086	      1.37602804904678577280	     -0.00000000000000690901	      0.00000000000000447695	     -0.54652888664647103489	     -0.28372055617443897590	     -0.09570480240818626805	      2.29911820991136384151	      1.32897845675014902866	     -0.00000000000000204736	      0.00000000000000086236
      1.92400000000000015454	     -0.24606070178991035213	     -0.03556874073840489425	     -0.00508814519238413952	      0.98686888607369305237	      1.07107800214646253778	     -0.35275113344497927015	      0.67098324048849844470	      0.03500435882225061412	     -0.03736999432166515644	      0.28051967678554806662	      0.28051967678554629027	     -0.00757088243559979595	     -0.00000000000000268806	      0.00000000000001744788	      0.02127970260003017589	      0.06536449749939750309	      0.05945825399512784382	      0.64072639960414956573	      0.64072639960415012084	     -0.41874020486873309022	     -0.00000000000001675204	     -0.00000000000004184776	      0.10124867897923503501	      0.02823548591506879618	     -0.17179068013752926691	     -0.88773391109830279699	     -0.29502588810583024737	     -0.25849718409007832465	      1.88484342252461622991	      1.37426205446132310151	     -0.00000000000000696240	      0.00000000000000451220	     -0.54709137914035466110	     -0.28575727691705421485	     -0.09247854931103068055	      2.29408049398157443122	      1.32810146761969516405	     -0.00000000000000206498	      0.00000000000000086840
      1.92799999999999993605	     -0.24276587469288990473	     -0.03562762933666888121	     -0.00621738247481711578	      0.98644081206994116418	      1.07000699995441617141	     -0.35277386016310152694	      0.66520844337314211092	      0.03706788172885785992	     -0.03685115027847121749	      0.27426042821519441839	      0.27426042821519264203	     -0.00395290587338606534	     -0.00000000000000270791	      0.00000000000001759012	      0.02900835017961840914	      0.06731415371096535760	      0.06633424073042838709	      0.67802485257850764189	      0.67802485257850830802	     -0.40598724630570059979	     -0.00000000000001685322	     -0.00000000000004206225	      0.09645237189477115503	      0.02933115923848524098	     -0.16777788977170143836	     -0.88607614643130550025	     -0.29401272193153182855	     -0.26105519348649081079	      1.88765979830865116007	      1.37258922958200657582	     -0.00000000000000701571	      0.00000000000000454776	     -0.54775875091381731607	     -0.28753562999583776039	     -0.08949409302820361678	      2.28849277660753935848	      1.32724602480578957042	     -0.00000000000000208312	      0.00000000000000087450
      1.93199999999999993960	     -0.23944544682349991338	     -0.03580523859839235268	     -0.00733609802136050114	      0.98598458230823005088	      1.06878099805624371399	     -0.35279658633171290250	      0.65979939409160071051	      0.03902643919753056440	     -0.03709331234928296001	      0.27059584389560281670	      0.27059584389560104034	     -0.00008874275588075957	     -0.00000000000000272758	      0.00000000000001773177	      0.03730344606604888563	      0.06888321713660838785	      0.07156935176771911378	      0.71588988087782190473	      0.71588988087782245984	     -0.39421834168572394974	     -0.00000000000001695460	     -0.00000000000004227707	      0.09160272604034828958	      0.03052310464339332355	     -0.16361026922917587534	     -0.88390533756839262391	     -0.29340542286088017176	     -0.26330918254966395597	      1.89034417726891557088	      1.37100299299117667218	     -0.00000000000000706929	      0.00000000000000458312	     -0.54856521255471746290	     -0.28907257042757955601	     -0.08674321728542255805	      2.28239274425904481447	      1.32642567536147404361	     -0.00000000000000210109	      0.00000000000000088117
      1.93599999999999994316	     -0.23602590396403927420	     -0.03608029510423541031	     -0.00847180951843284208	      0.98551199206205963854	      1.06741017364070112095	     -0.35280782154174467058	      0.65448657778416263753	      0.04092734195591345159	     -0.03791762910078901039	      0.26905730018334828024	      0.26905730018334650389	      0.00366241142497965907	     -0.00000000000000274736	      0.00000000000001787246	      0.04600088957088855485	      0.06999074023679283107	      0.07505608559672688473	      0.75403095619870297295	      0.75403095619870352806	     -0.38382434387668912246	     -0.00000000000001705604	     -0.00000000000004249201	      0.08663926130697782724	      0.03175941145670565374	     -0.15928938617543572653	     -0.88119542039795073496	     -0.29318797495066445391	     -0.26524403180356476151	      1.89283568013184111400	      1.36950093538635875312	     -0.00000000000000712277	      0.00000000000000461806	     -0.54954728759204374278	     -0.29039985814267055275	     -0.08420812072241283530	      2.27580692674699003319	      1.32565260946869711844	     -0.00000000000000211928	      0.00000000000000088764
      1.93999999999999994671	     -0.23244457186307199148	     -0.03640846165139852153	     -0.00964245606457598409	      0.98503457918365144863	      1.06590329706398234677	     -0.35279820356277213911	      0.64901105168780170995	      0.04277907604182346751	     -0.03915541772191639264	      0.26917100615288180876	      0.26917100615287997689	      0.00692579001273343781	     -0.00000000000000276709	      0.00000000000001801274	      0.05496191115619771667	      0.07059560412644344529	      0.07676926844279301221	      0.79221229749912480678	      0.79221229749912558393	     -0.37500452959958752164	     -0.00000000000001715757	     -0.00000000000004270705	      0.08151651015227513730	      0.03296327178798074548	     -0.15481839884624246095	     -0.87792430232988161176	     -0.29333838142688023476	     -0.26684811306386391205	      1.89506299898084384914	      1.36808490510654423566	     -0.00000000000000717682	      0.00000000000000465288	     -0.55074151595660647551	     -0.29156166020347218382	     -0.08186500435153169775	      2.26875092613650952700	      1.32493705500431779853	     -0.00000000000000213768	      0.00000000000000089404
      1.94399999999999995026	     -0.22865810658001942124	     -0.03672996648075282228	     -0.01085302631634257192	      0.98456249912411897274	      1.06426674950689204024	     -0.35276103856727902830	      0.64315267592961722354	      0.04455375280758337719	     -0.04066938893742429867	      0.27050170694323127929	      0.27050170694322950293	      0.00934214846443310980	     -0.00000000000000278727	      0.00000000000001815355	      0.06408329502276075007	      0.07069252002292661374	      0.07676567026960191831	      0.83025991946738997296	      0.83025991946739063909	     -0.36775502255110736893	     -0.00000000000001725904	     -0.00000000000004292189	      0.07621137391103141590	      0.03404271223032978577	     -0.15020397046798539265	     -0.87407629050014967742	     -0.29383045080612768540	     -0.26811422777145749174	      1.89695107367966975254	      1.36676004174087362131	     -0.00000000000000723087	      0.00000000000000468743	     -0.55218063197532829545	     -0.29261066161013105091	     -0.07968770117526044472	      2.26123074156958159264	      1.32428675550261676364	     -0.00000000000000215640	      0.00000000000000090013
      1.94799999999999995381	     -0.22464933482568616441	     -0.03698096162928331959	     -0.01209391464845822189	      0.98410342605157630214	      1.06250372821371774634	     -0.35269254505520031273	      0.63675587566743896417	      0.04619578010546628033	     -0.04236958692172253238	      0.27269399800060750705	      0.27269399800060567518	      0.01060163284068209484	     -0.00000000000000280643	      0.00000000000001829478	      0.07330475984832963976	      0.07030236323124243458	      0.07517833015485067549	      0.86806328132099053185	      0.86806328132099108696	     -0.36187678894730246348	     -0.00000000000001736071	     -0.00000000000004313674	      0.07072799877072181995	      0.03490476321214353722	     -0.14545775254842091551	     -0.86964435769980974467	     -0.29463575032384686780	     -0.26904051992810201765	      1.89842821256146732090	      1.36553289988765969021	     -0.00000000000000728502	      0.00000000000000472179	     -0.55388846496723331825	     -0.29360309693857694624	     -0.07765068268496641557	      2.25324459668816867719	      1.32370664320557707150	     -0.00000000000000217535	      0.00000000000000090609
      1.95199999999999995737	     -0.22043172180240577784	     -0.03710713172624505174	     -0.01334124110955120859	      0.98366159552122578447	      1.06061372842840495601	     -0.35259182125655685880	      0.62975031104503143009	      0.04763572367401697899	     -0.04422212400811763311	      0.27550719462806327886	      0.27550719462806150251	      0.01047808729726098197	     -0.00000000000000282526	      0.00000000000001843408	      0.08261295088916971452	      0.06945833478330104560	      0.07220613818827614772	      0.90557178309591479515	      0.90557178309591546128	     -0.35700247911728932859	     -0.00000000000001746275	     -0.00000000000004335178	      0.06509960869349332158	      0.03547241285145239648	     -0.14059713862008915708	     -0.86463170164870839507	     -0.29572578438302077330	     -0.26963116016308558143	      1.89943272972371945961	      1.36440893066889623597	     -0.00000000000000733920	      0.00000000000000475595	     -0.55587417359034385633	     -0.29459315066970981345	     -0.07573098523279846173	      2.24478476518404024276	      1.32319878800435097865	     -0.00000000000000219441	      0.00000000000000091204
      1.95599999999999996092	     -0.21605127474835342238	     -0.03707694874957152831	     -0.01455915882888410284	      0.98323705961652363428	      1.05859252716691831786	     -0.35246070159109371689	      0.62216421787513598307	      0.04880664580137179798	     -0.04625551024523929383	      0.27883899511731441434	      0.27883899511731263798	      0.00883296041625162426	     -0.00000000000000284388	      0.00000000000001857231	      0.09204187488485141011	      0.06819079512016582023	      0.06809961868766005455	      0.94278673132222989839	      0.94278673132223045350	     -0.35263861002412366652	     -0.00000000000001756440	     -0.00000000000004356696	      0.05938737187776826215	      0.03570169013484952858	     -0.13564452521185144107	     -0.85905142800539435743	     -0.29707514503938003969	     -0.26989678614221257469	      1.89991844246835506205	      1.36338974852954208927	     -0.00000000000000739401	      0.00000000000000478997	     -0.55812754256355034954	     -0.29562677229364597853	     -0.07390895696655559732	      2.23583922289921055437	      1.32276273374182973264	     -0.00000000000000221365	      0.00000000000000091855
      1.95999999999999996447	     -0.21158636243893963469	     -0.03689096894596303328	     -0.01570309637508376238	      0.98282494934363784367	      1.05643402367286776133	     -0.35230394180169488649	      0.61412895579761794806	      0.04966718623934728016	     -0.04854285888803430010	      0.28273729057499175088	      0.28273729057499003003	      0.00567171106888072520	     -0.00000000000000286282	      0.00000000000001871005	      0.10166915436897888680	      0.06651282105596956207	      0.06314324588832981311	      0.97975006081987980888	      0.97975006081988047502	     -0.34821772096481878878	     -0.00000000000001766586	     -0.00000000000004378228	      0.05367650092444822829	      0.03559657374348909609	     -0.13062299488185055707	     -0.85291930367002866120	     -0.29867103988548809879	     -0.26985506433399286674	      1.89986003389502688954	      1.36247087374079711708	     -0.00000000000000744895	      0.00000000000000482383	     -0.56062316529141831278	     -0.29673365042717669837	     -0.07216866924401019179	      2.22639495577742074772	      1.32239582228133523145	     -0.00000000000000223296	      0.00000000000000092533
      1.96399999999999996803	     -0.20714150574319928344	     -0.03658942321398018366	     -0.01672546612057055487	      0.98241613322030751920	      1.05412939513210845988	     -0.35212770678623744880	      0.60586939427000308100	      0.05020801379688068222	     -0.05118217277930880299	      0.28739092602948107524	      0.28739092602947924338	      0.00120668003306679248	     -0.00000000000000288220	      0.00000000000001884675	      0.11160851446238316542	      0.06441243182256539690	      0.05763948476663386528	      1.01652956561224327992	      1.01652956561224394605	     -0.34315581190694283142	     -0.00000000000001776763	     -0.00000000000004399826	      0.04806910719293187167	      0.03521400945098104862	     -0.12555750871198242957	     -0.84626043494854652494	     -0.30050447349052950008	     -0.26952830031200381011	      1.89925187234054360097	      1.36164022814786722648	     -0.00000000000000750377	      0.00000000000000485764	     -0.56330909892864000632	     -0.29792807184477998472	     -0.07049671018539310774	      2.21643781216981317073	      1.32209372258361956831	     -0.00000000000000225227	      0.00000000000000093276
      1.96799999999999997158	     -0.20284188532562247298	     -0.03625430142311297788	     -0.01758380798964344696	      0.98199738995872620784	      1.05166872379001330451	     -0.35193898898323644486	      0.59769135844248288958	      0.05046317264182054868	     -0.05429060453208340437	      0.29311123099998237507	      0.29311123099998043218	     -0.00424785186299944315	     -0.00000000000000290243	      0.00000000000001898351	      0.12200226210420130057	      0.06184639905891350237	      0.05188881806575627864	      1.05320475367572319314	      1.05320475367572385927	     -0.33690892076124867582	     -0.00000000000001786964	     -0.00000000000004421531	      0.04267718688484403028	      0.03466756754034639593	     -0.12046877578675413423	     -0.83910458063882042978	     -0.30257248400359210150	     -0.26894238482822979686	      1.89810589683125119365	      1.36087741952226171094	     -0.00000000000000755834	      0.00000000000000489145	     -0.56610812429466916829	     -0.29920570544515412426	     -0.06887998003044930317	      2.20595228156617961801	      1.32185182924955380024	     -0.00000000000000227154	      0.00000000000000094037
      1.97199999999999997513	     -0.19882318671722568060	     -0.03600448050688882795	     -0.01824592433980457354	      0.98155219025206330574	      1.04904306803408364779	     -0.35174510494097377400	      0.58995582647617106353	      0.05051501042957638743	     -0.05797401184460789642	      0.30029786953751935741	      0.30029786953751752554	     -0.01024613568625051645	     -0.00000000000000292331	      0.00000000000001911876	      0.13300915870993870738	      0.05874219355428728084	      0.04617407212000827765	      1.08985296064075121159	      1.08985296064075187772	     -0.32902343255974952907	     -0.00000000000001797231	     -0.00000000000004443393	      0.03761250512757316478	      0.03412163389277660108	     -0.11536963168315333972	     -0.83148078714245465815	     -0.30487913132661625948	     -0.26812503487533495550	      1.89644758886365383255	      1.36015429323435976805	     -0.00000000000000761320	      0.00000000000000492522	     -0.56892283632256246406	     -0.30054356977077817392	     -0.06730373510821324734	      2.19492176716158926553	      1.32166603740417176738	     -0.00000000000000229085	      0.00000000000000094859
      1.97599999999999997868	     -0.19521969304969871706	     -0.03598624014204048621	     -0.01869512522942318178	      0.98106184185546840837	      1.04624646970340950958	     -0.35155299568443099112	      0.58304785055801655602	      0.05049109846696742121	     -0.06230318750052574878	      0.30939542717770718294	      0.30939542717770529556	     -0.01623408069852717156	     -0.00000000000000294679	      0.00000000000001925264	      0.14479168331302305628	      0.05500587236609327801	      0.04074689961733232724	      1.12653668804853257512	      1.12653668804853346330	     -0.31917625557884654608	     -0.00000000000001807541	     -0.00000000000004465335	      0.03297637000604462104	      0.03377868736261845084	     -0.11026180920467697211	     -0.82341332331152905510	     -0.30743345014190948117	     -0.26710356621563580148	      1.89430931241676958621	      1.35943663962024685610	     -0.00000000000000766814	      0.00000000000000495897	     -0.57164067714335287107	     -0.30190266587074304772	     -0.06574943941954256021	      2.18332738039020401999	      1.32153368944901972171	     -0.00000000000000231018	      0.00000000000000095696
      1.97999999999999998224	     -0.19215133663377814699	     -0.03635866083334984844	     -0.01893389592233413535	      0.98050691082368846008	      1.04327796983822507215	     -0.35136857389088305137	      0.57734151147644363622	      0.05055352656802193645	     -0.06729394026701518428	      0.32084366940761976927	      0.32084366940761788189	     -0.02158585564098122050	     -0.00000000000000297081	      0.00000000000001938574	      0.15750240662027317762	      0.05053609202965513025	      0.03581803616850599142	      1.16329220984285264251	      1.16329220984285353069	     -0.30720148741240510537	     -0.00000000000001817794	     -0.00000000000004487346	      0.02884968073712166833	      0.03385975095669883222	     -0.10513372446525545700	     -0.81491812637514671191	     -0.31024591182404587242	     -0.26590240136522569347	      1.89172258494631440051	      1.35868707699400381728	     -0.00000000000000772292	      0.00000000000000499272	     -0.57414043691184968310	     -0.30323248189237383965	     -0.06419338193674545279	      2.17114631770306099057	      1.32145435811237410562	     -0.00000000000000232968	      0.00000000000000096495
      1.98399999999999998579	     -0.18971128339419068842	     -0.03727540903063575328	     -0.01898548150481500774	      0.97986876499698327692	      1.04014336379932847976	     -0.35119617909050643290	      0.57316396572667072107	      0.05088192295598276127	     -0.07289314963919135693	      0.33502622863692010924	      0.33502622863691827737	     -0.02564978476089398857	     -0.00000000000000299357	      0.00000000000001951876	      0.17127044025500609559	      0.04524243835535846081	      0.03155161664580208997	      1.20012019657740709455	      1.20012019657740798273	     -0.29310154390693798909	     -0.00000000000001828039	     -0.00000000000004509480	      0.02528409601170082677	      0.03458010324283058295	     -0.09995959782520215386	     -0.80599997197095518686	     -0.31332393265745511757	     -0.26454064701173513052	      1.88871032705033647936	      1.35786879429080187265	     -0.00000000000000777760	      0.00000000000000502637	     -0.57629965720117470873	     -0.30447686774434562507	     -0.06260636234094328623	      2.15835023765415323638	      1.32143036667876367929	     -0.00000000000000234927	      0.00000000000000097261
      1.98799999999999998934	     -0.18795597746050654586	     -0.03886556981424216239	     -0.01889310711027567327	      0.97913102420359054978	      1.03685635025672406861	     -0.35103822189648337115	      0.57076226653552641910	      0.05165314611900018171	     -0.07897246659207274311	      0.35222346478284005666	      0.35222346478283816928	     -0.02779868905794366865	     -0.00000000000000301168	      0.00000000000001964670	      0.18618945141026729817	      0.03906483979922039523	      0.02806311497955206805	      1.23697966541336623614	      1.23697966541336712432	     -0.27704201325274052659	     -0.00000000000001838202	     -0.00000000000004531865	      0.02229526837990409086	      0.03612388294103021508	     -0.09470011898760757885	     -0.79665029057503444765	     -0.31666738702827063046	     -0.26303028667348837821	      1.88528015313154617694	      1.35694956084205209379	     -0.00000000000000783226	      0.00000000000000505998	     -0.57800231376481181478	     -0.30558059395319581153	     -0.06095437515438156123	      2.14490410697613231861	      1.32146699064163164472	     -0.00000000000000236891	      0.00000000000000098008
      1.99199999999999999289	     -0.18689910927517963679	     -0.04121602355844840998	     -0.01871674735201219950	      0.97828073029197404331	      1.03343876543523527367	     -0.35089509526783752014	      0.57027627116413148745	      0.05302061640946523213	     -0.08533064558637799835	      0.37257455199884303987	      0.37257455199884115249	     -0.02747968733611919068	     -0.00000000000000302587	      0.00000000000001977598	      0.20230843431919820485	      0.03199105172329932967	      0.02542043731501984413	      1.27378594241564346845	      1.27378594241564435663	     -0.25933103739363960738	     -0.00000000000001848381	     -0.00000000000004554358	      0.01985885685293126840	      0.03862098760393626456	     -0.08930467376207049113	     -0.78684530813878084121	     -0.32026508886013071997	     -0.26137534886689883784	      1.88141962668790951874	      1.35590545971516251988	     -0.00000000000000788701	      0.00000000000000509373	     -0.57914628406743817735	     -0.30649574727446821099	     -0.05920020931242562373	      2.13076584831684323618	      1.32157229945838539109	     -0.00000000000000238852	      0.00000000000000098771
      1.99599999999999999645	     -0.18650995128572228632	     -0.04435723074544355854	     -0.01852767095412897677	      0.97730914619916608999	      1.02991976934235651697	     -0.35076539978436038769	      0.57172015651896668231	      0.05509560164004496247	     -0.09170454378784281824	      0.39605227777018287005	      0.39605227777018087165	     -0.02425922944330174622	     -0.00000000000000304717	      0.00000000000001990351	      0.21962572617108880313	      0.02407010459244394301	      0.02364787761256978080	      1.31041194408467931432	      1.31041194408468020249	     -0.24038668196927742704	     -0.00000000000001858438	     -0.00000000000004576959	      0.01790961506192779995	      0.04212876774289355669	     -0.08371493488026979235	     -0.77654425209381738870	     -0.32409291368047510318	     -0.25957200659095025497	      1.87709419868640470241	      1.35472397128820043477	     -0.00000000000000794171	      0.00000000000000512762	     -0.57965013575468415929	     -0.30718697094340041698	     -0.05730597067375930997	      2.11588688711815109400	      1.32175663362733342154	     -0.00000000000000240810	      0.00000000000000099568
      2.00000000000000000000	     -0.18671578391396639884	     -0.04825399486393960186	     -0.01840123586020520410	      0.97621218754947036711	      1.02633410203374042524	     -0.35064647218468097956	      0.57497459497375369430	      0.05793231110783879367	     -0.09778817174466993001	      0.42245287687852245417	      0.42245287687852051128	     -0.01785930461418675994	     -0.00000000000000307253	      0.00000000000002003944	      0.23808658446822986154	      0.01542007449995332242	      0.02273254824245243139	      1.34669164991915946139	      1.34669164991916057161	     -0.22069682661739209451	     -0.00000000000001868435	     -0.00000000000004599620	      0.01634382571624907327	      0.04662044055178000967	     -0.07786958914274197396	     -0.76568803604046353772	     -0.32811373662326143164	     -0.25760940608302901333	      1.87224837733874682755	      1.35340612502051960142	     -0.00000000000000799658	      0.00000000000000516158	     -0.57945877467264983451	     -0.30763472515656808959	     -0.05523648863905686324	      2.10021376479631838308	      1.32203172773192223488	     -0.00000000000000242794	      0.00000000000000100339
      2.00400000000000000355	     -0.18740778593529083818	     -0.05280251222732555705	     -0.01840871764497951923	      0.97499053795295076430	      1.02271980680215035520	     -0.35053512335100828201	      0.57979051953167526356	      0.06151841640016926516	     -0.10325805364554932475	      0.45140130667727684788	      0.45140130667727479397	     -0.00818128768908372300	     -0.00000000000000309655	      0.00000000000002016899	      0.25758471458653325881	      0.00622885776377677964	      0.02263243328906767299	      1.38242518791657764687	      1.38242518791657831301	     -0.20077614950765809709	     -0.00000000000001878510	     -0.00000000000004622127	      0.01502532032531575870	      0.05198160752266083734	     -0.07170990880801485223	     -0.75419967616345684469	     -0.33227882490566318374	     -0.25547113935312087962	      1.86681038154153133846	      1.35196745716766586476	     -0.00000000000000805148	      0.00000000000000519557	     -0.57854767329797363029	     -0.30783632815927614024	     -0.05296325615776655699	      2.08369131473077473515	      1.32240954377743413772	     -0.00000000000000244771	      0.00000000000000101114
      2.00800000000000000711	     -0.18844976776926028461	     -0.05783465055212323735	     -0.01860920303446180965	      0.97364948831273967489	      1.01911597754152727369	     -0.35042842927866263425	      0.58580419725435894929	      0.06577236728999900917	     -0.10780210026999645367	      0.48237075950881630471	      0.48237075950881430630	      0.00468495087394585341	     -0.00000000000000312646	      0.00000000000002029453	      0.27796806165752879769	     -0.00325294694144888678	      0.02328482336853368237	      1.41738548601204206179	      1.41738548601204294997	     -0.18112482770298585222	     -0.00000000000001888596	     -0.00000000000004644694	      0.01379505873946620075	      0.05801571497822839707	     -0.06518577099112563000	     -0.74198807110688391742	     -0.33653007881471247442	     -0.25313740220216540688	      1.86070026187793646777	      1.35043753310387115718	     -0.00000000000000810662	      0.00000000000000522951	     -0.57692546267731537046	     -0.30780508728203281876	     -0.05046829462676555994	      2.06626807633442011181	      1.32290093757455684553	     -0.00000000000000246753	      0.00000000000000101951
      2.01200000000000001066	     -0.18968924097854830690	     -0.06312969089824717328	     -0.01904256735108407483	      0.97219849118837331492	      1.01556099382843534329	     -0.35032440637341571987	      0.59256245760792858324	      0.07054817932180189322	     -0.11114885103660006316	      0.51471455227845797076	      0.51471455227845597236	      0.02046769642099231443	     -0.00000000000000316189	      0.00000000000002042093	      0.29904885564540412135	     -0.01272711675967768200	      0.02461393520104220370	      1.45132668089850813686	      1.45132668089850902504	     -0.16219256090817849025	     -0.00000000000001898719	     -0.00000000000004667311	      0.01248378024248987875	      0.06445846800552963718	     -0.05826165151328895758	     -0.72895624064541719722	     -0.34080261823184748726	     -0.25058778408249010594	      1.85384099574377425590	      1.34885794044980245054	     -0.00000000000000816164	      0.00000000000000526337	     -0.57463441515721880304	     -0.30756810438918535944	     -0.04774733619268742985	      2.04790409427572184242	      1.32351428967955708771	     -0.00000000000000248805	      0.00000000000000102792
      2.01600000000000001421	     -0.19097002106009913769	     -0.06843253718170572153	     -0.01972436163075027421	      0.97065044016778556646	      1.01209141343333075547	     -0.35022243551377674198	      0.59955572828403724817	      0.07564712915103062596	     -0.11309365235490866086	      0.54770741372875053621	      0.54770741372874853781	      0.03873540502609622294	     -0.00000000000000321428	      0.00000000000002053772	      0.32061743974646556010	     -0.02186941897216515898	      0.02653708076739574526	      1.48399465734204683010	      1.48399465734204771827	     -0.14434969760083116164	     -0.00000000000001908958	     -0.00000000000004689958	      0.01092665802742476960	      0.07099981176180665543	     -0.05092200433863828396	     -0.71501370097843164331	     -0.34502749662634896177	     -0.24780437020339915466	      1.84617121279524276645	      1.34727889131396971756	     -0.00000000000000821652	      0.00000000000000529725	     -0.57174838043165232548	     -0.30716344401543144160	     -0.04481177645161333462	      2.02858023576206569771	      1.32425424244098244309	     -0.00000000000000250871	      0.00000000000000103640
      2.02000000000000001776	     -0.19214523122816917766	     -0.07347659602656744782	     -0.02064322065896469216	      0.96902077588834367727	      1.00874136058058527787	     -0.35012336108292513304	      0.60625592531267613605	      0.08083512821573134166	     -0.11351850737247298762	      0.58059246444271583876	      0.58059246444271372933	      0.05893303470260033428	     -0.00000000000000327562	      0.00000000000002064149	      0.34245907404078951286	     -0.03035549919340502917	      0.02896904399683714396	      1.51513983886197722839	      1.51513983886197811657	     -0.12786647537618048287	     -0.00000000000001919291	     -0.00000000000004712641	      0.00897866683768258102	      0.07731130854918054351	     -0.04317537424189160644	     -0.70009140469074271351	     -0.34913451040546750193	     -0.24477470769205542100	      1.83765782732755700302	      1.34575473690297320317	     -0.00000000000000827104	      0.00000000000000533142	     -0.56836799195946918761	     -0.30663709719915427376	     -0.04168895984623619683	      2.00830764183865539962	      1.32512068150501671759	     -0.00000000000000252945	      0.00000000000000104441
      2.02400000000000002132	     -0.19308930974643198630	     -0.07800863647385171407	     -0.02176108245112426745	      0.96732660356621313902	      1.00554211907325230513	     -0.35002925680728319557	      0.61215554613103007053	      0.08586368474079408841	     -0.11240359949248214522	      0.61262927054679539030	      0.61262927054679328087	      0.08042920381193770230	     -0.00000000000000334138	      0.00000000000002072644	      0.36437184184173460055	     -0.03788793166155606656	      0.03182485719020792386	      1.54453072970271021447	      1.54453072970271110265	     -0.11290179711263581552	     -0.00000000000001929673	     -0.00000000000004735372	      0.00652912896161966880	      0.08307576282598301554	     -0.03505665403111377781	     -0.68415694870656051929	     -0.35305501815645901065	     -0.24149419297094965042	      1.82830724082586493218	      1.34433894816728027877	     -0.00000000000000832536	      0.00000000000000536547	     -0.56461349776958702495	     -0.30603979238246448169	     -0.03842081961447920552	      1.98713610495764791963	      1.32610805346503113356	     -0.00000000000000255017	      0.00000000000000105226
      2.02800000000000002487	     -0.19370772046464121430	     -0.08181214813953871512	     -0.02301620939876003816	      0.96558596704633792296	      1.00252170957324193701	     -0.34994291548868677877	      0.61680358314495464800	      0.09049159032126981306	     -0.10982981999210943147	      0.64313767282428602190	      0.64313767282428391248	      0.10256734220765340027	     -0.00000000000000339398	      0.00000000000002080167	      0.38618270027233586594	     -0.04422061866205433817	      0.03502174811712226166	      1.57196526656873825090	      1.57196526656873913907	     -0.09950334345806823022	     -0.00000000000001939989	     -0.00000000000004758148	      0.00351352338833607353	      0.08801509068974386341	     -0.02662695046171318497	     -0.66722733737995387759	     -0.35672475467873299149	     -0.23796746983236902184	      1.81817427595402181240	      1.34307932453132905515	     -0.00000000000000838006	      0.00000000000000539986	     -0.56061614009904592315	     -0.30542352292735669428	     -0.03506134230103156307	      1.96516046409719069565	      1.32720506452614950277	     -0.00000000000000257103	      0.00000000000000106039
      2.03200000000000002842	     -0.19394376373139352032	     -0.08472616934228811847	     -0.02432868836062024656	      0.96381726509721399321	      0.99970436233276160909	     -0.34986719441273850251	      0.61983442990374282289	      0.09450494892340351172	     -0.10597223080247303306	      0.67153320628887880339	      0.67153320628887669397	      0.12471402335369635717	     -0.00000000000000344545	      0.00000000000002087000	      0.40775929627147322609	     -0.04917751785139198167	      0.03848076762958636127	      1.59727815372010839567	      1.59727815372010906181	     -0.08761923877220062495	     -0.00000000000001950267	     -0.00000000000004780946	     -0.00007913351750367265	      0.09191314194981051178	     -0.01797069989114919927	     -0.64937682213389191777	     -0.36008693581407824613	     -0.23420864498959156896	      1.80736810359490762679	      1.34201403954956721698	     -0.00000000000000843450	      0.00000000000000543457	     -0.55650929394101045222	     -0.30483782159403749468	     -0.03167326731382229948	      1.94252428726735137943	      1.32839478671173250035	     -0.00000000000000259201	      0.00000000000000106833
      2.03600000000000003197	     -0.19378250910887379055	     -0.08665781929910011672	     -0.02560765550904297097	      0.96203869275829090313	      0.99710988493310903635	     -0.34980438942549008097	      0.62098742848048305021	      0.09773427904651396658	     -0.10108509785071698173	      0.69735191073867397460	      0.69735191073867186518	      0.14630068810873708696	     -0.00000000000000348476	      0.00000000000002094283	      0.42901690595596653210	     -0.05266445188414803358	      0.04212775635525817242	      1.62034503455978406983	      1.62034503455978473596	     -0.07711822363710814365	     -0.00000000000001960641	     -0.00000000000004803621	     -0.00420413142152765984	      0.09463172221121331218	     -0.00919012392200098914	     -0.63073826111013919782	     -0.36309600025353722108	     -0.23024050877758581168	      1.79605423144277831504	      1.34116876831541320669	     -0.00000000000000848938	      0.00000000000000546956	     -0.55242068706409475087	     -0.30432616386785837914	     -0.02832411784314934830	      1.91942026028942502869	      1.32965514483813951330	     -0.00000000000000261334	      0.00000000000000107699
      2.04000000000000003553	     -0.19325170225172572103	     -0.08758754708018162694	     -0.02675936227487990537	      0.96026766038287647564	      0.99475302539405896507	     -0.34975579410949025894	      0.62011580593577619869	      0.10006772199923798239	     -0.09547974629422741055	      0.72026326050286715308	      0.72026326050286515468	      0.16685658987812843068	     -0.00000000000000350598	      0.00000000000002102261	      0.44992073395856591045	     -0.05467354494748569854	      0.04589324997155929536	      1.64108507887564547545	      1.64108507887564614158	     -0.06781415646871612191	     -0.00000000000001971111	     -0.00000000000004826225	     -0.00876413936313374942	      0.09611883654191874515	     -0.00039745330333971514	     -0.61149741585079198103	     -0.36572192590529889467	     -0.22609304543236399820	      1.78445176587248677258	      1.34055497759568109650	     -0.00000000000000854432	      0.00000000000000550358	     -0.54846709487908817948	     -0.30392297901996606635	     -0.02508160107372335926	      1.89608697113631086140	      1.33095975049083214969	     -0.00000000000000263499	      0.00000000000000108608
      2.04400000000000003908	     -0.19241928008572722897	     -0.08756665746891037494	     -0.02769530814333642094	      0.95852026846685911554	      0.99264301889299133563	     -0.34972153492150981346	      0.61718509033096935479	      0.10145903828751320908	     -0.08949748745764658786	      0.74007116574239084628	      0.74007116574238873685	      0.18603136230308561783	     -0.00000000000000351963	      0.00000000000002107952	      0.47048365576824996426	     -0.05527999840464643128	      0.04971158809298115155	      1.65946191489623773307	      1.65946191489623817716	     -0.05949163730628558716	     -0.00000000000001981680	     -0.00000000000004848825	     -0.01361681974357523313	      0.09640851802667442516	      0.00829436709811887454	     -0.59188080667867903895	     -0.36795440676921359335	     -0.22180130521576024716	      1.77282599336751056640	      1.34016951895518565685	     -0.00000000000000859809	      0.00000000000000553692	     -0.54475237553469113561	     -0.30365148943299485884	     -0.02200881326448189679	      1.87280220893972981777	      1.33227903147506920867	     -0.00000000000000265631	      0.00000000000000109446
      2.04800000000000004263	     -0.19138727560444265818	     -0.08670723743758965152	     -0.02833980638299865573	      0.95681096046130031940	      0.99078352752574094797	     -0.34970067807782589941	      0.61226211999461421787	      0.10192877249214442326	     -0.08348066684958782568	      0.75670420949955718992	      0.75670420949955496948	      0.20360516047994609012	     -0.00000000000000352521	      0.00000000000002114838	      0.49075916303103273020	     -0.05463108439609215550	      0.05352001260340979311	      1.67548132760488055482	      1.67548132760488077686	     -0.05193050247814214732	     -0.00000000000001992341	     -0.00000000000004871460	     -0.01858593675358777980	      0.09561189774702949506	      0.01678151762042795134	     -0.57213894131921139152	     -0.36980568227559940109	     -0.21740257037909793691	      1.76147708977223582671	      1.33999571654239058027	     -0.00000000000000865097	      0.00000000000000557144	     -0.54136869498439388337	     -0.30352249627935024012	     -0.01916006028876317963	      1.84987322906659534816	      1.33358157620625994433	     -0.00000000000000267728	      0.00000000000000110252
      2.05200000000000004619	     -0.19028243254280530206	     -0.08516560597744410321	     -0.02863648382724670247	      0.95515238573178495862	      0.98917311941586638646	     -0.34969151325463415647	      0.60549623775159411299	      0.10155777325053282067	     -0.07774475194254470978	      0.77019700725272877140	      0.77019700725272632891	      0.21948537834624912146	     -0.00000000000000352559	      0.00000000000002123843	      0.51082972593955633389	     -0.05292806848073322579	      0.05725842064076471644	      1.68918469959182404594	      1.68918469959182426798	     -0.04492744170758255357	     -0.00000000000002003064	     -0.00000000000004894031	     -0.02347487157892391013	      0.09390010551519509252	      0.02497858742302842827	     -0.55252752559912954311	     -0.37131083318024660223	     -0.21293297905816785387	      1.75072599365399073079	      1.34000593116957400497	     -0.00000000000000870474	      0.00000000000000560653	     -0.53839984657684636371	     -0.30353442989968359988	     -0.01657791900267882937	      1.82762472490503524725	      1.33483562866165295091	     -0.00000000000000269787	      0.00000000000000111110
      2.05600000000000004974	     -0.18924465402612128395	     -0.08312193039342427592	     -0.02855330906623842688	      0.95355540880700273565	      0.98780626181955488718	     -0.34969187621733160976	      0.59709516192496059350	      0.10047418550597821130	     -0.07255397261063405157	      0.78066565787729014225	      0.78066565787728758874	      0.23369128493774710131	     -0.00000000000000351291	      0.00000000000002134621	      0.53079192787718121327	     -0.05040363131239312955	      0.06086968804486541512	      1.70063883757768397054	      1.70063883757768419258	     -0.03831358269568356512	     -0.00000000000002013722	     -0.00000000000004916634	     -0.02808123823333189689	      0.09148147098633244156	      0.03282617887609594332	     -0.53328942607867291237	     -0.37252496654339589677	     -0.20842427346308833869	      1.74089861419961833278	      1.34016519017673996217	     -0.00000000000000876040	      0.00000000000000564126	     -0.53592496380513476861	     -0.30367489832586136433	     -0.01429164397194957609	      1.80638562869509522457	      1.33601065300910359923	     -0.00000000000000271835	      0.00000000000000111955
      2.06000000000000005329	     -0.18841466559027295058	     -0.08075909829936113449	     -0.02808575919804547072	      0.95202920650775635369	      0.98667467634127969944	     -0.34969938269212769155	      0.58729837682329699700	      0.09883607551201814556	     -0.06810276296790787609	      0.78828057325086331453	      0.78828057325086076101	      0.24632945064945102609	     -0.00000000000000348840	      0.00000000000002145175	      0.55074021038383769167	     -0.04729806462575430331	      0.06430022027224578662	      1.70992357299088260092	      1.70992357299088304501	     -0.03196720041079716135	     -0.00000000000002024268	     -0.00000000000004939235	     -0.03221125371923021924	      0.08857629578730874531	      0.04029589703756016744	     -0.51463963679216273572	     -0.37351742917246577580	     -0.20390147230327926309	      1.73230956944378822193	      1.34043530518576536892	     -0.00000000000000881579	      0.00000000000000567501	     -0.53402110776776590129	     -0.30392367571288320116	     -0.01231682114398193091	      1.78647595507470957621	      1.33707887368813937989	     -0.00000000000000273959	      0.00000000000000112837
      2.06400000000000005684	     -0.18792214937452136891	     -0.07824331805143970586	     -0.02725782111103273314	      0.95058144895463070334	      0.98576883947255067309	     -0.34971151022936758368	      0.57635097488144304556	      0.09681196534493653749	     -0.06450445937453544443	      0.79323994053445290309	      0.79323994053445023855	      0.25756332720238434009	     -0.00000000000000345988	      0.00000000000002157483	      0.57075116989821172986	     -0.04383689619181762448	      0.06750041788540503407	      1.71711884197118025419	      1.71711884197118047624	     -0.02582057749446291933	     -0.00000000000002034758	     -0.00000000000004961677	     -0.03569263358336941666	      0.08539217688885729352	      0.04739224463285506700	     -0.49675468749239515276	     -0.37436388241474771732	     -0.19938186985249251038	      1.72524654076861883034	      1.34077895565130944533	     -0.00000000000000887275	      0.00000000000000570836	     -0.53276395132235931928	     -0.30425676681509511434	     -0.01065621774732576806	      1.76819454046315316376	      1.33801669890742891411	     -0.00000000000000276206	      0.00000000000000113840
      2.06800000000000006040	     -0.18787550146219222924	     -0.07570826794588264574	     -0.02612060640361450747	      0.94921857769861051057	      0.98507939002412536755	     -0.34972554932554561491	      0.56448091038348613413	      0.09456160056274463821	     -0.06178793955026514600	      0.79574698516798791914	      0.79574698516798525461	      0.26758093005284677712	     -0.00000000000000343484	      0.00000000000002170227	      0.59087039583786105101	     -0.04021202421558430634	      0.07042474152019768951	      1.72229323034758330380	      1.72229323034758352584	     -0.01985993470949099643	     -0.00000000000002045220	     -0.00000000000004984027	     -0.03838490546532747488	      0.08210254313419659833	      0.05415135570948912541	     -0.47976714476323290004	     -0.37513758688075238279	     -0.19487534609263287844	      1.71995623726454582858	      1.34116328892953218244	     -0.00000000000000893000	      0.00000000000000574256	     -0.53222658874729178446	     -0.30465091912822644948	     -0.00930181704417580579	      1.75180817712158831689	      1.33880592797982300723	     -0.00000000000000278468	      0.00000000000000114820
      2.07200000000000006395	     -0.18835417198740642131	     -0.07324409104713497376	     -0.02474850425078991417	      0.94794616718541435674	      0.98459825428125258284	     -0.34973849382491800641	      0.55188186753237111759	      0.09221920888778123437	     -0.05990226336971386789	      0.79599324539268312417	      0.79599324539268045964	      0.27656410443087692252	     -0.00000000000000340358	      0.00000000000002183262	      0.61110335100519741491	     -0.03656815490718788586	      0.07303121864988507128	      1.72549552323535704268	      1.72549552323535704268	     -0.01411838086008335505	     -0.00000000000002055723	     -0.00000000000005006346	     -0.04018636185688518464	      0.07883064948317179688	      0.06063679239669002297	     -0.46376488680340449688	     -0.37590130466781379592	     -0.19038580134628599327	      1.71663288726048413046	      1.34156267542988216768	     -0.00000000000000898728	      0.00000000000000577552	     -0.53247701297110860974	     -0.30508778985191864486	     -0.00823791152707157096	      1.73754257699462555387	      1.33943464657493294112	     -0.00000000000000280724	      0.00000000000000115902
      2.07600000000000006750	     -0.18940418987130422379	     -0.07089201762443193833	     -0.02323311612430856848	      0.94676931094601779471	      0.98431938921313921753	     -0.34974694211316953441	      0.53870261056398283106	      0.08988130981063770231	     -0.05872836824525413252	      0.79414836570042390829	      0.79414836570042135477	      0.28466245103515708248	     -0.00000000000000339823	      0.00000000000002196399	      0.63141094305138445453	     -0.03299584681216200660	      0.07528062548116602748	      1.72674978872363227289	      1.72674978872363227289	     -0.00866390346155919769	     -0.00000000000002066226	     -0.00000000000005028655	     -0.04103735433603705740	      0.07564061118312144505	      0.06693291803217692182	     -0.44879390369851057674	     -0.37670087299150328830	     -0.18591340083486415646	      1.71541010119021830604	      1.34196040158490337291	     -0.00000000000000904234	      0.00000000000000580687	     -0.53357494625571455504	     -0.30555696155176853557	     -0.00744487880578871379	      1.72557569791131970582	      1.33989775070476446750	     -0.00000000000000282927	      0.00000000000000116860
      2.08000000000000007105	     -0.19103716818210622619	     -0.06864503289169202049	     -0.02167544844502517637	      0.94569293572554780081	      0.98423909039033141699	     -0.34974706689337686782	      0.52504297138273481327	      0.08760057482011993080	     -0.05809634691489361930	      0.79035608118579159243	      0.79035608118578892789	      0.29197460130638264175	     -0.00000000000000341119	      0.00000000000002210528	      0.65170995664112252310	     -0.02953195229684989903	      0.07713567552287832474	      1.72605407483944950364	      1.72605407483944950364	     -0.00358513973776773123	     -0.00000000000002076768	     -0.00000000000005050880	     -0.04091993808760414908	      0.07253639181219007082	      0.07313645885976806371	     -0.43486329099655768315	     -0.37756106327005578560	     -0.18145725323141606578	      1.71635675655771779979	      1.34234918997012830921	     -0.00000000000000909451	      0.00000000000000583810	     -0.53556860739929079696	     -0.30605720957276821848	     -0.00690314759354104888	      1.71603384166140626732	      1.34019705158220037156	     -0.00000000000000285142	      0.00000000000000117641
      2.08400000000000007461	     -0.19323251072605010514	     -0.06645432013324710507	     -0.02017713428551219657	      0.94472194492439098834	      0.98435586032736788198	     -0.34973468720320960434	      0.51095597864234010288	      0.08538615617695069493	     -0.05780633752219978272	      0.78473565881896412133	      0.78473565881896112373	      0.29853817444670432968	     -0.00000000000000344289	      0.00000000000002223371	      0.67187808143627658630	     -0.02616709861032591455	      0.07856048708505496136	      1.72338287401461442983	      1.72338287401461420778	      0.00102325544329054819	     -0.00000000000002087281	     -0.00000000000005073224	     -0.03985443000163096244	      0.06946855314979337448	      0.07934710085105688149	     -0.42195142934856583183	     -0.37848398987860909504	     -0.17701815086934730159	      1.71947695852716231357	      1.34273056352310415917	     -0.00000000000000914668	      0.00000000000000587359	     -0.53849189974592137631	     -0.30659593140195945393	     -0.00659686304191214358	      1.70899040041336580664	      1.34034094800188441354	     -0.00000000000000287448	      0.00000000000000118579
      2.08800000000000007816	     -0.19594204016386584932	     -0.06424057036190648773	     -0.01883171629700960623	      0.94386112414820533267	      0.98466989311837826993	     -0.34970544304902656529	      0.49645509330926995695	      0.08320995876171842498	     -0.05765060447955003969	      0.77738775375205237950	      0.77738775375204949292	      0.30432846210881470128	     -0.00000000000000349260	      0.00000000000002235102	      0.69176292995512078665	     -0.02285874895887623007	      0.07952053814767071072	      1.71869359208352667778	      1.71869359208352645574	      0.00507473376725025779	     -0.00000000000002097845	     -0.00000000000005095697	     -0.03789390072207850929	      0.06634757036380664608	      0.08565817131720228350	     -0.41001266189662960437	     -0.37945009353863062840	     -0.17260103611575944305	      1.72471358732020307869	      1.34311318293068349128	     -0.00000000000000920150	      0.00000000000000591015	     -0.54236233577032422204	     -0.30718711848441804246	     -0.00651677386353417907	      1.70446669798769345761	      1.34034369262345842699	     -0.00000000000000289875	      0.00000000000000119529
      2.09200000000000008171	     -0.19909620728859170335	     -0.06190875151299853052	     -0.01771688299860870938	      0.94311481213350090158	      0.98518228167725752087	     -0.34965503875429182479	      0.48152522281354648293	      0.08101754203126360077	     -0.05743463339366237930	      0.76840327456930079819	      0.76840327456929791161	      0.30926459998404043361	     -0.00000000000000352591	      0.00000000000002247178	      0.71119411895918160926	     -0.01954776251988273039	      0.07998313467310710911	      1.71193668755363437306	      1.71193668755363415102	      0.00850363453032889315	     -0.00000000000002108474	     -0.00000000000005118185	     -0.03511752089071950439	      0.06306171859871331775	      0.09214822443515707784	     -0.39898418493804804763	     -0.38042138536662933879	     -0.16821685672919242660	      1.73195486965311151728	      1.34351041012223104687	     -0.00000000000000925814	      0.00000000000000594583	     -0.54717977386031346754	     -0.30784845707782682034	     -0.00666203257841935237	      1.70243443645272285458	      1.34022429246074059606	     -0.00000000000000292058	      0.00000000000000120393
      2.09600000000000008527	     -0.20261108809741648629	     -0.05936409814266075530	     -0.01688821003200687010	      0.94248643753338190443	      0.98589409824425144890	     -0.34957949240376884337	      0.46613570759704398005	      0.07874145695540503420	     -0.05699547449077311395	      0.75787323341861534409	      0.75787323341861234649	      0.31322111637797578343	     -0.00000000000000354456	      0.00000000000002260577	      0.72999693206497051623	     -0.01617552364369995860	      0.07991828755074950608	      1.70306791257883838320	      1.70306791257883816115	      0.01127560096090319749	     -0.00000000000002119201	     -0.00000000000005140629	     -0.03162338012677672061	      0.05949644432106544062	      0.09887400810262929329	     -0.38879314805517678488	     -0.38134617820448518666	     -0.16388336439121761745	      1.74104346744261295754	      1.34393755150542615340	     -0.00000000000000931432	      0.00000000000000598008	     -0.55292606286590628706	     -0.30859820219485301074	     -0.00704092045040650202	      1.70281949835706258867	      1.34000512880015776318	     -0.00000000000000294294	      0.00000000000000121139
      2.10000000000000008882	     -0.20639541587656634603	     -0.05652686235546862392	     -0.01637475128684936013	      0.94197805087504216104	      0.98680550866707716917	     -0.34947533597825386487	      0.45025330032318672258	      0.07631468652936876373	     -0.05621589696211026776	      0.74589741725878910827	      0.74589741725878611067	      0.31604244561956368331	     -0.00000000000000356097	      0.00000000000002274641	      0.74800585973838173981	     -0.01269866632677361593	      0.07929988375307578385	      1.69206063325429423294	      1.69206063325429378885	      0.01339458409379615592	     -0.00000000000002129915	     -0.00000000000005163010	     -0.02752133070556638667	      0.05555200257258340046	      0.10586513281380491303	     -0.37936382732680457019	     -0.38216446448609947550	     -0.15962446105215946646	      1.75178752232823464752	      1.34440928899601574997	     -0.00000000000000936748	      0.00000000000000601276	     -0.55956569718831938864	     -0.30945237569222916463	     -0.00767063936576663479	      1.70550692769500944479	      1.33971039670223168727	     -0.00000000000000296520	      0.00000000000000122114
      2.10400000000000009237	     -0.21035683513980016346	     -0.05334416818551122180	     -0.01617669608428149927	      0.94158993667070234324	      0.98791506607410639607	     -0.34933974901789843770	      0.43385321099468315831	      0.07368255050910689496	     -0.05503325820864846118	      0.73259007439759138425	      0.73259007439758827562	      0.31755807206053537906	     -0.00000000000000356791	      0.00000000000002290624	      0.76507641101134771233	     -0.00909974851349404541	      0.07810720607170529295	      1.67891659508310331361	      1.67891659508310286952	      0.01490562135698983784	     -0.00000000000002140604	     -0.00000000000005185359	     -0.02292666025850770978	      0.05115736729700046809	      0.11312069043046669992	     -0.37062410841290382990	     -0.38281335157029278138	     -0.15546814190422789115	      1.76397279941384388380	      1.34493763564633694862	     -0.00000000000000941976	      0.00000000000000604407	     -0.56704715678502137788	     -0.31042260793908088568	     -0.00857621250905534101	      1.71034677742665541800	      1.33936446575578860241	     -0.00000000000000298693	      0.00000000000000123276
      2.10800000000000009592	     -0.21440654319817697981	     -0.04979810864439838947	     -0.01626522345948405376	      0.94132033847020912809	      0.98921929791564822132	     -0.34917063428628963839	      0.41692639399915482068	      0.07081209711430827558	     -0.05344228077704480523	      0.71808121596147966859	      0.71808121596147644894	      0.31759582434046618182	     -0.00000000000000357815	      0.00000000000002305694	      0.78109373083195987597	     -0.00539348099122586352	      0.07632698861100950527	      1.66367389513414343227	      1.66367389513414321023	      0.01589285555171010555	     -0.00000000000002151317	     -0.00000000000005207725	     -0.01795560157576157195	      0.04627957947774039016	      0.12060802484912051813	     -0.36251001949477013042	     -0.38323216610972454799	     -0.15144349344843419103	      1.77737478972264195676	      1.34553058586349894021	     -0.00000000000000947603	      0.00000000000000607817	     -0.57530419934965637552	     -0.31151473897196124696	     -0.00978843713980493205	      1.71716037578545455133	      1.33899027223584132784	     -0.00000000000000300890	      0.00000000000000124242
      2.11200000000000009948	     -0.21846194941396662736	     -0.04590948383160255858	     -0.01658463290325282169	      0.94116530254446451043	      0.99071261812797883906	     -0.34896664391815429562	      0.39948217616319847689	      0.06769824129889408237	     -0.05149170955574156744	      0.70251329454340349923	      0.70251329454340016856	      0.31599141911313877173	     -0.00000000000000358858	      0.00000000000002320379	      0.79597702337913867066	     -0.00162828894778409348	      0.07395590120505868281	      1.64641107990603940969	      1.64641107990603918765	      0.01647285652130979494	     -0.00000000000002162164	     -0.00000000000005230201	     -0.01272320153362073783	      0.04092802482519447560	      0.12826382152719875696	     -0.35496757154687275104	     -0.38336693967640517178	     -0.14757721824097799757	      1.79176974262327326493	      1.34619157600407324260	     -0.00000000000000952932	      0.00000000000000611141	     -0.58425675989865621940	     -0.31272818836008614563	     -0.01134100331571081741	      1.72574660006441460425	      1.33860785462146503200	     -0.00000000000000302993	      0.00000000000000125383
      2.11600000000000010303	     -0.22244778047411845057	     -0.04173666530545930980	     -0.01705671360780424556	      0.94111864074917750411	      0.99238748965731837792	     -0.34872716729302599692	      0.38154704351857565703	      0.06436583915483320983	     -0.04927635793375594736	      0.68603498990425271220	      0.68603498990424960358	      0.31259412719871992881	     -0.00000000000000360210	      0.00000000000002336903	      0.80967957594215744788	      0.00211717232106865567	      0.07100278776015016280	      1.62724639703600137963	      1.62724639703600115759	      0.01678436944147396886	     -0.00000000000002173174	     -0.00000000000005252673	     -0.00734303725892294923	      0.03515321005520089664	      0.13599760759718251824	     -0.34795232607864162722	     -0.38317409541390412553	     -0.14389004922040835033	      1.80694391898085426895	      1.34691982818007405243	     -0.00000000000000958340	      0.00000000000000614349	     -0.59381207879863684429	     -0.31405600842514597160	     -0.01326729392432390332	      1.73588787207629668963	      1.33823314690262185067	     -0.00000000000000305042	      0.00000000000000126217
      2.12000000000000010658	     -0.22629628123092773717	     -0.03736938537245045738	     -0.01758717160166252055	      0.94117202905190600060	      0.99423473784564919686	     -0.34845229158175677897	      0.36316109903130355807	      0.06086716739763661788	     -0.04692649916198298604	      0.66879444347655414571	      0.66879444347655092606	      0.30726929019587417846	     -0.00000000000000362329	      0.00000000000002351724	      0.82218468301773861562	      0.00574272177105604204	      0.06748982221676856630	      1.60633153748991563958	      1.60633153748991541754	      0.01697605036857169347	     -0.00000000000002184199	     -0.00000000000005275149	     -0.00192779985971950501	      0.02903992511087589642	      0.14369763895149478827	     -0.34142751011470295897	     -0.38262322434787127134	     -0.14039338041167534477	      1.82270066110344508559	      1.34771158302087346037	     -0.00000000000000963575	      0.00000000000000617442	     -0.60386703825646836918	     -0.31548541569618820946	     -0.01559747013516314673	      1.74735567698094063083	      1.33787714065337604019	     -0.00000000000000306934	      0.00000000000000126994
      2.12400000000000011013	     -0.22994694786427732902	     -0.03291826444692457637	     -0.01807345170814421420	      0.94131528225028504586	      0.99624393442848124813	     -0.34814274875238376827	      0.34437343062916642156	      0.05727527265694666581	     -0.04459598166201255570	      0.65093323327413721291	      0.65093323327413388224	      0.29989881753351255167	     -0.00000000000000364958	      0.00000000000002365123	      0.83349842591175393736	      0.00913948547257723010	      0.06345208671853334870	      1.58384038247050518144	      1.58384038247050495940	      0.01719350656954498138	     -0.00000000000002195310	     -0.00000000000005297663	      0.00341026255144932485	      0.02269580272388132744	      0.15123864972526934736	     -0.33536137346896977007	     -0.38169881964582419442	     -0.13708649593621355378	      1.83886529541157495160	      1.34856203605194657769	     -0.00000000000000968567	      0.00000000000000620515	     -0.61431199420441873205	     -0.31699849800204832340	     -0.01835613537790362071	      1.75991566220334916260	      1.33754548705156195432	     -0.00000000000000308728	      0.00000000000000127800
      2.12800000000000011369	     -0.23334608093831624154	     -0.02850182054724257827	     -0.01841285285844943345	      0.94153686035706207758	      0.99840379063741113708	     -0.34779986867242612680	      0.32523730173173504010	      0.05367451565668255459	     -0.04244993711585304252	      0.63258137421644100584	      0.63258137421643778620	      0.29038082286892497041	     -0.00000000000000368539	      0.00000000000002377727	      0.84364082748953439506	      0.01220459201589611277	      0.05893543070262494132	      1.55995437457125629699	      1.55995437457125607494	      0.01756669222464792013	     -0.00000000000002206275	     -0.00000000000005320193	      0.00855998761662222878	      0.01623730479780021232	      0.15849045380695742091	     -0.32972443710785648285	     -0.38040081757867144630	     -0.13395484315076422455	      1.85528823260224906555	      1.34946761586257224508	     -0.00000000000000973584	      0.00000000000000623585	     -0.62503558443418372192	     -0.31857279997738324751	     -0.02156058945879611721	      1.77333262183726181327	      1.33723857108466770427	     -0.00000000000000310510	      0.00000000000000128579
      2.13200000000000011724	     -0.23644630129876084701	     -0.02423291388383412917	     -0.01850996600668220610	      0.94182462500068642175	      1.00070252068504905729	     -0.34742556235396504505	      0.30580589923612067071	      0.05014990520431066023	     -0.04065280390311202391	      0.61385358892663843822	      0.61385358892663521857	      0.27862926129729376212	     -0.00000000000000372310	      0.00000000000002388696	      0.85263679500578293258	      0.01485540387211013204	      0.05399283098579742146	      1.53484636399191143319	      1.53484636399191098910	      0.01819863976620264556	     -0.00000000000002217145	     -0.00000000000005342743	      0.01341350765013238182	      0.00977540098809582571	      0.16532644895509748806	     -0.32448713608318019430	     -0.37874399702673650081	     -0.13096970120238651814	      1.87184663291441788502	      1.35042821754627651032	     -0.00000000000000978629	      0.00000000000000626653	     -0.63592982934925124106	     -0.32018152400630922605	     -0.02521959657092517904	      1.78737549604813761306	      1.33695205821665386026	     -0.00000000000000312263	      0.00000000000000129384
      2.13600000000000012079	     -0.23920600119769205860	     -0.02020666841082843779	     -0.01828282164899452597	      0.94216675000690397468	      1.00312815932259935536	     -0.34702236907334060856	      0.28612917027616957544	      0.04677696147934674864	     -0.03935748481509258878	      0.59484742632441667265	      0.59484742632441345300	      0.26457394550703239311	     -0.00000000000000376221	      0.00000000000002400114	      0.86050784271609581655	      0.01704119574888218053	      0.04868008686924141237	      1.50866486912605890502	      1.50866486912605868298	      0.01915641513483051436	     -0.00000000000002227972	     -0.00000000000005365232	      0.01786960414047691903	      0.00340335646851595060	      0.17163135040427557332	     -0.31961808921327011790	     -0.37675668276888246710	     -0.12808938188495799793	      1.88844478891700795486	      1.35144901842253539748	     -0.00000000000000983674	      0.00000000000000629730	     -0.64689480086538353465	     -0.32179316783062206220	     -0.02933254755326927810	      1.80182208561497381183	      1.33667783772999704262	     -0.00000000000000313984	      0.00000000000000130169
      2.14000000000000012434	     -0.24158884874546940336	     -0.01649169487159705960	     -0.01766736614111952264	      0.94255260642968952123	      1.00566880590493923364	     -0.34659359879400258864	      0.26625213398066638337	      0.04361368427912837992	     -0.03869647037743119411	      0.57564386780737020199	      0.57564386780736698235	      0.24816169676750396422	     -0.00000000000000380038	      0.00000000000002411795	      0.86726540616431990749	      0.01875058053708097972	      0.04305182421214767685	      1.48152068472123232823	      1.48152068472123188414	      0.02046512528773542644	     -0.00000000000002238605	     -0.00000000000005387558	      0.02183747779685388940	     -0.00281123500074210693	      0.17730763890446052389	     -0.31508318812441526990	     -0.37447928917883988031	     -0.12526195927653449580	      1.90501321322947725356	      1.35254154302148266176	     -0.00000000000000988646	      0.00000000000000632807	     -0.65784213604702634903	     -0.32337061506450709425	     -0.03388891640485123397	      1.81646308182197357972	      1.33640525861468284496	     -0.00000000000000315710	      0.00000000000000130994
      2.14400000000000012790	     -0.24356402153232731278	     -0.01312545593989107411	     -0.01662017807503670536	      0.94297346109073998388	      1.00831271424535273695	     -0.34614356105190435819	      0.24621525756953502317	      0.04069551053696306847	     -0.03877560540125898902	      0.55631084642910866300	      0.55631084642910555438	      0.22935982415917705035	     -0.00000000000000384030	      0.00000000000002422935	      0.87290684556373243641	      0.02001405537324198181	      0.03715802274523397758	      1.45347760289090466301	      1.45347760289090421892	      0.02210577812653230501	     -0.00000000000002249153	     -0.00000000000005409896	      0.02524091503647743831	     -0.00882937091513416941	      0.18228046122483629321	     -0.31084585799522523875	     -0.37196296695496172680	     -0.12242930861821978150	      1.92150639915014309622	      1.35372378861588948951	     -0.00000000000000993676	      0.00000000000000635885	     -0.66869729875128280927	     -0.32486995153925796176	     -0.03886799010690323436	      1.83110535662222839726	      1.33612254989577805553	     -0.00000000000000317444	      0.00000000000000131808
      2.14800000000000013145	     -0.24510817813869095749	     -0.01011370459947999977	     -0.01511957795257792836	      0.94342290215687807375	      1.01104811789986293036	     -0.34567783324525119815	      0.22605772466689588729	      0.03803350797629256874	     -0.03967102604036221863	      0.53690983709692874370	      0.53690983709692552406	      0.20816338398781086827	     -0.00000000000000388790	      0.00000000000002431850	      0.87741551478701595990	      0.02090200566237807381	      0.03104057850057422019	      1.42454880888179546972	      1.42454880888179502563	      0.02401769944731184034	     -0.00000000000002259729	     -0.00000000000005432267	      0.02802355834433440523	     -0.01463894128415496945	      0.18650096829388237984	     -0.30686890015370993368	     -0.36926835878006436520	     -0.11953202743306302891	      1.93789930579487634787	      1.35501935693997443977	     -0.00000000000000998713	      0.00000000000000638974	     -0.67940120242172330478	     -0.32623940847562366008	     -0.04423890673709370697	      1.84557478031983546174	      1.33581830640568055557	     -0.00000000000000319164	      0.00000000000000132612
      2.15200000000000013500	     -0.24620944690165436075	     -0.00743373953652146785	     -0.01316523493892474313	      0.94389696056157124104	      1.01386276895143079280	     -0.34520352179626528910	      0.20582358939590711389	      0.03561575200345128839	     -0.04142935312553159416	      0.51750486824253294493	      0.51750486824252961426	      0.18460606779121210841	     -0.00000000000000394473	      0.00000000000002439393	      0.88076546476850636758	      0.02151870699719657387	      0.02472995110246450565	      1.39469990986110392583	      1.39469990986110348175	      0.02610557967447866418	     -0.00000000000002270317	     -0.00000000000005454734	      0.03015533762296998196	     -0.02024908397443919011	      0.18994803575213964342	     -0.30311791232308393784	     -0.36646440842313304787	     -0.11651475254016629979	      1.95418283108393175951	      1.35645562381136297603	     -0.00000000000001003743	      0.00000000000000642048	     -0.68991147289190180025	     -0.32741883234311636164	     -0.04996100333481363898	      1.85971874507085832562	      1.33548291633439464299	     -0.00000000000000320871	      0.00000000000000133401
      2.15600000000000013856	     -0.24692560526157636414	     -0.00500987310381380713	     -0.01082795706293131731	      0.94439081092901189241	      1.01673455183236360888	     -0.34472843047229495550	      0.18556574881419007905	      0.03338835093989158537	     -0.04395962328465422009	      0.49815456386942524869	      0.49815487430378024847	      0.15904619618914819790	     -0.00000000000000397442	      0.00000000000002443202	      0.88308010426459027098	      0.02199897679879339596	      0.01826455389551735059	      1.36399175043753384529	      1.36399164301860320592	      0.02825390086023741795	     -0.00000000000002275598	     -0.00000000000005465989	      0.03171721971600696688	     -0.02570143682010003067	      0.19272202080335959495	     -0.29954225180939220152	     -0.36362558391283955617	     -0.11335506838551429043	      1.97036813478035610636	      1.35803907677254653841	     -0.00000000000001006269	      0.00000000000000643589	     -0.70023046945439892941	     -0.32837833840692898235	     -0.05595138255391939736	      1.87347411394718599276	      1.33511650815304094841	     -0.00000000000000321727	      0.00000000000000133783
